<?xml version="1.0" encoding="UTF-8"?>
<kml xmlns="http://www.opengis.net/kml/2.2">
  <Document>
    <name>London Eruv</name>
    <description/>
    <Style id="icon-1500-01579B-labelson">
      <IconStyle>
        <color>ff9b5701</color>
        <scale>1</scale>
        <Icon>
          <href>https://www.gstatic.com/mapspro/images/stock/503-wht-blank_maps.png</href>
        </Icon>
      </IconStyle>
    </Style>
    <Style id="icon-1500-0288D1-labelson">
      <IconStyle>
        <color>ffd18802</color>
        <scale>1</scale>
        <Icon>
          <href>https://www.gstatic.com/mapspro/images/stock/503-wht-blank_maps.png</href>
        </Icon>
      </IconStyle>
    </Style>
    <Style id="icon-1500-0F9D58-labelson">
      <IconStyle>
        <color>ff589d0f</color>
        <scale>1</scale>
        <Icon>
          <href>https://www.gstatic.com/mapspro/images/stock/503-wht-blank_maps.png</href>
        </Icon>
      </IconStyle>
    </Style>
    <Style id="icon-1500-673AB7-labelson">
      <IconStyle>
        <color>ffb73a67</color>
        <scale>1</scale>
        <Icon>
          <href>https://www.gstatic.com/mapspro/images/stock/503-wht-blank_maps.png</href>
        </Icon>
      </IconStyle>
    </Style>
    <Style id="icon-1500-9C27B0-labelson-nodesc">
      <IconStyle>
        <color>ffb0279c</color>
        <scale>1</scale>
        <Icon>
          <href>https://www.gstatic.com/mapspro/images/stock/503-wht-blank_maps.png</href>
        </Icon>
      </IconStyle>
      <BalloonStyle>
        <text><![CDATA[<h3>$[name]</h3>]]></text>
      </BalloonStyle>
    </Style>
    <Style id="icon-1500-A52714-labelson">
      <IconStyle>
        <color>ff1427a5</color>
        <scale>1</scale>
        <Icon>
          <href>https://www.gstatic.com/mapspro/images/stock/503-wht-blank_maps.png</href>
        </Icon>
      </IconStyle>
    </Style>
    <Style id="icon-1500-C2185B-labelson">
      <IconStyle>
        <color>ff5b18c2</color>
        <scale>1</scale>
        <Icon>
          <href>https://www.gstatic.com/mapspro/images/stock/503-wht-blank_maps.png</href>
        </Icon>
      </IconStyle>
    </Style>
    <Style id="icon-1500-C2185B-labelson-nodesc">
      <IconStyle>
        <color>ff5b18c2</color>
        <scale>1</scale>
        <Icon>
          <href>https://www.gstatic.com/mapspro/images/stock/503-wht-blank_maps.png</href>
        </Icon>
      </IconStyle>
      <BalloonStyle>
        <text><![CDATA[<h3>$[name]</h3>]]></text>
      </BalloonStyle>
    </Style>
    <Style id="icon-1500-F57C00-labelson">
      <IconStyle>
        <color>ff007cf5</color>
        <scale>1</scale>
        <Icon>
          <href>https://www.gstatic.com/mapspro/images/stock/503-wht-blank_maps.png</href>
        </Icon>
      </IconStyle>
    </Style>
    <Style id="icon-1500-FF5252-labelson">
      <IconStyle>
        <color>ff5252ff</color>
        <scale>1</scale>
        <Icon>
          <href>https://www.gstatic.com/mapspro/images/stock/503-wht-blank_maps.png</href>
        </Icon>
      </IconStyle>
    </Style>
    <Style id="icon-1675-0288D1-nodesc-normal">
      <IconStyle>
        <color>ffd18802</color>
        <scale>1</scale>
        <Icon>
          <href>https://www.gstatic.com/mapspro/images/stock/503-wht-blank_maps.png</href>
        </Icon>
      </IconStyle>
      <LabelStyle>
        <scale>0</scale>
      </LabelStyle>
      <BalloonStyle>
        <text><![CDATA[<h3>$[name]</h3>]]></text>
      </BalloonStyle>
    </Style>
    <Style id="icon-1675-0288D1-nodesc-highlight">
      <IconStyle>
        <color>ffd18802</color>
        <scale>1</scale>
        <Icon>
          <href>https://www.gstatic.com/mapspro/images/stock/503-wht-blank_maps.png</href>
        </Icon>
      </IconStyle>
      <LabelStyle>
        <scale>1</scale>
      </LabelStyle>
      <BalloonStyle>
        <text><![CDATA[<h3>$[name]</h3>]]></text>
      </BalloonStyle>
    </Style>
    <StyleMap id="icon-1675-0288D1-nodesc">
      <Pair>
        <key>normal</key>
        <styleUrl>#icon-1675-0288D1-nodesc-normal</styleUrl>
      </Pair>
      <Pair>
        <key>highlight</key>
        <styleUrl>#icon-1675-0288D1-nodesc-highlight</styleUrl>
      </Pair>
    </StyleMap>
    <Style id="line-3F5BA9-4000-nodesc-normal">
      <LineStyle>
        <color>ffa95b3f</color>
        <width>4</width>
      </LineStyle>
      <BalloonStyle>
        <text><![CDATA[<h3>$[name]</h3>]]></text>
      </BalloonStyle>
    </Style>
    <Style id="line-3F5BA9-4000-nodesc-highlight">
      <LineStyle>
        <color>ffa95b3f</color>
        <width>6</width>
      </LineStyle>
      <BalloonStyle>
        <text><![CDATA[<h3>$[name]</h3>]]></text>
      </BalloonStyle>
    </Style>
    <StyleMap id="line-3F5BA9-4000-nodesc">
      <Pair>
        <key>normal</key>
        <styleUrl>#line-3F5BA9-4000-nodesc-normal</styleUrl>
      </Pair>
      <Pair>
        <key>highlight</key>
        <styleUrl>#line-3F5BA9-4000-nodesc-highlight</styleUrl>
      </Pair>
    </StyleMap>
    <Style id="line-3F5BA9-6000-nodesc-normal">
      <LineStyle>
        <color>ffa95b3f</color>
        <width>6</width>
      </LineStyle>
      <BalloonStyle>
        <text><![CDATA[<h3>$[name]</h3>]]></text>
      </BalloonStyle>
    </Style>
    <Style id="line-3F5BA9-6000-nodesc-highlight">
      <LineStyle>
        <color>ffa95b3f</color>
        <width>9</width>
      </LineStyle>
      <BalloonStyle>
        <text><![CDATA[<h3>$[name]</h3>]]></text>
      </BalloonStyle>
    </Style>
    <StyleMap id="line-3F5BA9-6000-nodesc">
      <Pair>
        <key>normal</key>
        <styleUrl>#line-3F5BA9-6000-nodesc-normal</styleUrl>
      </Pair>
      <Pair>
        <key>highlight</key>
        <styleUrl>#line-3F5BA9-6000-nodesc-highlight</styleUrl>
      </Pair>
    </StyleMap>
    <Style id="line-4186F0-4000-nodesc-normal">
      <LineStyle>
        <color>fff08641</color>
        <width>4</width>
      </LineStyle>
      <BalloonStyle>
        <text><![CDATA[<h3>$[name]</h3>]]></text>
      </BalloonStyle>
    </Style>
    <Style id="line-4186F0-4000-nodesc-highlight">
      <LineStyle>
        <color>fff08641</color>
        <width>6</width>
      </LineStyle>
      <BalloonStyle>
        <text><![CDATA[<h3>$[name]</h3>]]></text>
      </BalloonStyle>
    </Style>
    <StyleMap id="line-4186F0-4000-nodesc">
      <Pair>
        <key>normal</key>
        <styleUrl>#line-4186F0-4000-nodesc-normal</styleUrl>
      </Pair>
      <Pair>
        <key>highlight</key>
        <styleUrl>#line-4186F0-4000-nodesc-highlight</styleUrl>
      </Pair>
    </StyleMap>
    <Style id="line-558B2F-2854-nodesc-normal">
      <LineStyle>
        <color>ff2f8b55</color>
        <width>2.854</width>
      </LineStyle>
      <BalloonStyle>
        <text><![CDATA[<h3>$[name]</h3>]]></text>
      </BalloonStyle>
    </Style>
    <Style id="line-558B2F-2854-nodesc-highlight">
      <LineStyle>
        <color>ff2f8b55</color>
        <width>4.281</width>
      </LineStyle>
      <BalloonStyle>
        <text><![CDATA[<h3>$[name]</h3>]]></text>
      </BalloonStyle>
    </Style>
    <StyleMap id="line-558B2F-2854-nodesc">
      <Pair>
        <key>normal</key>
        <styleUrl>#line-558B2F-2854-nodesc-normal</styleUrl>
      </Pair>
      <Pair>
        <key>highlight</key>
        <styleUrl>#line-558B2F-2854-nodesc-highlight</styleUrl>
      </Pair>
    </StyleMap>
    <Style id="line-558B2F-3040-nodesc-normal">
      <LineStyle>
        <color>ff2f8b55</color>
        <width>3.04</width>
      </LineStyle>
      <BalloonStyle>
        <text><![CDATA[<h3>$[name]</h3>]]></text>
      </BalloonStyle>
    </Style>
    <Style id="line-558B2F-3040-nodesc-highlight">
      <LineStyle>
        <color>ff2f8b55</color>
        <width>4.56</width>
      </LineStyle>
      <BalloonStyle>
        <text><![CDATA[<h3>$[name]</h3>]]></text>
      </BalloonStyle>
    </Style>
    <StyleMap id="line-558B2F-3040-nodesc">
      <Pair>
        <key>normal</key>
        <styleUrl>#line-558B2F-3040-nodesc-normal</styleUrl>
      </Pair>
      <Pair>
        <key>highlight</key>
        <styleUrl>#line-558B2F-3040-nodesc-highlight</styleUrl>
      </Pair>
    </StyleMap>
    <Style id="line-558B2F-3224-nodesc-normal">
      <LineStyle>
        <color>ff2f8b55</color>
        <width>3.224</width>
      </LineStyle>
      <BalloonStyle>
        <text><![CDATA[<h3>$[name]</h3>]]></text>
      </BalloonStyle>
    </Style>
    <Style id="line-558B2F-3224-nodesc-highlight">
      <LineStyle>
        <color>ff2f8b55</color>
        <width>4.836</width>
      </LineStyle>
      <BalloonStyle>
        <text><![CDATA[<h3>$[name]</h3>]]></text>
      </BalloonStyle>
    </Style>
    <StyleMap id="line-558B2F-3224-nodesc">
      <Pair>
        <key>normal</key>
        <styleUrl>#line-558B2F-3224-nodesc-normal</styleUrl>
      </Pair>
      <Pair>
        <key>highlight</key>
        <styleUrl>#line-558B2F-3224-nodesc-highlight</styleUrl>
      </Pair>
    </StyleMap>
    <Style id="line-558B2F-3406-nodesc-normal">
      <LineStyle>
        <color>ff2f8b55</color>
        <width>3.406</width>
      </LineStyle>
      <BalloonStyle>
        <text><![CDATA[<h3>$[name]</h3>]]></text>
      </BalloonStyle>
    </Style>
    <Style id="line-558B2F-3406-nodesc-highlight">
      <LineStyle>
        <color>ff2f8b55</color>
        <width>5.109</width>
      </LineStyle>
      <BalloonStyle>
        <text><![CDATA[<h3>$[name]</h3>]]></text>
      </BalloonStyle>
    </Style>
    <StyleMap id="line-558B2F-3406-nodesc">
      <Pair>
        <key>normal</key>
        <styleUrl>#line-558B2F-3406-nodesc-normal</styleUrl>
      </Pair>
      <Pair>
        <key>highlight</key>
        <styleUrl>#line-558B2F-3406-nodesc-highlight</styleUrl>
      </Pair>
    </StyleMap>
    <Style id="line-558B2F-3408-nodesc-normal">
      <LineStyle>
        <color>ff2f8b55</color>
        <width>3.408</width>
      </LineStyle>
      <BalloonStyle>
        <text><![CDATA[<h3>$[name]</h3>]]></text>
      </BalloonStyle>
    </Style>
    <Style id="line-558B2F-3408-nodesc-highlight">
      <LineStyle>
        <color>ff2f8b55</color>
        <width>5.112</width>
      </LineStyle>
      <BalloonStyle>
        <text><![CDATA[<h3>$[name]</h3>]]></text>
      </BalloonStyle>
    </Style>
    <StyleMap id="line-558B2F-3408-nodesc">
      <Pair>
        <key>normal</key>
        <styleUrl>#line-558B2F-3408-nodesc-normal</styleUrl>
      </Pair>
      <Pair>
        <key>highlight</key>
        <styleUrl>#line-558B2F-3408-nodesc-highlight</styleUrl>
      </Pair>
    </StyleMap>
    <Style id="line-558B2F-3592-nodesc-normal">
      <LineStyle>
        <color>ff2f8b55</color>
        <width>3.592</width>
      </LineStyle>
      <BalloonStyle>
        <text><![CDATA[<h3>$[name]</h3>]]></text>
      </BalloonStyle>
    </Style>
    <Style id="line-558B2F-3592-nodesc-highlight">
      <LineStyle>
        <color>ff2f8b55</color>
        <width>5.388</width>
      </LineStyle>
      <BalloonStyle>
        <text><![CDATA[<h3>$[name]</h3>]]></text>
      </BalloonStyle>
    </Style>
    <StyleMap id="line-558B2F-3592-nodesc">
      <Pair>
        <key>normal</key>
        <styleUrl>#line-558B2F-3592-nodesc-normal</styleUrl>
      </Pair>
      <Pair>
        <key>highlight</key>
        <styleUrl>#line-558B2F-3592-nodesc-highlight</styleUrl>
      </Pair>
    </StyleMap>
    <Style id="line-558B2F-3639-nodesc-normal">
      <LineStyle>
        <color>ff2f8b55</color>
        <width>3.639</width>
      </LineStyle>
      <BalloonStyle>
        <text><![CDATA[<h3>$[name]</h3>]]></text>
      </BalloonStyle>
    </Style>
    <Style id="line-558B2F-3639-nodesc-highlight">
      <LineStyle>
        <color>ff2f8b55</color>
        <width>5.4585</width>
      </LineStyle>
      <BalloonStyle>
        <text><![CDATA[<h3>$[name]</h3>]]></text>
      </BalloonStyle>
    </Style>
    <StyleMap id="line-558B2F-3639-nodesc">
      <Pair>
        <key>normal</key>
        <styleUrl>#line-558B2F-3639-nodesc-normal</styleUrl>
      </Pair>
      <Pair>
        <key>highlight</key>
        <styleUrl>#line-558B2F-3639-nodesc-highlight</styleUrl>
      </Pair>
    </StyleMap>
    <Style id="line-558B2F-3776-nodesc-normal">
      <LineStyle>
        <color>ff2f8b55</color>
        <width>3.776</width>
      </LineStyle>
      <BalloonStyle>
        <text><![CDATA[<h3>$[name]</h3>]]></text>
      </BalloonStyle>
    </Style>
    <Style id="line-558B2F-3776-nodesc-highlight">
      <LineStyle>
        <color>ff2f8b55</color>
        <width>5.664</width>
      </LineStyle>
      <BalloonStyle>
        <text><![CDATA[<h3>$[name]</h3>]]></text>
      </BalloonStyle>
    </Style>
    <StyleMap id="line-558B2F-3776-nodesc">
      <Pair>
        <key>normal</key>
        <styleUrl>#line-558B2F-3776-nodesc-normal</styleUrl>
      </Pair>
      <Pair>
        <key>highlight</key>
        <styleUrl>#line-558B2F-3776-nodesc-highlight</styleUrl>
      </Pair>
    </StyleMap>
    <Style id="line-558B2F-3960-nodesc-normal">
      <LineStyle>
        <color>ff2f8b55</color>
        <width>3.96</width>
      </LineStyle>
      <BalloonStyle>
        <text><![CDATA[<h3>$[name]</h3>]]></text>
      </BalloonStyle>
    </Style>
    <Style id="line-558B2F-3960-nodesc-highlight">
      <LineStyle>
        <color>ff2f8b55</color>
        <width>5.94</width>
      </LineStyle>
      <BalloonStyle>
        <text><![CDATA[<h3>$[name]</h3>]]></text>
      </BalloonStyle>
    </Style>
    <StyleMap id="line-558B2F-3960-nodesc">
      <Pair>
        <key>normal</key>
        <styleUrl>#line-558B2F-3960-nodesc-normal</styleUrl>
      </Pair>
      <Pair>
        <key>highlight</key>
        <styleUrl>#line-558B2F-3960-nodesc-highlight</styleUrl>
      </Pair>
    </StyleMap>
    <Style id="line-558B2F-3961-nodesc-normal">
      <LineStyle>
        <color>ff2f8b55</color>
        <width>3.961</width>
      </LineStyle>
      <BalloonStyle>
        <text><![CDATA[<h3>$[name]</h3>]]></text>
      </BalloonStyle>
    </Style>
    <Style id="line-558B2F-3961-nodesc-highlight">
      <LineStyle>
        <color>ff2f8b55</color>
        <width>5.9415</width>
      </LineStyle>
      <BalloonStyle>
        <text><![CDATA[<h3>$[name]</h3>]]></text>
      </BalloonStyle>
    </Style>
    <StyleMap id="line-558B2F-3961-nodesc">
      <Pair>
        <key>normal</key>
        <styleUrl>#line-558B2F-3961-nodesc-normal</styleUrl>
      </Pair>
      <Pair>
        <key>highlight</key>
        <styleUrl>#line-558B2F-3961-nodesc-highlight</styleUrl>
      </Pair>
    </StyleMap>
    <Style id="line-558B2F-4146-nodesc-normal">
      <LineStyle>
        <color>ff2f8b55</color>
        <width>4.146</width>
      </LineStyle>
      <BalloonStyle>
        <text><![CDATA[<h3>$[name]</h3>]]></text>
      </BalloonStyle>
    </Style>
    <Style id="line-558B2F-4146-nodesc-highlight">
      <LineStyle>
        <color>ff2f8b55</color>
        <width>6.219</width>
      </LineStyle>
      <BalloonStyle>
        <text><![CDATA[<h3>$[name]</h3>]]></text>
      </BalloonStyle>
    </Style>
    <StyleMap id="line-558B2F-4146-nodesc">
      <Pair>
        <key>normal</key>
        <styleUrl>#line-558B2F-4146-nodesc-normal</styleUrl>
      </Pair>
      <Pair>
        <key>highlight</key>
        <styleUrl>#line-558B2F-4146-nodesc-highlight</styleUrl>
      </Pair>
    </StyleMap>
    <Style id="line-558B2F-4331-nodesc-normal">
      <LineStyle>
        <color>ff2f8b55</color>
        <width>4.331</width>
      </LineStyle>
      <BalloonStyle>
        <text><![CDATA[<h3>$[name]</h3>]]></text>
      </BalloonStyle>
    </Style>
    <Style id="line-558B2F-4331-nodesc-highlight">
      <LineStyle>
        <color>ff2f8b55</color>
        <width>6.4965</width>
      </LineStyle>
      <BalloonStyle>
        <text><![CDATA[<h3>$[name]</h3>]]></text>
      </BalloonStyle>
    </Style>
    <StyleMap id="line-558B2F-4331-nodesc">
      <Pair>
        <key>normal</key>
        <styleUrl>#line-558B2F-4331-nodesc-normal</styleUrl>
      </Pair>
      <Pair>
        <key>highlight</key>
        <styleUrl>#line-558B2F-4331-nodesc-highlight</styleUrl>
      </Pair>
    </StyleMap>
    <Style id="line-558B2F-4701-nodesc-normal">
      <LineStyle>
        <color>ff2f8b55</color>
        <width>4.701</width>
      </LineStyle>
      <BalloonStyle>
        <text><![CDATA[<h3>$[name]</h3>]]></text>
      </BalloonStyle>
    </Style>
    <Style id="line-558B2F-4701-nodesc-highlight">
      <LineStyle>
        <color>ff2f8b55</color>
        <width>7.0515</width>
      </LineStyle>
      <BalloonStyle>
        <text><![CDATA[<h3>$[name]</h3>]]></text>
      </BalloonStyle>
    </Style>
    <StyleMap id="line-558B2F-4701-nodesc">
      <Pair>
        <key>normal</key>
        <styleUrl>#line-558B2F-4701-nodesc-normal</styleUrl>
      </Pair>
      <Pair>
        <key>highlight</key>
        <styleUrl>#line-558B2F-4701-nodesc-highlight</styleUrl>
      </Pair>
    </StyleMap>
    <Style id="line-62AF44-4000-nodesc-normal">
      <LineStyle>
        <color>ff44af62</color>
        <width>4</width>
      </LineStyle>
      <BalloonStyle>
        <text><![CDATA[<h3>$[name]</h3>]]></text>
      </BalloonStyle>
    </Style>
    <Style id="line-62AF44-4000-nodesc-highlight">
      <LineStyle>
        <color>ff44af62</color>
        <width>6</width>
      </LineStyle>
      <BalloonStyle>
        <text><![CDATA[<h3>$[name]</h3>]]></text>
      </BalloonStyle>
    </Style>
    <StyleMap id="line-62AF44-4000-nodesc">
      <Pair>
        <key>normal</key>
        <styleUrl>#line-62AF44-4000-nodesc-normal</styleUrl>
      </Pair>
      <Pair>
        <key>highlight</key>
        <styleUrl>#line-62AF44-4000-nodesc-highlight</styleUrl>
      </Pair>
    </StyleMap>
    <Style id="line-673AB7-2000-nodesc-normal">
      <LineStyle>
        <color>ffb73a67</color>
        <width>2</width>
      </LineStyle>
      <BalloonStyle>
        <text><![CDATA[<h3>$[name]</h3>]]></text>
      </BalloonStyle>
    </Style>
    <Style id="line-673AB7-2000-nodesc-highlight">
      <LineStyle>
        <color>ffb73a67</color>
        <width>3</width>
      </LineStyle>
      <BalloonStyle>
        <text><![CDATA[<h3>$[name]</h3>]]></text>
      </BalloonStyle>
    </Style>
    <StyleMap id="line-673AB7-2000-nodesc">
      <Pair>
        <key>normal</key>
        <styleUrl>#line-673AB7-2000-nodesc-normal</styleUrl>
      </Pair>
      <Pair>
        <key>highlight</key>
        <styleUrl>#line-673AB7-2000-nodesc-highlight</styleUrl>
      </Pair>
    </StyleMap>
    <Style id="line-673AB7-3000-nodesc-normal">
      <LineStyle>
        <color>ffb73a67</color>
        <width>3</width>
      </LineStyle>
      <BalloonStyle>
        <text><![CDATA[<h3>$[name]</h3>]]></text>
      </BalloonStyle>
    </Style>
    <Style id="line-673AB7-3000-nodesc-highlight">
      <LineStyle>
        <color>ffb73a67</color>
        <width>4.5</width>
      </LineStyle>
      <BalloonStyle>
        <text><![CDATA[<h3>$[name]</h3>]]></text>
      </BalloonStyle>
    </Style>
    <StyleMap id="line-673AB7-3000-nodesc">
      <Pair>
        <key>normal</key>
        <styleUrl>#line-673AB7-3000-nodesc-normal</styleUrl>
      </Pair>
      <Pair>
        <key>highlight</key>
        <styleUrl>#line-673AB7-3000-nodesc-highlight</styleUrl>
      </Pair>
    </StyleMap>
    <Style id="line-673AB7-4000-nodesc-normal">
      <LineStyle>
        <color>ffb73a67</color>
        <width>4</width>
      </LineStyle>
      <BalloonStyle>
        <text><![CDATA[<h3>$[name]</h3>]]></text>
      </BalloonStyle>
    </Style>
    <Style id="line-673AB7-4000-nodesc-highlight">
      <LineStyle>
        <color>ffb73a67</color>
        <width>6</width>
      </LineStyle>
      <BalloonStyle>
        <text><![CDATA[<h3>$[name]</h3>]]></text>
      </BalloonStyle>
    </Style>
    <StyleMap id="line-673AB7-4000-nodesc">
      <Pair>
        <key>normal</key>
        <styleUrl>#line-673AB7-4000-nodesc-normal</styleUrl>
      </Pair>
      <Pair>
        <key>highlight</key>
        <styleUrl>#line-673AB7-4000-nodesc-highlight</styleUrl>
      </Pair>
    </StyleMap>
    <Style id="line-673AB7-5000-nodesc-normal">
      <LineStyle>
        <color>ffb73a67</color>
        <width>5</width>
      </LineStyle>
      <BalloonStyle>
        <text><![CDATA[<h3>$[name]</h3>]]></text>
      </BalloonStyle>
    </Style>
    <Style id="line-673AB7-5000-nodesc-highlight">
      <LineStyle>
        <color>ffb73a67</color>
        <width>7.5</width>
      </LineStyle>
      <BalloonStyle>
        <text><![CDATA[<h3>$[name]</h3>]]></text>
      </BalloonStyle>
    </Style>
    <StyleMap id="line-673AB7-5000-nodesc">
      <Pair>
        <key>normal</key>
        <styleUrl>#line-673AB7-5000-nodesc-normal</styleUrl>
      </Pair>
      <Pair>
        <key>highlight</key>
        <styleUrl>#line-673AB7-5000-nodesc-highlight</styleUrl>
      </Pair>
    </StyleMap>
    <Style id="line-880E4F-2356-nodesc-normal">
      <LineStyle>
        <color>ff4f0e88</color>
        <width>2.356</width>
      </LineStyle>
      <BalloonStyle>
        <text><![CDATA[<h3>$[name]</h3>]]></text>
      </BalloonStyle>
    </Style>
    <Style id="line-880E4F-2356-nodesc-highlight">
      <LineStyle>
        <color>ff4f0e88</color>
        <width>3.534</width>
      </LineStyle>
      <BalloonStyle>
        <text><![CDATA[<h3>$[name]</h3>]]></text>
      </BalloonStyle>
    </Style>
    <StyleMap id="line-880E4F-2356-nodesc">
      <Pair>
        <key>normal</key>
        <styleUrl>#line-880E4F-2356-nodesc-normal</styleUrl>
      </Pair>
      <Pair>
        <key>highlight</key>
        <styleUrl>#line-880E4F-2356-nodesc-highlight</styleUrl>
      </Pair>
    </StyleMap>
    <Style id="line-880E4F-2744-nodesc-normal">
      <LineStyle>
        <color>ff4f0e88</color>
        <width>2.744</width>
      </LineStyle>
      <BalloonStyle>
        <text><![CDATA[<h3>$[name]</h3>]]></text>
      </BalloonStyle>
    </Style>
    <Style id="line-880E4F-2744-nodesc-highlight">
      <LineStyle>
        <color>ff4f0e88</color>
        <width>4.116</width>
      </LineStyle>
      <BalloonStyle>
        <text><![CDATA[<h3>$[name]</h3>]]></text>
      </BalloonStyle>
    </Style>
    <StyleMap id="line-880E4F-2744-nodesc">
      <Pair>
        <key>normal</key>
        <styleUrl>#line-880E4F-2744-nodesc-normal</styleUrl>
      </Pair>
      <Pair>
        <key>highlight</key>
        <styleUrl>#line-880E4F-2744-nodesc-highlight</styleUrl>
      </Pair>
    </StyleMap>
    <Style id="line-880E4F-3131-nodesc-normal">
      <LineStyle>
        <color>ff4f0e88</color>
        <width>3.131</width>
      </LineStyle>
      <BalloonStyle>
        <text><![CDATA[<h3>$[name]</h3>]]></text>
      </BalloonStyle>
    </Style>
    <Style id="line-880E4F-3131-nodesc-highlight">
      <LineStyle>
        <color>ff4f0e88</color>
        <width>4.6965</width>
      </LineStyle>
      <BalloonStyle>
        <text><![CDATA[<h3>$[name]</h3>]]></text>
      </BalloonStyle>
    </Style>
    <StyleMap id="line-880E4F-3131-nodesc">
      <Pair>
        <key>normal</key>
        <styleUrl>#line-880E4F-3131-nodesc-normal</styleUrl>
      </Pair>
      <Pair>
        <key>highlight</key>
        <styleUrl>#line-880E4F-3131-nodesc-highlight</styleUrl>
      </Pair>
    </StyleMap>
    <Style id="line-880E4F-3325-nodesc-normal">
      <LineStyle>
        <color>ff4f0e88</color>
        <width>3.325</width>
      </LineStyle>
      <BalloonStyle>
        <text><![CDATA[<h3>$[name]</h3>]]></text>
      </BalloonStyle>
    </Style>
    <Style id="line-880E4F-3325-nodesc-highlight">
      <LineStyle>
        <color>ff4f0e88</color>
        <width>4.9875</width>
      </LineStyle>
      <BalloonStyle>
        <text><![CDATA[<h3>$[name]</h3>]]></text>
      </BalloonStyle>
    </Style>
    <StyleMap id="line-880E4F-3325-nodesc">
      <Pair>
        <key>normal</key>
        <styleUrl>#line-880E4F-3325-nodesc-normal</styleUrl>
      </Pair>
      <Pair>
        <key>highlight</key>
        <styleUrl>#line-880E4F-3325-nodesc-highlight</styleUrl>
      </Pair>
    </StyleMap>
    <Style id="line-880E4F-3519-nodesc-normal">
      <LineStyle>
        <color>ff4f0e88</color>
        <width>3.519</width>
      </LineStyle>
      <BalloonStyle>
        <text><![CDATA[<h3>$[name]</h3>]]></text>
      </BalloonStyle>
    </Style>
    <Style id="line-880E4F-3519-nodesc-highlight">
      <LineStyle>
        <color>ff4f0e88</color>
        <width>5.2785</width>
      </LineStyle>
      <BalloonStyle>
        <text><![CDATA[<h3>$[name]</h3>]]></text>
      </BalloonStyle>
    </Style>
    <StyleMap id="line-880E4F-3519-nodesc">
      <Pair>
        <key>normal</key>
        <styleUrl>#line-880E4F-3519-nodesc-normal</styleUrl>
      </Pair>
      <Pair>
        <key>highlight</key>
        <styleUrl>#line-880E4F-3519-nodesc-highlight</styleUrl>
      </Pair>
    </StyleMap>
    <Style id="line-880E4F-3635-nodesc-normal">
      <LineStyle>
        <color>ff4f0e88</color>
        <width>3.635</width>
      </LineStyle>
      <BalloonStyle>
        <text><![CDATA[<h3>$[name]</h3>]]></text>
      </BalloonStyle>
    </Style>
    <Style id="line-880E4F-3635-nodesc-highlight">
      <LineStyle>
        <color>ff4f0e88</color>
        <width>5.4525</width>
      </LineStyle>
      <BalloonStyle>
        <text><![CDATA[<h3>$[name]</h3>]]></text>
      </BalloonStyle>
    </Style>
    <StyleMap id="line-880E4F-3635-nodesc">
      <Pair>
        <key>normal</key>
        <styleUrl>#line-880E4F-3635-nodesc-normal</styleUrl>
      </Pair>
      <Pair>
        <key>highlight</key>
        <styleUrl>#line-880E4F-3635-nodesc-highlight</styleUrl>
      </Pair>
    </StyleMap>
    <Style id="line-880E4F-3674-nodesc-normal">
      <LineStyle>
        <color>ff4f0e88</color>
        <width>3.674</width>
      </LineStyle>
      <BalloonStyle>
        <text><![CDATA[<h3>$[name]</h3>]]></text>
      </BalloonStyle>
    </Style>
    <Style id="line-880E4F-3674-nodesc-highlight">
      <LineStyle>
        <color>ff4f0e88</color>
        <width>5.511</width>
      </LineStyle>
      <BalloonStyle>
        <text><![CDATA[<h3>$[name]</h3>]]></text>
      </BalloonStyle>
    </Style>
    <StyleMap id="line-880E4F-3674-nodesc">
      <Pair>
        <key>normal</key>
        <styleUrl>#line-880E4F-3674-nodesc-normal</styleUrl>
      </Pair>
      <Pair>
        <key>highlight</key>
        <styleUrl>#line-880E4F-3674-nodesc-highlight</styleUrl>
      </Pair>
    </StyleMap>
    <Style id="line-880E4F-3713-nodesc-normal">
      <LineStyle>
        <color>ff4f0e88</color>
        <width>3.713</width>
      </LineStyle>
      <BalloonStyle>
        <text><![CDATA[<h3>$[name]</h3>]]></text>
      </BalloonStyle>
    </Style>
    <Style id="line-880E4F-3713-nodesc-highlight">
      <LineStyle>
        <color>ff4f0e88</color>
        <width>5.5695</width>
      </LineStyle>
      <BalloonStyle>
        <text><![CDATA[<h3>$[name]</h3>]]></text>
      </BalloonStyle>
    </Style>
    <StyleMap id="line-880E4F-3713-nodesc">
      <Pair>
        <key>normal</key>
        <styleUrl>#line-880E4F-3713-nodesc-normal</styleUrl>
      </Pair>
      <Pair>
        <key>highlight</key>
        <styleUrl>#line-880E4F-3713-nodesc-highlight</styleUrl>
      </Pair>
    </StyleMap>
    <Style id="line-880E4F-3906-nodesc-normal">
      <LineStyle>
        <color>ff4f0e88</color>
        <width>3.906</width>
      </LineStyle>
      <BalloonStyle>
        <text><![CDATA[<h3>$[name]</h3>]]></text>
      </BalloonStyle>
    </Style>
    <Style id="line-880E4F-3906-nodesc-highlight">
      <LineStyle>
        <color>ff4f0e88</color>
        <width>5.859</width>
      </LineStyle>
      <BalloonStyle>
        <text><![CDATA[<h3>$[name]</h3>]]></text>
      </BalloonStyle>
    </Style>
    <StyleMap id="line-880E4F-3906-nodesc">
      <Pair>
        <key>normal</key>
        <styleUrl>#line-880E4F-3906-nodesc-normal</styleUrl>
      </Pair>
      <Pair>
        <key>highlight</key>
        <styleUrl>#line-880E4F-3906-nodesc-highlight</styleUrl>
      </Pair>
    </StyleMap>
    <Style id="line-880E4F-4294-nodesc-normal">
      <LineStyle>
        <color>ff4f0e88</color>
        <width>4.294</width>
      </LineStyle>
      <BalloonStyle>
        <text><![CDATA[<h3>$[name]</h3>]]></text>
      </BalloonStyle>
    </Style>
    <Style id="line-880E4F-4294-nodesc-highlight">
      <LineStyle>
        <color>ff4f0e88</color>
        <width>6.441</width>
      </LineStyle>
      <BalloonStyle>
        <text><![CDATA[<h3>$[name]</h3>]]></text>
      </BalloonStyle>
    </Style>
    <StyleMap id="line-880E4F-4294-nodesc">
      <Pair>
        <key>normal</key>
        <styleUrl>#line-880E4F-4294-nodesc-normal</styleUrl>
      </Pair>
      <Pair>
        <key>highlight</key>
        <styleUrl>#line-880E4F-4294-nodesc-highlight</styleUrl>
      </Pair>
    </StyleMap>
    <Style id="line-880E4F-5069-nodesc-normal">
      <LineStyle>
        <color>ff4f0e88</color>
        <width>5.069</width>
      </LineStyle>
      <BalloonStyle>
        <text><![CDATA[<h3>$[name]</h3>]]></text>
      </BalloonStyle>
    </Style>
    <Style id="line-880E4F-5069-nodesc-highlight">
      <LineStyle>
        <color>ff4f0e88</color>
        <width>7.6035</width>
      </LineStyle>
      <BalloonStyle>
        <text><![CDATA[<h3>$[name]</h3>]]></text>
      </BalloonStyle>
    </Style>
    <StyleMap id="line-880E4F-5069-nodesc">
      <Pair>
        <key>normal</key>
        <styleUrl>#line-880E4F-5069-nodesc-normal</styleUrl>
      </Pair>
      <Pair>
        <key>highlight</key>
        <styleUrl>#line-880E4F-5069-nodesc-highlight</styleUrl>
      </Pair>
    </StyleMap>
    <Style id="line-9C27B0-3131-nodesc-normal">
      <LineStyle>
        <color>ffb0279c</color>
        <width>3.131</width>
      </LineStyle>
      <BalloonStyle>
        <text><![CDATA[<h3>$[name]</h3>]]></text>
      </BalloonStyle>
    </Style>
    <Style id="line-9C27B0-3131-nodesc-highlight">
      <LineStyle>
        <color>ffb0279c</color>
        <width>4.6965</width>
      </LineStyle>
      <BalloonStyle>
        <text><![CDATA[<h3>$[name]</h3>]]></text>
      </BalloonStyle>
    </Style>
    <StyleMap id="line-9C27B0-3131-nodesc">
      <Pair>
        <key>normal</key>
        <styleUrl>#line-9C27B0-3131-nodesc-normal</styleUrl>
      </Pair>
      <Pair>
        <key>highlight</key>
        <styleUrl>#line-9C27B0-3131-nodesc-highlight</styleUrl>
      </Pair>
    </StyleMap>
    <Style id="line-9C27B0-3325-nodesc-normal">
      <LineStyle>
        <color>ffb0279c</color>
        <width>3.325</width>
      </LineStyle>
      <BalloonStyle>
        <text><![CDATA[<h3>$[name]</h3>]]></text>
      </BalloonStyle>
    </Style>
    <Style id="line-9C27B0-3325-nodesc-highlight">
      <LineStyle>
        <color>ffb0279c</color>
        <width>4.9875</width>
      </LineStyle>
      <BalloonStyle>
        <text><![CDATA[<h3>$[name]</h3>]]></text>
      </BalloonStyle>
    </Style>
    <StyleMap id="line-9C27B0-3325-nodesc">
      <Pair>
        <key>normal</key>
        <styleUrl>#line-9C27B0-3325-nodesc-normal</styleUrl>
      </Pair>
      <Pair>
        <key>highlight</key>
        <styleUrl>#line-9C27B0-3325-nodesc-highlight</styleUrl>
      </Pair>
    </StyleMap>
    <Style id="line-9C27B0-3519-nodesc-normal">
      <LineStyle>
        <color>ffb0279c</color>
        <width>3.519</width>
      </LineStyle>
      <BalloonStyle>
        <text><![CDATA[<h3>$[name]</h3>]]></text>
      </BalloonStyle>
    </Style>
    <Style id="line-9C27B0-3519-nodesc-highlight">
      <LineStyle>
        <color>ffb0279c</color>
        <width>5.2785</width>
      </LineStyle>
      <BalloonStyle>
        <text><![CDATA[<h3>$[name]</h3>]]></text>
      </BalloonStyle>
    </Style>
    <StyleMap id="line-9C27B0-3519-nodesc">
      <Pair>
        <key>normal</key>
        <styleUrl>#line-9C27B0-3519-nodesc-normal</styleUrl>
      </Pair>
      <Pair>
        <key>highlight</key>
        <styleUrl>#line-9C27B0-3519-nodesc-highlight</styleUrl>
      </Pair>
    </StyleMap>
    <Style id="line-9C27B0-3713-nodesc-normal">
      <LineStyle>
        <color>ffb0279c</color>
        <width>3.713</width>
      </LineStyle>
      <BalloonStyle>
        <text><![CDATA[<h3>$[name]</h3>]]></text>
      </BalloonStyle>
    </Style>
    <Style id="line-9C27B0-3713-nodesc-highlight">
      <LineStyle>
        <color>ffb0279c</color>
        <width>5.5695</width>
      </LineStyle>
      <BalloonStyle>
        <text><![CDATA[<h3>$[name]</h3>]]></text>
      </BalloonStyle>
    </Style>
    <StyleMap id="line-9C27B0-3713-nodesc">
      <Pair>
        <key>normal</key>
        <styleUrl>#line-9C27B0-3713-nodesc-normal</styleUrl>
      </Pair>
      <Pair>
        <key>highlight</key>
        <styleUrl>#line-9C27B0-3713-nodesc-highlight</styleUrl>
      </Pair>
    </StyleMap>
    <Style id="line-9C27B0-3906-nodesc-normal">
      <LineStyle>
        <color>ffb0279c</color>
        <width>3.906</width>
      </LineStyle>
      <BalloonStyle>
        <text><![CDATA[<h3>$[name]</h3>]]></text>
      </BalloonStyle>
    </Style>
    <Style id="line-9C27B0-3906-nodesc-highlight">
      <LineStyle>
        <color>ffb0279c</color>
        <width>5.859</width>
      </LineStyle>
      <BalloonStyle>
        <text><![CDATA[<h3>$[name]</h3>]]></text>
      </BalloonStyle>
    </Style>
    <StyleMap id="line-9C27B0-3906-nodesc">
      <Pair>
        <key>normal</key>
        <styleUrl>#line-9C27B0-3906-nodesc-normal</styleUrl>
      </Pair>
      <Pair>
        <key>highlight</key>
        <styleUrl>#line-9C27B0-3906-nodesc-highlight</styleUrl>
      </Pair>
    </StyleMap>
    <Style id="line-9C27B0-4100-nodesc-normal">
      <LineStyle>
        <color>ffb0279c</color>
        <width>4.1</width>
      </LineStyle>
      <BalloonStyle>
        <text><![CDATA[<h3>$[name]</h3>]]></text>
      </BalloonStyle>
    </Style>
    <Style id="line-9C27B0-4100-nodesc-highlight">
      <LineStyle>
        <color>ffb0279c</color>
        <width>6.15</width>
      </LineStyle>
      <BalloonStyle>
        <text><![CDATA[<h3>$[name]</h3>]]></text>
      </BalloonStyle>
    </Style>
    <StyleMap id="line-9C27B0-4100-nodesc">
      <Pair>
        <key>normal</key>
        <styleUrl>#line-9C27B0-4100-nodesc-normal</styleUrl>
      </Pair>
      <Pair>
        <key>highlight</key>
        <styleUrl>#line-9C27B0-4100-nodesc-highlight</styleUrl>
      </Pair>
    </StyleMap>
    <Style id="line-DB4436-4000-nodesc-normal">
      <LineStyle>
        <color>ff3644db</color>
        <width>4</width>
      </LineStyle>
      <BalloonStyle>
        <text><![CDATA[<h3>$[name]</h3>]]></text>
      </BalloonStyle>
    </Style>
    <Style id="line-DB4436-4000-nodesc-highlight">
      <LineStyle>
        <color>ff3644db</color>
        <width>6</width>
      </LineStyle>
      <BalloonStyle>
        <text><![CDATA[<h3>$[name]</h3>]]></text>
      </BalloonStyle>
    </Style>
    <StyleMap id="line-DB4436-4000-nodesc">
      <Pair>
        <key>normal</key>
        <styleUrl>#line-DB4436-4000-nodesc-normal</styleUrl>
      </Pair>
      <Pair>
        <key>highlight</key>
        <styleUrl>#line-DB4436-4000-nodesc-highlight</styleUrl>
      </Pair>
    </StyleMap>
    <Style id="line-F8971B-4000-nodesc-normal">
      <LineStyle>
        <color>ff1b97f8</color>
        <width>4</width>
      </LineStyle>
      <BalloonStyle>
        <text><![CDATA[<h3>$[name]</h3>]]></text>
      </BalloonStyle>
    </Style>
    <Style id="line-F8971B-4000-nodesc-highlight">
      <LineStyle>
        <color>ff1b97f8</color>
        <width>6</width>
      </LineStyle>
      <BalloonStyle>
        <text><![CDATA[<h3>$[name]</h3>]]></text>
      </BalloonStyle>
    </Style>
    <StyleMap id="line-F8971B-4000-nodesc">
      <Pair>
        <key>normal</key>
        <styleUrl>#line-F8971B-4000-nodesc-normal</styleUrl>
      </Pair>
      <Pair>
        <key>highlight</key>
        <styleUrl>#line-F8971B-4000-nodesc-highlight</styleUrl>
      </Pair>
    </StyleMap>
    <Style id="line-FF5252-2356-nodesc-normal">
      <LineStyle>
        <color>ff5252ff</color>
        <width>2.356</width>
      </LineStyle>
      <BalloonStyle>
        <text><![CDATA[<h3>$[name]</h3>]]></text>
      </BalloonStyle>
    </Style>
    <Style id="line-FF5252-2356-nodesc-highlight">
      <LineStyle>
        <color>ff5252ff</color>
        <width>3.534</width>
      </LineStyle>
      <BalloonStyle>
        <text><![CDATA[<h3>$[name]</h3>]]></text>
      </BalloonStyle>
    </Style>
    <StyleMap id="line-FF5252-2356-nodesc">
      <Pair>
        <key>normal</key>
        <styleUrl>#line-FF5252-2356-nodesc-normal</styleUrl>
      </Pair>
      <Pair>
        <key>highlight</key>
        <styleUrl>#line-FF5252-2356-nodesc-highlight</styleUrl>
      </Pair>
    </StyleMap>
    <Style id="line-FF5252-2744-nodesc-normal">
      <LineStyle>
        <color>ff5252ff</color>
        <width>2.744</width>
      </LineStyle>
      <BalloonStyle>
        <text><![CDATA[<h3>$[name]</h3>]]></text>
      </BalloonStyle>
    </Style>
    <Style id="line-FF5252-2744-nodesc-highlight">
      <LineStyle>
        <color>ff5252ff</color>
        <width>4.116</width>
      </LineStyle>
      <BalloonStyle>
        <text><![CDATA[<h3>$[name]</h3>]]></text>
      </BalloonStyle>
    </Style>
    <StyleMap id="line-FF5252-2744-nodesc">
      <Pair>
        <key>normal</key>
        <styleUrl>#line-FF5252-2744-nodesc-normal</styleUrl>
      </Pair>
      <Pair>
        <key>highlight</key>
        <styleUrl>#line-FF5252-2744-nodesc-highlight</styleUrl>
      </Pair>
    </StyleMap>
    <Style id="line-FF5252-2854-nodesc-normal">
      <LineStyle>
        <color>ff5252ff</color>
        <width>2.854</width>
      </LineStyle>
      <BalloonStyle>
        <text><![CDATA[<h3>$[name]</h3>]]></text>
      </BalloonStyle>
    </Style>
    <Style id="line-FF5252-2854-nodesc-highlight">
      <LineStyle>
        <color>ff5252ff</color>
        <width>4.281</width>
      </LineStyle>
      <BalloonStyle>
        <text><![CDATA[<h3>$[name]</h3>]]></text>
      </BalloonStyle>
    </Style>
    <StyleMap id="line-FF5252-2854-nodesc">
      <Pair>
        <key>normal</key>
        <styleUrl>#line-FF5252-2854-nodesc-normal</styleUrl>
      </Pair>
      <Pair>
        <key>highlight</key>
        <styleUrl>#line-FF5252-2854-nodesc-highlight</styleUrl>
      </Pair>
    </StyleMap>
    <Style id="line-FF5252-2938-nodesc-normal">
      <LineStyle>
        <color>ff5252ff</color>
        <width>2.938</width>
      </LineStyle>
      <BalloonStyle>
        <text><![CDATA[<h3>$[name]</h3>]]></text>
      </BalloonStyle>
    </Style>
    <Style id="line-FF5252-2938-nodesc-highlight">
      <LineStyle>
        <color>ff5252ff</color>
        <width>4.407</width>
      </LineStyle>
      <BalloonStyle>
        <text><![CDATA[<h3>$[name]</h3>]]></text>
      </BalloonStyle>
    </Style>
    <StyleMap id="line-FF5252-2938-nodesc">
      <Pair>
        <key>normal</key>
        <styleUrl>#line-FF5252-2938-nodesc-normal</styleUrl>
      </Pair>
      <Pair>
        <key>highlight</key>
        <styleUrl>#line-FF5252-2938-nodesc-highlight</styleUrl>
      </Pair>
    </StyleMap>
    <Style id="line-FF5252-3131-nodesc-normal">
      <LineStyle>
        <color>ff5252ff</color>
        <width>3.131</width>
      </LineStyle>
      <BalloonStyle>
        <text><![CDATA[<h3>$[name]</h3>]]></text>
      </BalloonStyle>
    </Style>
    <Style id="line-FF5252-3131-nodesc-highlight">
      <LineStyle>
        <color>ff5252ff</color>
        <width>4.6965</width>
      </LineStyle>
      <BalloonStyle>
        <text><![CDATA[<h3>$[name]</h3>]]></text>
      </BalloonStyle>
    </Style>
    <StyleMap id="line-FF5252-3131-nodesc">
      <Pair>
        <key>normal</key>
        <styleUrl>#line-FF5252-3131-nodesc-normal</styleUrl>
      </Pair>
      <Pair>
        <key>highlight</key>
        <styleUrl>#line-FF5252-3131-nodesc-highlight</styleUrl>
      </Pair>
    </StyleMap>
    <Style id="line-FF5252-3222-nodesc-normal">
      <LineStyle>
        <color>ff5252ff</color>
        <width>3.222</width>
      </LineStyle>
      <BalloonStyle>
        <text><![CDATA[<h3>$[name]</h3>]]></text>
      </BalloonStyle>
    </Style>
    <Style id="line-FF5252-3222-nodesc-highlight">
      <LineStyle>
        <color>ff5252ff</color>
        <width>4.833</width>
      </LineStyle>
      <BalloonStyle>
        <text><![CDATA[<h3>$[name]</h3>]]></text>
      </BalloonStyle>
    </Style>
    <StyleMap id="line-FF5252-3222-nodesc">
      <Pair>
        <key>normal</key>
        <styleUrl>#line-FF5252-3222-nodesc-normal</styleUrl>
      </Pair>
      <Pair>
        <key>highlight</key>
        <styleUrl>#line-FF5252-3222-nodesc-highlight</styleUrl>
      </Pair>
    </StyleMap>
    <Style id="line-FF5252-3296-nodesc-normal">
      <LineStyle>
        <color>ff5252ff</color>
        <width>3.296</width>
      </LineStyle>
      <BalloonStyle>
        <text><![CDATA[<h3>$[name]</h3>]]></text>
      </BalloonStyle>
    </Style>
    <Style id="line-FF5252-3296-nodesc-highlight">
      <LineStyle>
        <color>ff5252ff</color>
        <width>4.944</width>
      </LineStyle>
      <BalloonStyle>
        <text><![CDATA[<h3>$[name]</h3>]]></text>
      </BalloonStyle>
    </Style>
    <StyleMap id="line-FF5252-3296-nodesc">
      <Pair>
        <key>normal</key>
        <styleUrl>#line-FF5252-3296-nodesc-normal</styleUrl>
      </Pair>
      <Pair>
        <key>highlight</key>
        <styleUrl>#line-FF5252-3296-nodesc-highlight</styleUrl>
      </Pair>
    </StyleMap>
    <Style id="line-FF5252-3325-nodesc-normal">
      <LineStyle>
        <color>ff5252ff</color>
        <width>3.325</width>
      </LineStyle>
      <BalloonStyle>
        <text><![CDATA[<h3>$[name]</h3>]]></text>
      </BalloonStyle>
    </Style>
    <Style id="line-FF5252-3325-nodesc-highlight">
      <LineStyle>
        <color>ff5252ff</color>
        <width>4.9875</width>
      </LineStyle>
      <BalloonStyle>
        <text><![CDATA[<h3>$[name]</h3>]]></text>
      </BalloonStyle>
    </Style>
    <StyleMap id="line-FF5252-3325-nodesc">
      <Pair>
        <key>normal</key>
        <styleUrl>#line-FF5252-3325-nodesc-normal</styleUrl>
      </Pair>
      <Pair>
        <key>highlight</key>
        <styleUrl>#line-FF5252-3325-nodesc-highlight</styleUrl>
      </Pair>
    </StyleMap>
    <Style id="line-FF5252-3490-nodesc-normal">
      <LineStyle>
        <color>ff5252ff</color>
        <width>3.49</width>
      </LineStyle>
      <BalloonStyle>
        <text><![CDATA[<h3>$[name]</h3>]]></text>
      </BalloonStyle>
    </Style>
    <Style id="line-FF5252-3490-nodesc-highlight">
      <LineStyle>
        <color>ff5252ff</color>
        <width>5.235</width>
      </LineStyle>
      <BalloonStyle>
        <text><![CDATA[<h3>$[name]</h3>]]></text>
      </BalloonStyle>
    </Style>
    <StyleMap id="line-FF5252-3490-nodesc">
      <Pair>
        <key>normal</key>
        <styleUrl>#line-FF5252-3490-nodesc-normal</styleUrl>
      </Pair>
      <Pair>
        <key>highlight</key>
        <styleUrl>#line-FF5252-3490-nodesc-highlight</styleUrl>
      </Pair>
    </StyleMap>
    <Style id="line-FF5252-3519-nodesc-normal">
      <LineStyle>
        <color>ff5252ff</color>
        <width>3.519</width>
      </LineStyle>
      <BalloonStyle>
        <text><![CDATA[<h3>$[name]</h3>]]></text>
      </BalloonStyle>
    </Style>
    <Style id="line-FF5252-3519-nodesc-highlight">
      <LineStyle>
        <color>ff5252ff</color>
        <width>5.2785</width>
      </LineStyle>
      <BalloonStyle>
        <text><![CDATA[<h3>$[name]</h3>]]></text>
      </BalloonStyle>
    </Style>
    <StyleMap id="line-FF5252-3519-nodesc">
      <Pair>
        <key>normal</key>
        <styleUrl>#line-FF5252-3519-nodesc-normal</styleUrl>
      </Pair>
      <Pair>
        <key>highlight</key>
        <styleUrl>#line-FF5252-3519-nodesc-highlight</styleUrl>
      </Pair>
    </StyleMap>
    <Style id="line-FF5252-3592-nodesc-normal">
      <LineStyle>
        <color>ff5252ff</color>
        <width>3.592</width>
      </LineStyle>
      <BalloonStyle>
        <text><![CDATA[<h3>$[name]</h3>]]></text>
      </BalloonStyle>
    </Style>
    <Style id="line-FF5252-3592-nodesc-highlight">
      <LineStyle>
        <color>ff5252ff</color>
        <width>5.388</width>
      </LineStyle>
      <BalloonStyle>
        <text><![CDATA[<h3>$[name]</h3>]]></text>
      </BalloonStyle>
    </Style>
    <StyleMap id="line-FF5252-3592-nodesc">
      <Pair>
        <key>normal</key>
        <styleUrl>#line-FF5252-3592-nodesc-normal</styleUrl>
      </Pair>
      <Pair>
        <key>highlight</key>
        <styleUrl>#line-FF5252-3592-nodesc-highlight</styleUrl>
      </Pair>
    </StyleMap>
    <Style id="line-FF5252-3713-nodesc-normal">
      <LineStyle>
        <color>ff5252ff</color>
        <width>3.713</width>
      </LineStyle>
      <BalloonStyle>
        <text><![CDATA[<h3>$[name]</h3>]]></text>
      </BalloonStyle>
    </Style>
    <Style id="line-FF5252-3713-nodesc-highlight">
      <LineStyle>
        <color>ff5252ff</color>
        <width>5.5695</width>
      </LineStyle>
      <BalloonStyle>
        <text><![CDATA[<h3>$[name]</h3>]]></text>
      </BalloonStyle>
    </Style>
    <StyleMap id="line-FF5252-3713-nodesc">
      <Pair>
        <key>normal</key>
        <styleUrl>#line-FF5252-3713-nodesc-normal</styleUrl>
      </Pair>
      <Pair>
        <key>highlight</key>
        <styleUrl>#line-FF5252-3713-nodesc-highlight</styleUrl>
      </Pair>
    </StyleMap>
    <Style id="line-FF5252-3776-nodesc-normal">
      <LineStyle>
        <color>ff5252ff</color>
        <width>3.776</width>
      </LineStyle>
      <BalloonStyle>
        <text><![CDATA[<h3>$[name]</h3>]]></text>
      </BalloonStyle>
    </Style>
    <Style id="line-FF5252-3776-nodesc-highlight">
      <LineStyle>
        <color>ff5252ff</color>
        <width>5.664</width>
      </LineStyle>
      <BalloonStyle>
        <text><![CDATA[<h3>$[name]</h3>]]></text>
      </BalloonStyle>
    </Style>
    <StyleMap id="line-FF5252-3776-nodesc">
      <Pair>
        <key>normal</key>
        <styleUrl>#line-FF5252-3776-nodesc-normal</styleUrl>
      </Pair>
      <Pair>
        <key>highlight</key>
        <styleUrl>#line-FF5252-3776-nodesc-highlight</styleUrl>
      </Pair>
    </StyleMap>
    <Style id="line-FF5252-3906-nodesc-normal">
      <LineStyle>
        <color>ff5252ff</color>
        <width>3.906</width>
      </LineStyle>
      <BalloonStyle>
        <text><![CDATA[<h3>$[name]</h3>]]></text>
      </BalloonStyle>
    </Style>
    <Style id="line-FF5252-3906-nodesc-highlight">
      <LineStyle>
        <color>ff5252ff</color>
        <width>5.859</width>
      </LineStyle>
      <BalloonStyle>
        <text><![CDATA[<h3>$[name]</h3>]]></text>
      </BalloonStyle>
    </Style>
    <StyleMap id="line-FF5252-3906-nodesc">
      <Pair>
        <key>normal</key>
        <styleUrl>#line-FF5252-3906-nodesc-normal</styleUrl>
      </Pair>
      <Pair>
        <key>highlight</key>
        <styleUrl>#line-FF5252-3906-nodesc-highlight</styleUrl>
      </Pair>
    </StyleMap>
    <Style id="line-FF5252-3960-nodesc-normal">
      <LineStyle>
        <color>ff5252ff</color>
        <width>3.96</width>
      </LineStyle>
      <BalloonStyle>
        <text><![CDATA[<h3>$[name]</h3>]]></text>
      </BalloonStyle>
    </Style>
    <Style id="line-FF5252-3960-nodesc-highlight">
      <LineStyle>
        <color>ff5252ff</color>
        <width>5.94</width>
      </LineStyle>
      <BalloonStyle>
        <text><![CDATA[<h3>$[name]</h3>]]></text>
      </BalloonStyle>
    </Style>
    <StyleMap id="line-FF5252-3960-nodesc">
      <Pair>
        <key>normal</key>
        <styleUrl>#line-FF5252-3960-nodesc-normal</styleUrl>
      </Pair>
      <Pair>
        <key>highlight</key>
        <styleUrl>#line-FF5252-3960-nodesc-highlight</styleUrl>
      </Pair>
    </StyleMap>
    <Style id="line-FF5252-3962-nodesc-normal">
      <LineStyle>
        <color>ff5252ff</color>
        <width>3.962</width>
      </LineStyle>
      <BalloonStyle>
        <text><![CDATA[<h3>$[name]</h3>]]></text>
      </BalloonStyle>
    </Style>
    <Style id="line-FF5252-3962-nodesc-highlight">
      <LineStyle>
        <color>ff5252ff</color>
        <width>5.943</width>
      </LineStyle>
      <BalloonStyle>
        <text><![CDATA[<h3>$[name]</h3>]]></text>
      </BalloonStyle>
    </Style>
    <StyleMap id="line-FF5252-3962-nodesc">
      <Pair>
        <key>normal</key>
        <styleUrl>#line-FF5252-3962-nodesc-normal</styleUrl>
      </Pair>
      <Pair>
        <key>highlight</key>
        <styleUrl>#line-FF5252-3962-nodesc-highlight</styleUrl>
      </Pair>
    </StyleMap>
    <Style id="line-FF5252-4009-nodesc-normal">
      <LineStyle>
        <color>ff5252ff</color>
        <width>4.009</width>
      </LineStyle>
      <BalloonStyle>
        <text><![CDATA[<h3>$[name]</h3>]]></text>
      </BalloonStyle>
    </Style>
    <Style id="line-FF5252-4009-nodesc-highlight">
      <LineStyle>
        <color>ff5252ff</color>
        <width>6.0135</width>
      </LineStyle>
      <BalloonStyle>
        <text><![CDATA[<h3>$[name]</h3>]]></text>
      </BalloonStyle>
    </Style>
    <StyleMap id="line-FF5252-4009-nodesc">
      <Pair>
        <key>normal</key>
        <styleUrl>#line-FF5252-4009-nodesc-normal</styleUrl>
      </Pair>
      <Pair>
        <key>highlight</key>
        <styleUrl>#line-FF5252-4009-nodesc-highlight</styleUrl>
      </Pair>
    </StyleMap>
    <Style id="line-FF5252-4100-nodesc-normal">
      <LineStyle>
        <color>ff5252ff</color>
        <width>4.1</width>
      </LineStyle>
      <BalloonStyle>
        <text><![CDATA[<h3>$[name]</h3>]]></text>
      </BalloonStyle>
    </Style>
    <Style id="line-FF5252-4100-nodesc-highlight">
      <LineStyle>
        <color>ff5252ff</color>
        <width>6.15</width>
      </LineStyle>
      <BalloonStyle>
        <text><![CDATA[<h3>$[name]</h3>]]></text>
      </BalloonStyle>
    </Style>
    <StyleMap id="line-FF5252-4100-nodesc">
      <Pair>
        <key>normal</key>
        <styleUrl>#line-FF5252-4100-nodesc-normal</styleUrl>
      </Pair>
      <Pair>
        <key>highlight</key>
        <styleUrl>#line-FF5252-4100-nodesc-highlight</styleUrl>
      </Pair>
    </StyleMap>
    <Style id="line-FF5252-4294-nodesc-normal">
      <LineStyle>
        <color>ff5252ff</color>
        <width>4.294</width>
      </LineStyle>
      <BalloonStyle>
        <text><![CDATA[<h3>$[name]</h3>]]></text>
      </BalloonStyle>
    </Style>
    <Style id="line-FF5252-4294-nodesc-highlight">
      <LineStyle>
        <color>ff5252ff</color>
        <width>6.441</width>
      </LineStyle>
      <BalloonStyle>
        <text><![CDATA[<h3>$[name]</h3>]]></text>
      </BalloonStyle>
    </Style>
    <StyleMap id="line-FF5252-4294-nodesc">
      <Pair>
        <key>normal</key>
        <styleUrl>#line-FF5252-4294-nodesc-normal</styleUrl>
      </Pair>
      <Pair>
        <key>highlight</key>
        <styleUrl>#line-FF5252-4294-nodesc-highlight</styleUrl>
      </Pair>
    </StyleMap>
    <Style id="line-FF5252-4488-nodesc-normal">
      <LineStyle>
        <color>ff5252ff</color>
        <width>4.488</width>
      </LineStyle>
      <BalloonStyle>
        <text><![CDATA[<h3>$[name]</h3>]]></text>
      </BalloonStyle>
    </Style>
    <Style id="line-FF5252-4488-nodesc-highlight">
      <LineStyle>
        <color>ff5252ff</color>
        <width>6.732</width>
      </LineStyle>
      <BalloonStyle>
        <text><![CDATA[<h3>$[name]</h3>]]></text>
      </BalloonStyle>
    </Style>
    <StyleMap id="line-FF5252-4488-nodesc">
      <Pair>
        <key>normal</key>
        <styleUrl>#line-FF5252-4488-nodesc-normal</styleUrl>
      </Pair>
      <Pair>
        <key>highlight</key>
        <styleUrl>#line-FF5252-4488-nodesc-highlight</styleUrl>
      </Pair>
    </StyleMap>
    <Style id="line-FF5252-4681-nodesc-normal">
      <LineStyle>
        <color>ff5252ff</color>
        <width>4.681</width>
      </LineStyle>
      <BalloonStyle>
        <text><![CDATA[<h3>$[name]</h3>]]></text>
      </BalloonStyle>
    </Style>
    <Style id="line-FF5252-4681-nodesc-highlight">
      <LineStyle>
        <color>ff5252ff</color>
        <width>7.0215</width>
      </LineStyle>
      <BalloonStyle>
        <text><![CDATA[<h3>$[name]</h3>]]></text>
      </BalloonStyle>
    </Style>
    <StyleMap id="line-FF5252-4681-nodesc">
      <Pair>
        <key>normal</key>
        <styleUrl>#line-FF5252-4681-nodesc-normal</styleUrl>
      </Pair>
      <Pair>
        <key>highlight</key>
        <styleUrl>#line-FF5252-4681-nodesc-highlight</styleUrl>
      </Pair>
    </StyleMap>
    <Style id="line-FF5252-4875-nodesc-normal">
      <LineStyle>
        <color>ff5252ff</color>
        <width>4.875</width>
      </LineStyle>
      <BalloonStyle>
        <text><![CDATA[<h3>$[name]</h3>]]></text>
      </BalloonStyle>
    </Style>
    <Style id="line-FF5252-4875-nodesc-highlight">
      <LineStyle>
        <color>ff5252ff</color>
        <width>7.3125</width>
      </LineStyle>
      <BalloonStyle>
        <text><![CDATA[<h3>$[name]</h3>]]></text>
      </BalloonStyle>
    </Style>
    <StyleMap id="line-FF5252-4875-nodesc">
      <Pair>
        <key>normal</key>
        <styleUrl>#line-FF5252-4875-nodesc-normal</styleUrl>
      </Pair>
      <Pair>
        <key>highlight</key>
        <styleUrl>#line-FF5252-4875-nodesc-highlight</styleUrl>
      </Pair>
    </StyleMap>
    <Style id="line-FF5252-5069-nodesc-normal">
      <LineStyle>
        <color>ff5252ff</color>
        <width>5.069</width>
      </LineStyle>
      <BalloonStyle>
        <text><![CDATA[<h3>$[name]</h3>]]></text>
      </BalloonStyle>
    </Style>
    <Style id="line-FF5252-5069-nodesc-highlight">
      <LineStyle>
        <color>ff5252ff</color>
        <width>7.6035</width>
      </LineStyle>
      <BalloonStyle>
        <text><![CDATA[<h3>$[name]</h3>]]></text>
      </BalloonStyle>
    </Style>
    <StyleMap id="line-FF5252-5069-nodesc">
      <Pair>
        <key>normal</key>
        <styleUrl>#line-FF5252-5069-nodesc-normal</styleUrl>
      </Pair>
      <Pair>
        <key>highlight</key>
        <styleUrl>#line-FF5252-5069-nodesc-highlight</styleUrl>
      </Pair>
    </StyleMap>
    <Style id="line-FF5252-5263-nodesc-normal">
      <LineStyle>
        <color>ff5252ff</color>
        <width>5.263</width>
      </LineStyle>
      <BalloonStyle>
        <text><![CDATA[<h3>$[name]</h3>]]></text>
      </BalloonStyle>
    </Style>
    <Style id="line-FF5252-5263-nodesc-highlight">
      <LineStyle>
        <color>ff5252ff</color>
        <width>7.8945</width>
      </LineStyle>
      <BalloonStyle>
        <text><![CDATA[<h3>$[name]</h3>]]></text>
      </BalloonStyle>
    </Style>
    <StyleMap id="line-FF5252-5263-nodesc">
      <Pair>
        <key>normal</key>
        <styleUrl>#line-FF5252-5263-nodesc-normal</styleUrl>
      </Pair>
      <Pair>
        <key>highlight</key>
        <styleUrl>#line-FF5252-5263-nodesc-highlight</styleUrl>
      </Pair>
    </StyleMap>
    <Style id="line-FF5252-5456-nodesc-normal">
      <LineStyle>
        <color>ff5252ff</color>
        <width>5.456</width>
      </LineStyle>
      <BalloonStyle>
        <text><![CDATA[<h3>$[name]</h3>]]></text>
      </BalloonStyle>
    </Style>
    <Style id="line-FF5252-5456-nodesc-highlight">
      <LineStyle>
        <color>ff5252ff</color>
        <width>8.184</width>
      </LineStyle>
      <BalloonStyle>
        <text><![CDATA[<h3>$[name]</h3>]]></text>
      </BalloonStyle>
    </Style>
    <StyleMap id="line-FF5252-5456-nodesc">
      <Pair>
        <key>normal</key>
        <styleUrl>#line-FF5252-5456-nodesc-normal</styleUrl>
      </Pair>
      <Pair>
        <key>highlight</key>
        <styleUrl>#line-FF5252-5456-nodesc-highlight</styleUrl>
      </Pair>
    </StyleMap>
    <Style id="line-FF5252-6038-nodesc-normal">
      <LineStyle>
        <color>ff5252ff</color>
        <width>6.038</width>
      </LineStyle>
      <BalloonStyle>
        <text><![CDATA[<h3>$[name]</h3>]]></text>
      </BalloonStyle>
    </Style>
    <Style id="line-FF5252-6038-nodesc-highlight">
      <LineStyle>
        <color>ff5252ff</color>
        <width>9.057</width>
      </LineStyle>
      <BalloonStyle>
        <text><![CDATA[<h3>$[name]</h3>]]></text>
      </BalloonStyle>
    </Style>
    <StyleMap id="line-FF5252-6038-nodesc">
      <Pair>
        <key>normal</key>
        <styleUrl>#line-FF5252-6038-nodesc-normal</styleUrl>
      </Pair>
      <Pair>
        <key>highlight</key>
        <styleUrl>#line-FF5252-6038-nodesc-highlight</styleUrl>
      </Pair>
    </StyleMap>
    <Style id="line-FF5252-6535-nodesc-normal">
      <LineStyle>
        <color>ff5252ff</color>
        <width>6.535</width>
      </LineStyle>
      <BalloonStyle>
        <text><![CDATA[<h3>$[name]</h3>]]></text>
      </BalloonStyle>
    </Style>
    <Style id="line-FF5252-6535-nodesc-highlight">
      <LineStyle>
        <color>ff5252ff</color>
        <width>9.8025</width>
      </LineStyle>
      <BalloonStyle>
        <text><![CDATA[<h3>$[name]</h3>]]></text>
      </BalloonStyle>
    </Style>
    <StyleMap id="line-FF5252-6535-nodesc">
      <Pair>
        <key>normal</key>
        <styleUrl>#line-FF5252-6535-nodesc-normal</styleUrl>
      </Pair>
      <Pair>
        <key>highlight</key>
        <styleUrl>#line-FF5252-6535-nodesc-highlight</styleUrl>
      </Pair>
    </StyleMap>
    <Style id="line-FF5252-7588-nodesc-normal">
      <LineStyle>
        <color>ff5252ff</color>
        <width>7.588</width>
      </LineStyle>
      <BalloonStyle>
        <text><![CDATA[<h3>$[name]</h3>]]></text>
      </BalloonStyle>
    </Style>
    <Style id="line-FF5252-7588-nodesc-highlight">
      <LineStyle>
        <color>ff5252ff</color>
        <width>11.382</width>
      </LineStyle>
      <BalloonStyle>
        <text><![CDATA[<h3>$[name]</h3>]]></text>
      </BalloonStyle>
    </Style>
    <StyleMap id="line-FF5252-7588-nodesc">
      <Pair>
        <key>normal</key>
        <styleUrl>#line-FF5252-7588-nodesc-normal</styleUrl>
      </Pair>
      <Pair>
        <key>highlight</key>
        <styleUrl>#line-FF5252-7588-nodesc-highlight</styleUrl>
      </Pair>
    </StyleMap>
    <Style id="poly-009D57-4000-0-nodesc-normal">
      <LineStyle>
        <color>ff579d00</color>
        <width>4</width>
      </LineStyle>
      <PolyStyle>
        <color>00579d00</color>
        <fill>1</fill>
        <outline>1</outline>
      </PolyStyle>
      <BalloonStyle>
        <text><![CDATA[<h3>$[name]</h3>]]></text>
      </BalloonStyle>
    </Style>
    <Style id="poly-009D57-4000-0-nodesc-highlight">
      <LineStyle>
        <color>ff579d00</color>
        <width>6</width>
      </LineStyle>
      <PolyStyle>
        <color>00579d00</color>
        <fill>1</fill>
        <outline>1</outline>
      </PolyStyle>
      <BalloonStyle>
        <text><![CDATA[<h3>$[name]</h3>]]></text>
      </BalloonStyle>
    </Style>
    <StyleMap id="poly-009D57-4000-0-nodesc">
      <Pair>
        <key>normal</key>
        <styleUrl>#poly-009D57-4000-0-nodesc-normal</styleUrl>
      </Pair>
      <Pair>
        <key>highlight</key>
        <styleUrl>#poly-009D57-4000-0-nodesc-highlight</styleUrl>
      </Pair>
    </StyleMap>
    <Style id="poly-3F5BA9-4000-0-nodesc-normal">
      <LineStyle>
        <color>ffa95b3f</color>
        <width>4</width>
      </LineStyle>
      <PolyStyle>
        <color>00a95b3f</color>
        <fill>1</fill>
        <outline>1</outline>
      </PolyStyle>
      <BalloonStyle>
        <text><![CDATA[<h3>$[name]</h3>]]></text>
      </BalloonStyle>
    </Style>
    <Style id="poly-3F5BA9-4000-0-nodesc-highlight">
      <LineStyle>
        <color>ffa95b3f</color>
        <width>6</width>
      </LineStyle>
      <PolyStyle>
        <color>00a95b3f</color>
        <fill>1</fill>
        <outline>1</outline>
      </PolyStyle>
      <BalloonStyle>
        <text><![CDATA[<h3>$[name]</h3>]]></text>
      </BalloonStyle>
    </Style>
    <StyleMap id="poly-3F5BA9-4000-0-nodesc">
      <Pair>
        <key>normal</key>
        <styleUrl>#poly-3F5BA9-4000-0-nodesc-normal</styleUrl>
      </Pair>
      <Pair>
        <key>highlight</key>
        <styleUrl>#poly-3F5BA9-4000-0-nodesc-highlight</styleUrl>
      </Pair>
    </StyleMap>
    <Style id="poly-A61B4A-4000-0-nodesc-normal">
      <LineStyle>
        <color>ff4a1ba6</color>
        <width>4</width>
      </LineStyle>
      <PolyStyle>
        <color>004a1ba6</color>
        <fill>1</fill>
        <outline>1</outline>
      </PolyStyle>
      <BalloonStyle>
        <text><![CDATA[<h3>$[name]</h3>]]></text>
      </BalloonStyle>
    </Style>
    <Style id="poly-A61B4A-4000-0-nodesc-highlight">
      <LineStyle>
        <color>ff4a1ba6</color>
        <width>6</width>
      </LineStyle>
      <PolyStyle>
        <color>004a1ba6</color>
        <fill>1</fill>
        <outline>1</outline>
      </PolyStyle>
      <BalloonStyle>
        <text><![CDATA[<h3>$[name]</h3>]]></text>
      </BalloonStyle>
    </Style>
    <StyleMap id="poly-A61B4A-4000-0-nodesc">
      <Pair>
        <key>normal</key>
        <styleUrl>#poly-A61B4A-4000-0-nodesc-normal</styleUrl>
      </Pair>
      <Pair>
        <key>highlight</key>
        <styleUrl>#poly-A61B4A-4000-0-nodesc-highlight</styleUrl>
      </Pair>
    </StyleMap>
    <Style id="poly-CE93D8-3000-0-normal">
      <LineStyle>
        <color>ffd893ce</color>
        <width>3</width>
      </LineStyle>
      <PolyStyle>
        <color>00d893ce</color>
        <fill>1</fill>
        <outline>1</outline>
      </PolyStyle>
    </Style>
    <Style id="poly-CE93D8-3000-0-highlight">
      <LineStyle>
        <color>ffd893ce</color>
        <width>4.5</width>
      </LineStyle>
      <PolyStyle>
        <color>00d893ce</color>
        <fill>1</fill>
        <outline>1</outline>
      </PolyStyle>
    </Style>
    <StyleMap id="poly-CE93D8-3000-0">
      <Pair>
        <key>normal</key>
        <styleUrl>#poly-CE93D8-3000-0-normal</styleUrl>
      </Pair>
      <Pair>
        <key>highlight</key>
        <styleUrl>#poly-CE93D8-3000-0-highlight</styleUrl>
      </Pair>
    </StyleMap>
    <Folder>
      <name>Woodside Park Eruv</name>
      <Placemark>
        <name>Line 1</name>
        <styleUrl>#line-F8971B-4000-nodesc</styleUrl>
        <LineString>
          <tessellate>1</tessellate>
          <coordinates>
            -0.206353,51.615075,0
            -0.206138,51.615075,0
          </coordinates>
        </LineString>
      </Placemark>
      <Placemark>
        <name>Line 2</name>
        <styleUrl>#line-F8971B-4000-nodesc</styleUrl>
        <LineString>
          <tessellate>1</tessellate>
          <coordinates>
            -0.206138,51.615075,0
            -0.206096,51.615022,0
            -0.205586,51.615049,0
            -0.205194,51.615069,0
            -0.205055,51.615065,0
            -0.204969,51.615052,0
          </coordinates>
        </LineString>
      </Placemark>
      <Placemark>
        <name>Line 4</name>
        <styleUrl>#line-F8971B-4000-nodesc</styleUrl>
        <LineString>
          <tessellate>1</tessellate>
          <coordinates>
            -0.204969,51.615052,0
            -0.204851,51.615009,0
            -0.204577,51.614906,0
            -0.204379,51.614832,0
            -0.204207,51.614746,0
            -0.204062,51.614659,0
            -0.20381,51.614512,0
            -0.203542,51.614592,0
            -0.203558,51.614679,0
            -0.203478,51.614692,0
            -0.203408,51.614696,0
            -0.203065,51.614882,0
            -0.202351,51.615232,0
          </coordinates>
        </LineString>
      </Placemark>
      <Placemark>
        <name>Line 5</name>
        <styleUrl>#line-F8971B-4000-nodesc</styleUrl>
        <LineString>
          <tessellate>1</tessellate>
          <coordinates>
            -0.202351,51.615232,0
            -0.201906,51.615442,0
            -0.201546,51.615602,0
            -0.201166,51.615762,0
            -0.200576,51.616025,0
          </coordinates>
        </LineString>
      </Placemark>
      <Placemark>
        <name>Line 7</name>
        <styleUrl>#line-F8971B-4000-nodesc</styleUrl>
        <LineString>
          <tessellate>1</tessellate>
          <coordinates>
            -0.200576,51.616025,0
            -0.200195,51.616201,0
            -0.199905,51.616331,0
            -0.199771,51.616394,0
            -0.199513,51.616487,0
            -0.199181,51.616534,0
            -0.198977,51.616577,0
            -0.19865,51.616624,0
          </coordinates>
        </LineString>
      </Placemark>
      <Placemark>
        <name>Line 6</name>
        <styleUrl>#line-F8971B-4000-nodesc</styleUrl>
        <LineString>
          <tessellate>1</tessellate>
          <coordinates>
            -0.19865,51.616624,0
            -0.198489,51.616608,0
            -0.197888,51.616519,0
          </coordinates>
        </LineString>
      </Placemark>
      <Placemark>
        <name>Line 7</name>
        <styleUrl>#line-F8971B-4000-nodesc</styleUrl>
        <LineString>
          <tessellate>1</tessellate>
          <coordinates>
            -0.197888,51.616519,0
            -0.19785,51.616599,0
            -0.197805,51.616779,0
            -0.197864,51.616791,0
            -0.197858,51.616808,0
            -0.197918,51.616816,0
          </coordinates>
        </LineString>
      </Placemark>
      <Placemark>
        <name>Line 8</name>
        <styleUrl>#line-F8971B-4000-nodesc</styleUrl>
        <LineString>
          <tessellate>1</tessellate>
          <coordinates>
            -0.197918,51.616816,0
            -0.197829,51.617127,0
          </coordinates>
        </LineString>
      </Placemark>
      <Placemark>
        <name>Line 9</name>
        <styleUrl>#line-F8971B-4000-nodesc</styleUrl>
        <LineString>
          <tessellate>1</tessellate>
          <coordinates>
            -0.197829,51.617127,0
            -0.197816,51.617167,0
            -0.19777,51.617289,0
            -0.197829,51.61729,0
            -0.197808,51.617334,0
            -0.197684,51.61746,0
            -0.197421,51.61743,0
            -0.197386,51.617282,0
            -0.197454,51.617124,0
            -0.197486,51.617097,0
            -0.197574,51.616814,0
            -0.197612,51.616791,0
            -0.197719,51.616802,0
          </coordinates>
        </LineString>
      </Placemark>
      <Placemark>
        <name>Line 10</name>
        <styleUrl>#line-F8971B-4000-nodesc</styleUrl>
        <LineString>
          <tessellate>1</tessellate>
          <coordinates>
            -0.197719,51.616802,0
            -0.197775,51.616599,0
            -0.197797,51.616536,0
            -0.197748,51.616529,0
            -0.197748,51.616511,0
            -0.197276,51.616439,0
          </coordinates>
        </LineString>
      </Placemark>
      <Placemark>
        <name>Line 11</name>
        <styleUrl>#line-F8971B-4000-nodesc</styleUrl>
        <LineString>
          <tessellate>1</tessellate>
          <coordinates>
            -0.197276,51.616439,0
            -0.197301,51.61635,0
            -0.197078,51.61632,0
            -0.197011,51.616384,0
            -0.196697,51.616511,0
            -0.196759,51.616579,0
            -0.196665,51.616804,0
          </coordinates>
        </LineString>
      </Placemark>
      <Placemark>
        <name>Line 12</name>
        <styleUrl>#line-F8971B-4000-nodesc</styleUrl>
        <LineString>
          <tessellate>1</tessellate>
          <coordinates>
            -0.196665,51.616804,0
            -0.196641,51.616854,0
            -0.196544,51.616964,0
            -0.196405,51.617101,0
            -0.196204,51.617224,0
            -0.195976,51.617329,0
          </coordinates>
        </LineString>
      </Placemark>
      <Placemark>
        <name>Line 13</name>
        <styleUrl>#line-F8971B-4000-nodesc</styleUrl>
        <LineString>
          <tessellate>1</tessellate>
          <coordinates>
            -0.195976,51.617329,0
            -0.196059,51.617444,0
            -0.196102,51.6175,0
            -0.196163,51.617564,0
            -0.1963,51.617625,0
            -0.196351,51.617572,0
            -0.196955,51.617793,0
          </coordinates>
        </LineString>
      </Placemark>
      <Placemark>
        <name>Line 14</name>
        <styleUrl>#line-F8971B-4000-nodesc</styleUrl>
        <LineString>
          <tessellate>1</tessellate>
          <coordinates>
            -0.196955,51.617793,0
            -0.197183,51.617878,0
            -0.197394,51.61796,0
            -0.197464,51.617903,0
            -0.197512,51.618148,0
            -0.19722,51.61819,0
            -0.197183,51.618171,0
            -0.197209,51.618145,0
            -0.196091,51.617715,0
          </coordinates>
        </LineString>
      </Placemark>
      <Placemark>
        <name>Line 15</name>
        <styleUrl>#line-F8971B-4000-nodesc</styleUrl>
        <LineString>
          <tessellate>1</tessellate>
          <coordinates>
            -0.196091,51.617715,0
            -0.195933,51.617648,0
            -0.195898,51.617675,0
            -0.195855,51.617657,0
            -0.195785,51.617577,0
            -0.196005,51.617485,0
            -0.195908,51.617354,0
            -0.195825,51.617362,0
            -0.195616,51.617399,0
            -0.195337,51.617432,0
            -0.195088,51.617432,0
          </coordinates>
        </LineString>
      </Placemark>
      <Placemark>
        <name>Line 16</name>
        <styleUrl>#line-F8971B-4000-nodesc</styleUrl>
        <LineString>
          <tessellate>1</tessellate>
          <coordinates>
            -0.195088,51.617432,0
            -0.194967,51.617424,0
            -0.19472,51.617952,0
            -0.195037,51.618008,0
            -0.195219,51.618055,0
          </coordinates>
        </LineString>
      </Placemark>
      <Placemark>
        <name>Line 17</name>
        <styleUrl>#line-F8971B-4000-nodesc</styleUrl>
        <LineString>
          <tessellate>1</tessellate>
          <coordinates>
            -0.195219,51.618055,0
            -0.19549,51.61816,0
            -0.196037,51.618376,0
            -0.19666,51.618616,0
            -0.196863,51.618691,0
          </coordinates>
        </LineString>
      </Placemark>
      <Placemark>
        <name>Line 18</name>
        <styleUrl>#line-F8971B-4000-nodesc</styleUrl>
        <LineString>
          <tessellate>1</tessellate>
          <coordinates>
            -0.196863,51.618691,0
            -0.197228,51.618831,0
            -0.197306,51.618763,0
            -0.19759,51.618896,0
            -0.197652,51.618944,0
            -0.197722,51.619069,0
            -0.197695,51.619109,0
            -0.197585,51.619214,0
            -0.197555,51.619232,0
            -0.197368,51.619244,0
            -0.197293,51.619246,0
            -0.197132,51.619187,0
          </coordinates>
        </LineString>
      </Placemark>
      <Placemark>
        <name>Line 19</name>
        <styleUrl>#line-F8971B-4000-nodesc</styleUrl>
        <LineString>
          <tessellate>1</tessellate>
          <coordinates>
            -0.194783,51.625304,0
            -0.194804,51.625415,0
            -0.194809,51.625518,0
            -0.194809,51.62564,0
            -0.194817,51.625733,0
            -0.19482,51.625843,0
            -0.19482,51.626066,0
            -0.194822,51.626111,0
            -0.194865,51.626156,0
          </coordinates>
        </LineString>
      </Placemark>
      <Placemark>
        <name>Line 20</name>
        <styleUrl>#line-F8971B-4000-nodesc</styleUrl>
        <LineString>
          <tessellate>1</tessellate>
          <coordinates>
            -0.194865,51.626156,0
            -0.19501,51.626136,0
            -0.195029,51.62619,0
            -0.194967,51.626198,0
            -0.194967,51.626226,0
            -0.194935,51.626233,0
          </coordinates>
        </LineString>
      </Placemark>
      <Placemark>
        <name>Line 21</name>
        <styleUrl>#line-F8971B-4000-nodesc</styleUrl>
        <LineString>
          <tessellate>1</tessellate>
          <coordinates>
            -0.194935,51.626233,0
            -0.195002,51.626416,0
            -0.194962,51.626428,0
            -0.195166,51.626812,0
            -0.195343,51.62716,0
            -0.195498,51.62745,0
            -0.195538,51.62753,0
            -0.195557,51.62758,0
            -0.195892,51.628079,0
          </coordinates>
        </LineString>
      </Placemark>
      <Placemark>
        <name>Line 22</name>
        <styleUrl>#line-F8971B-4000-nodesc</styleUrl>
        <LineString>
          <tessellate>1</tessellate>
          <coordinates>
            -0.195892,51.628079,0
            -0.196182,51.628511,0
            -0.196206,51.628564,0
            -0.196206,51.628599,0
            -0.196222,51.628644,0
            -0.196287,51.628705,0
          </coordinates>
        </LineString>
      </Placemark>
      <Placemark>
        <name>Line 24</name>
        <styleUrl>#line-F8971B-4000-nodesc</styleUrl>
        <LineString>
          <tessellate>1</tessellate>
          <coordinates>
            -0.197958,51.630445,0
            -0.197893,51.630402,0
            -0.197738,51.630257,0
            -0.197687,51.630212,0
            -0.197636,51.630024,0
            -0.197523,51.629761,0
            -0.197352,51.629588,0
            -0.197083,51.62935,0
            -0.196735,51.629043,0
            -0.196458,51.628804,0
            -0.196287,51.628705,0
          </coordinates>
        </LineString>
      </Placemark>
      <Placemark>
        <name>Line 25</name>
        <styleUrl>#line-F8971B-4000-nodesc</styleUrl>
        <LineString>
          <tessellate>1</tessellate>
          <coordinates>
            -0.197958,51.630445,0
            -0.197982,51.630499,0
            -0.19795,51.63061,0
            -0.198046,51.630658,0
            -0.198247,51.630452,0
            -0.198304,51.630477,0
          </coordinates>
        </LineString>
      </Placemark>
      <Placemark>
        <name>Line 27</name>
        <styleUrl>#line-F8971B-4000-nodesc</styleUrl>
        <LineString>
          <tessellate>1</tessellate>
          <coordinates>
            -0.199009,51.631163,0
            -0.199159,51.63124,0
            -0.199393,51.631088,0
            -0.199366,51.631066,0
            -0.199296,51.631095,0
            -0.198902,51.630808,0
            -0.198532,51.630582,0
            -0.198451,51.630643,0
            -0.198269,51.630547,0
            -0.19829,51.63053,0
            -0.198256,51.630512,0
            -0.198304,51.630477,0
          </coordinates>
        </LineString>
      </Placemark>
      <Placemark>
        <name>Line 28</name>
        <styleUrl>#line-F8971B-4000-nodesc</styleUrl>
        <LineString>
          <tessellate>1</tessellate>
          <coordinates>
            -0.199009,51.631163,0
            -0.199267,51.631438,0
          </coordinates>
        </LineString>
      </Placemark>
      <Placemark>
        <name>Line 29</name>
        <styleUrl>#line-F8971B-4000-nodesc</styleUrl>
        <LineString>
          <tessellate>1</tessellate>
          <coordinates>
            -0.199267,51.631438,0
            -0.19887,51.631729,0
            -0.19898,51.63181,0
            -0.198923,51.63185,0
            -0.198813,51.631802,0
            -0.198765,51.631847,0
            -0.198787,51.63187,0
            -0.198677,51.631959,0
            -0.198741,51.63199,0
            -0.198524,51.632175,0
            -0.19872,51.632247,0
            -0.198489,51.632385,0
            -0.19843,51.632416,0
            -0.198553,51.632472,0
            -0.198465,51.632555,0
            -0.198111,51.632415,0
            -0.198022,51.632515,0
          </coordinates>
        </LineString>
      </Placemark>
      <Placemark>
        <name>Line 30</name>
        <styleUrl>#line-F8971B-4000-nodesc</styleUrl>
        <LineString>
          <tessellate>1</tessellate>
          <coordinates>
            -0.198022,51.632515,0
            -0.197765,51.632874,0
            -0.197722,51.632864,0
            -0.197472,51.633199,0
            -0.197405,51.633231,0
            -0.197266,51.633524,0
            -0.197188,51.633667,0
            -0.197174,51.633723,0
            -0.197099,51.63382,0
            -0.197081,51.63385,0
            -0.197035,51.63387,0
            -0.196888,51.633942,0
            -0.196571,51.633966,0
            -0.196308,51.63387,0
            -0.196279,51.633853,0
            -0.196346,51.63378,0
            -0.195968,51.633645,0
            -0.195726,51.633552,0
            -0.195439,51.633459,0
            -0.195026,51.633296,0
            -0.194728,51.633157,0
            -0.194524,51.633022,0
          </coordinates>
        </LineString>
      </Placemark>
      <Placemark>
        <name>Line 31</name>
        <styleUrl>#line-F8971B-4000-nodesc</styleUrl>
        <LineString>
          <tessellate>1</tessellate>
          <coordinates>
            -0.194524,51.633022,0
            -0.194374,51.632891,0
            -0.193822,51.632653,0
            -0.193698,51.632553,0
            -0.19298,51.632243,0
            -0.192524,51.632012,0
            -0.192092,51.631724,0
            -0.19188,51.631521,0
            -0.191588,51.631286,0
            -0.191633,51.631183,0
            -0.191566,51.63103,0
          </coordinates>
        </LineString>
      </Placemark>
      <Placemark>
        <name>Line 32</name>
        <styleUrl>#line-F8971B-4000-nodesc</styleUrl>
        <LineString>
          <tessellate>1</tessellate>
          <coordinates>
            -0.191566,51.63103,0
            -0.191107,51.63108,0
          </coordinates>
        </LineString>
      </Placemark>
      <Placemark>
        <name>Line 33</name>
        <styleUrl>#line-F8971B-4000-nodesc</styleUrl>
        <LineString>
          <tessellate>1</tessellate>
          <coordinates>
            -0.191107,51.63108,0
            -0.191445,51.631944,0
            -0.191048,51.631884,0
            -0.190598,51.631304,0
          </coordinates>
        </LineString>
      </Placemark>
      <Placemark>
        <name>Line 35</name>
        <styleUrl>#line-F8971B-4000-nodesc</styleUrl>
        <LineString>
          <tessellate>1</tessellate>
          <coordinates>
            -0.190598,51.631304,0
            -0.190476,51.631152,0
            -0.190429,51.631081,0
            -0.190422,51.63105,0
            -0.190372,51.63105,0
            -0.190363,51.631023,0
          </coordinates>
        </LineString>
      </Placemark>
      <Placemark>
        <name>Line 36</name>
        <styleUrl>#line-F8971B-4000-nodesc</styleUrl>
        <LineString>
          <tessellate>1</tessellate>
          <coordinates>
            -0.190363,51.631023,0
            -0.189744,51.631104,0
          </coordinates>
        </LineString>
      </Placemark>
      <Placemark>
        <name>Line 39</name>
        <styleUrl>#line-F8971B-4000-nodesc</styleUrl>
        <LineString>
          <tessellate>1</tessellate>
          <coordinates>
            -0.18806,51.631015,0
            -0.188119,51.63111,0
            -0.188125,51.631153,0
            -0.187645,51.63115,0
          </coordinates>
        </LineString>
      </Placemark>
      <Placemark>
        <name>Line 40</name>
        <styleUrl>#line-F8971B-4000-nodesc</styleUrl>
        <LineString>
          <tessellate>1</tessellate>
          <coordinates>
            -0.18806,51.631015,0
            -0.188455,51.63101,0
            -0.188347,51.63107,0
            -0.188355,51.631115,0
            -0.188605,51.631096,0
            -0.188768,51.631108,0
            -0.18894,51.631103,0
            -0.18908,51.631103,0
            -0.189208,51.631051,0
            -0.189324,51.63099,0
            -0.189415,51.630916,0
            -0.1896,51.630902,0
            -0.189627,51.630946,0
            -0.189654,51.631005,0
            -0.189672,51.631125,0
            -0.189512,51.631143,0
            -0.18952,51.631233,0
            -0.189442,51.631253,0
            -0.189439,51.631299,0
            -0.189324,51.631309,0
            -0.189353,51.631466,0
            -0.189758,51.631451,0
          </coordinates>
        </LineString>
      </Placemark>
      <Placemark>
        <name>Line 41</name>
        <styleUrl>#line-F8971B-4000-nodesc</styleUrl>
        <LineString>
          <tessellate>1</tessellate>
          <coordinates>
            -0.189744,51.631104,0
            -0.189879,51.631391,0
            -0.189981,51.631504,0
            -0.190034,51.631664,0
            -0.190099,51.631844,0
            -0.190163,51.631957,0
            -0.190072,51.632027,0
            -0.189938,51.632017,0
            -0.189841,51.63194,0
            -0.18982,51.631867,0
            -0.189756,51.631694,0
            -0.189697,51.631551,0
            -0.189758,51.631451,0
          </coordinates>
        </LineString>
      </Placemark>
      <Placemark>
        <name>Line 42</name>
        <styleUrl>#line-F8971B-4000-nodesc</styleUrl>
        <LineString>
          <tessellate>1</tessellate>
          <coordinates>
            -0.187645,51.63115,0
            -0.187658,51.631304,0
            -0.18768,51.631454,0
            -0.18768,51.631604,0
            -0.188071,51.631528,0
            -0.188093,51.631574,0
            -0.187996,51.631757,0
            -0.188103,51.631757,0
            -0.188146,51.6319,0
            -0.188205,51.632067,0
            -0.18835,51.63213,0
          </coordinates>
        </LineString>
      </Placemark>
      <Placemark>
        <name>Line 43</name>
        <styleUrl>#line-F8971B-4000-nodesc</styleUrl>
        <LineString>
          <tessellate>1</tessellate>
          <coordinates>
            -0.18835,51.63213,0
            -0.188559,51.632367,0
            -0.188452,51.632403,0
            -0.188463,51.632483,0
            -0.189257,51.63227,0
            -0.189455,51.632466,0
            -0.189284,51.632456,0
            -0.188935,51.63255,0
            -0.188967,51.632606,0
            -0.188699,51.632683,0
            -0.188736,51.63276,0
          </coordinates>
        </LineString>
      </Placemark>
      <Placemark>
        <name>Line 45</name>
        <styleUrl>#line-F8971B-4000-nodesc</styleUrl>
        <LineString>
          <tessellate>1</tessellate>
          <coordinates>
            -0.188736,51.63276,0
            -0.188472,51.632809,0
            -0.188416,51.632826,0
            -0.188353,51.632841,0
            -0.188342,51.632826,0
          </coordinates>
        </LineString>
      </Placemark>
      <Placemark>
        <name>Line 46</name>
        <styleUrl>#line-F8971B-4000-nodesc</styleUrl>
        <LineString>
          <tessellate>1</tessellate>
          <coordinates>
            -0.188342,51.632826,0
            -0.188382,51.632809,0
            -0.188111,51.632477,0
            -0.18791,51.632259,0
            -0.187756,51.632093,0
            -0.187681,51.632105,0
            -0.187607,51.632026,0
          </coordinates>
        </LineString>
      </Placemark>
      <Placemark>
        <name>Line 47</name>
        <styleUrl>#line-F8971B-4000-nodesc</styleUrl>
        <LineString>
          <tessellate>1</tessellate>
          <coordinates>
            -0.187607,51.632026,0
            -0.187465,51.632081,0
            -0.18734,51.632113,0
            -0.187202,51.632134,0
          </coordinates>
        </LineString>
      </Placemark>
      <Placemark>
        <name>Line 48</name>
        <styleUrl>#line-F8971B-4000-nodesc</styleUrl>
        <LineString>
          <tessellate>1</tessellate>
          <coordinates>
            -0.187202,51.632134,0
            -0.187221,51.632202,0
            -0.18702,51.632215,0
            -0.187036,51.632294,0
            -0.187159,51.632286,0
            -0.187177,51.632318,0
            -0.187218,51.632313,0
            -0.18723,51.632357,0
            -0.186961,51.632368,0
          </coordinates>
        </LineString>
      </Placemark>
      <Placemark>
        <name>Line 49</name>
        <styleUrl>#line-F8971B-4000-nodesc</styleUrl>
        <LineString>
          <tessellate>1</tessellate>
          <coordinates>
            -0.186961,51.632368,0
            -0.186993,51.632503,0
            -0.187075,51.632498,0
          </coordinates>
        </LineString>
      </Placemark>
      <Placemark>
        <name>Line 50</name>
        <styleUrl>#line-F8971B-4000-nodesc</styleUrl>
        <LineString>
          <tessellate>1</tessellate>
          <coordinates>
            -0.187075,51.632498,0
            -0.187091,51.632556,0
            -0.187193,51.632551,0
            -0.187229,51.632592,0
            -0.187252,51.632701,0
            -0.187305,51.632844,0
            -0.187269,51.632874,0
            -0.187315,51.63295,0
            -0.187326,51.633007,0
            -0.187144,51.633026,0
            -0.186722,51.633065,0
            -0.186758,51.632977,0
            -0.186719,51.632747,0
            -0.1867,51.632574,0
            -0.186798,51.63257,0
            -0.186793,51.632525,0
          </coordinates>
        </LineString>
      </Placemark>
      <Placemark>
        <name>Line 51</name>
        <styleUrl>#line-F8971B-4000-nodesc</styleUrl>
        <LineString>
          <tessellate>1</tessellate>
          <coordinates>
            -0.186793,51.632525,0
            -0.186918,51.632513,0
            -0.186891,51.632368,0
            -0.186774,51.632377,0
          </coordinates>
        </LineString>
      </Placemark>
      <Placemark>
        <name>Line 52</name>
        <styleUrl>#line-F8971B-4000-nodesc</styleUrl>
        <LineString>
          <tessellate>1</tessellate>
          <coordinates>
            -0.186774,51.632377,0
            -0.18675,51.63224,0
            -0.186239,51.632276,0
            -0.185999,51.632278,0
            -0.185543,51.632309,0
            -0.185386,51.632319,0
          </coordinates>
        </LineString>
      </Placemark>
      <Placemark>
        <name>Line 53</name>
        <styleUrl>#line-F8971B-4000-nodesc</styleUrl>
        <LineString>
          <tessellate>1</tessellate>
          <coordinates>
            -0.185386,51.632319,0
            -0.18517,51.63236,0
            -0.185099,51.632389,0
          </coordinates>
        </LineString>
      </Placemark>
      <Placemark>
        <name>Line 54</name>
        <styleUrl>#line-F8971B-4000-nodesc</styleUrl>
        <LineString>
          <tessellate>1</tessellate>
          <coordinates>
            -0.185099,51.632389,0
            -0.185335,51.6326,0
            -0.185444,51.632573,0
          </coordinates>
        </LineString>
      </Placemark>
      <Placemark>
        <name>Line 55</name>
        <styleUrl>#line-F8971B-4000-nodesc</styleUrl>
        <LineString>
          <tessellate>1</tessellate>
          <coordinates>
            -0.185444,51.632573,0
            -0.185671,51.632779,0
            -0.185916,51.632945,0
            -0.186088,51.633093,0
            -0.18622,51.633222,0
            -0.18634,51.633171,0
            -0.186502,51.633258,0
            -0.186455,51.633258,0
            -0.186426,51.633376,0
            -0.186478,51.633381,0
            -0.186489,51.633422,0
            -0.186363,51.633437,0
            -0.186337,51.63342,0
            -0.186314,51.633393,0
            -0.186262,51.633414,0
            -0.186289,51.633448,0
            -0.186224,51.633474,0
            -0.186186,51.633449,0
            -0.18614,51.633464,0
            -0.186163,51.633501,0
            -0.186105,51.633524,0
            -0.185873,51.633447,0
            -0.185967,51.633413,0
            -0.185876,51.633345,0
            -0.185836,51.633322,0
            -0.185692,51.63318,0
          </coordinates>
        </LineString>
      </Placemark>
      <Placemark>
        <name>Line 56</name>
        <styleUrl>#line-F8971B-4000-nodesc</styleUrl>
        <LineString>
          <tessellate>1</tessellate>
          <coordinates>
            -0.185692,51.63318,0
            -0.185528,51.632997,0
            -0.18542,51.632903,0
            -0.18513,51.632646,0
            -0.184881,51.632416,0
            -0.184525,51.632132,0
          </coordinates>
        </LineString>
      </Placemark>
      <Placemark>
        <name>Line 58</name>
        <styleUrl>#line-F8971B-4000-nodesc</styleUrl>
        <LineString>
          <tessellate>1</tessellate>
          <coordinates>
            -0.183907,51.63099,0
            -0.183909,51.631088,0
            -0.183957,51.631088,0
            -0.183964,51.631138,0
            -0.18399,51.631135,0
            -0.184009,51.631202,0
            -0.184022,51.631282,0
            -0.184026,51.631321,0
            -0.183948,51.631327,0
            -0.18396,51.631401,0
            -0.184032,51.631395,0
            -0.184038,51.631446,0
            -0.184004,51.631454,0
            -0.184038,51.631592,0
            -0.184057,51.631599,0
            -0.184119,51.631729,0
            -0.18413,51.631748,0
            -0.184226,51.631883,0
            -0.184376,51.631999,0
            -0.184525,51.632132,0
          </coordinates>
        </LineString>
      </Placemark>
      <Placemark>
        <name>Line 59</name>
        <styleUrl>#line-F8971B-4000-nodesc</styleUrl>
        <LineString>
          <tessellate>1</tessellate>
          <coordinates>
            -0.183907,51.631,0
            -0.183672,51.630971,0
            -0.1836,51.63111,0
            -0.183536,51.631099,0
            -0.183546,51.631069,0
            -0.183387,51.631037,0
            -0.183247,51.631012,0
            -0.182998,51.63096,0
          </coordinates>
        </LineString>
      </Placemark>
      <Placemark>
        <name>Line 60</name>
        <styleUrl>#line-F8971B-4000-nodesc</styleUrl>
        <LineString>
          <tessellate>1</tessellate>
          <coordinates>
            -0.182998,51.63096,0
            -0.18299,51.630991,0
            -0.182774,51.630946,0
            -0.182834,51.630804,0
            -0.182754,51.630783,0
          </coordinates>
        </LineString>
      </Placemark>
      <Placemark>
        <name>Line 61</name>
        <styleUrl>#line-F8971B-4000-nodesc</styleUrl>
        <LineString>
          <tessellate>1</tessellate>
          <coordinates>
            -0.182754,51.630783,0
            -0.182652,51.630758,0
            -0.182583,51.630848,0
            -0.182448,51.630807,0
            -0.182406,51.630879,0
            -0.182384,51.630944,0
            -0.182397,51.630992,0
            -0.182346,51.631012,0
            -0.182393,51.63103,0
            -0.182487,51.631116,0
            -0.182612,51.63127,0
            -0.182735,51.631387,0
            -0.182893,51.631532,0
            -0.182998,51.631662,0
            -0.183149,51.631806,0
            -0.183416,51.632084,0
            -0.183698,51.632369,0
            -0.183966,51.632651,0
          </coordinates>
        </LineString>
      </Placemark>
      <Placemark>
        <name>Line 62</name>
        <styleUrl>#line-F8971B-4000-nodesc</styleUrl>
        <LineString>
          <tessellate>1</tessellate>
          <coordinates>
            -0.183966,51.632651,0
            -0.184014,51.632681,0
            -0.184058,51.632794,0
            -0.184053,51.632832,0
            -0.183874,51.632907,0
            -0.183691,51.632972,0
            -0.183605,51.632993,0
          </coordinates>
        </LineString>
      </Placemark>
      <Placemark>
        <name>Line 63</name>
        <styleUrl>#line-F8971B-4000-nodesc</styleUrl>
        <LineString>
          <tessellate>1</tessellate>
          <coordinates>
            -0.183605,51.632993,0
            -0.183369,51.633078,0
            -0.182986,51.633197,0
            -0.182522,51.633337,0
            -0.182565,51.633397,0
            -0.182599,51.633444,0
            -0.182436,51.63349,0
          </coordinates>
        </LineString>
      </Placemark>
      <Placemark>
        <name>Line 65</name>
        <styleUrl>#line-F8971B-4000-nodesc</styleUrl>
        <LineString>
          <tessellate>1</tessellate>
          <coordinates>
            -0.182063,51.633232,0
            -0.181717,51.632793,0
            -0.181578,51.63259,0
            -0.181548,51.632548,0
            -0.181502,51.632257,0
            -0.181476,51.632125,0
            -0.181384,51.631807,0
            -0.181323,51.631656,0
            -0.181248,51.631453,0
            -0.181384,51.631313,0
            -0.181867,51.631051,0
            -0.181972,51.631013,0
            -0.182025,51.631066,0
            -0.182213,51.630993,0
            -0.182251,51.630912,0
            -0.182361,51.630688,0
          </coordinates>
        </LineString>
      </Placemark>
      <Placemark>
        <name>Line 59</name>
        <styleUrl>#line-F8971B-4000-nodesc</styleUrl>
        <LineString>
          <tessellate>1</tessellate>
          <coordinates>
            -0.182361,51.630688,0
            -0.182197,51.630652,0
            -0.182154,51.630758,0
          </coordinates>
        </LineString>
      </Placemark>
      <Placemark>
        <name>Line 60</name>
        <styleUrl>#line-F8971B-4000-nodesc</styleUrl>
        <LineString>
          <tessellate>1</tessellate>
          <coordinates>
            -0.182154,51.630758,0
            -0.181736,51.630662,0
          </coordinates>
        </LineString>
      </Placemark>
      <Placemark>
        <name>Line 64</name>
        <styleUrl>#line-F8971B-4000-nodesc</styleUrl>
        <LineString>
          <tessellate>1</tessellate>
          <coordinates>
            -0.180987,51.630443,0
            -0.18044,51.630334,0
            -0.179906,51.630278,0
            -0.179876,51.630355,0
            -0.179774,51.630347,0
            -0.179776,51.630264,0
            -0.179487,51.63025,0
            -0.179483,51.630284,0
            -0.179342,51.630283,0
            -0.179359,51.630204,0
            -0.179007,51.630197,0
          </coordinates>
        </LineString>
      </Placemark>
      <Placemark>
        <name>Line 65</name>
        <styleUrl>#line-F8971B-4000-nodesc</styleUrl>
        <LineString>
          <tessellate>1</tessellate>
          <coordinates>
            -0.179007,51.630197,0
            -0.179004,51.63022,0
            -0.17894,51.630218,0
            -0.178941,51.630239,0
            -0.178952,51.63024,0
            -0.17895,51.630293,0
            -0.178878,51.630345,0
            -0.178851,51.630692,0
            -0.178898,51.630846,0
          </coordinates>
        </LineString>
      </Placemark>
      <Placemark>
        <name>Line 64</name>
        <styleUrl>#line-F8971B-4000-nodesc</styleUrl>
        <LineString>
          <tessellate>1</tessellate>
          <coordinates>
            -0.178876,51.631374,0
            -0.17889,51.631536,0
            -0.179048,51.631536,0
            -0.179059,51.631781,0
            -0.179072,51.632105,0
            -0.179075,51.632307,0
            -0.179086,51.63245,0
            -0.179126,51.632731,0
            -0.17918,51.632973,0
            -0.179244,51.633231,0
            -0.17933,51.633467,0
            -0.179408,51.633707,0
            -0.17952,51.633963,0
            -0.179539,51.634006,0
            -0.179424,51.634008,0
          </coordinates>
        </LineString>
      </Placemark>
      <Placemark>
        <name>Line 65</name>
        <styleUrl>#line-F8971B-4000-nodesc</styleUrl>
        <LineString>
          <tessellate>1</tessellate>
          <coordinates>
            -0.179424,51.634008,0
            -0.179249,51.634046,0
            -0.17889,51.634053,0
            -0.178504,51.634058,0
            -0.178136,51.634076,0
            -0.178074,51.63408,0
            -0.177774,51.634075,0
            -0.177519,51.634076,0
            -0.177369,51.634081,0
            -0.177235,51.634091,0
          </coordinates>
        </LineString>
      </Placemark>
      <Placemark>
        <name>Line 66</name>
        <styleUrl>#line-F8971B-4000-nodesc</styleUrl>
        <LineString>
          <tessellate>1</tessellate>
          <coordinates>
            -0.177235,51.634091,0
            -0.176956,51.634136,0
            -0.177082,51.634483,0
            -0.177055,51.634488,0
            -0.17713,51.634602,0
            -0.177141,51.634642,0
            -0.176784,51.634674,0
            -0.17687,51.634766,0
            -0.177004,51.63483,0
            -0.177128,51.634902,0
          </coordinates>
        </LineString>
      </Placemark>
      <Placemark>
        <name>Line 67</name>
        <styleUrl>#line-F8971B-4000-nodesc</styleUrl>
        <LineString>
          <tessellate>1</tessellate>
          <coordinates>
            -0.177128,51.634902,0
            -0.177286,51.634982,0
            -0.177374,51.635029,0
            -0.177407,51.63506,0
            -0.177452,51.635115,0
            -0.17749,51.63517,0
            -0.177645,51.635355,0
            -0.177887,51.635666,0
          </coordinates>
        </LineString>
      </Placemark>
      <Placemark>
        <name>Line 68</name>
        <styleUrl>#line-F8971B-4000-nodesc</styleUrl>
        <LineString>
          <tessellate>1</tessellate>
          <coordinates>
            -0.177887,51.635666,0
            -0.178887,51.635696,0
            -0.179585,51.635728,0
            -0.180427,51.635741,0
          </coordinates>
        </LineString>
      </Placemark>
      <Placemark>
        <name>Line 69</name>
        <styleUrl>#line-F8971B-4000-nodesc</styleUrl>
        <LineString>
          <tessellate>1</tessellate>
          <coordinates>
            -0.180427,51.635741,0
            -0.180564,51.635966,0
            -0.180658,51.636079,0
            -0.180711,51.636069,0
            -0.180786,51.636139,0
            -0.180727,51.63615,0
          </coordinates>
        </LineString>
      </Placemark>
      <Placemark>
        <name>Line 70</name>
        <styleUrl>#line-F8971B-4000-nodesc</styleUrl>
        <LineString>
          <tessellate>1</tessellate>
          <coordinates>
            -0.180727,51.63615,0
            -0.180867,51.636304,0
            -0.181076,51.636624,0
            -0.18102,51.636694,0
            -0.180883,51.636739,0
            -0.179319,51.63694,0
          </coordinates>
        </LineString>
      </Placemark>
      <Placemark>
        <name>Line 71</name>
        <styleUrl>#line-F8971B-4000-nodesc</styleUrl>
        <LineString>
          <tessellate>1</tessellate>
          <coordinates>
            -0.179197,51.63709,0
            -0.179236,51.637126,0
          </coordinates>
        </LineString>
      </Placemark>
      <Placemark>
        <name>Line 72</name>
        <styleUrl>#line-F8971B-4000-nodesc</styleUrl>
        <LineString>
          <tessellate>1</tessellate>
          <coordinates>
            -0.179236,51.637126,0
            -0.179544,51.637433,0
          </coordinates>
        </LineString>
      </Placemark>
      <Placemark>
        <name>Line 73</name>
        <styleUrl>#line-F8971B-4000-nodesc</styleUrl>
        <LineString>
          <tessellate>1</tessellate>
          <coordinates>
            -0.179544,51.637433,0
            -0.179826,51.637745,0
          </coordinates>
        </LineString>
      </Placemark>
      <Placemark>
        <name>Line 74</name>
        <styleUrl>#line-F8971B-4000-nodesc</styleUrl>
        <LineString>
          <tessellate>1</tessellate>
          <coordinates>
            -0.179826,51.637745,0
            -0.179862,51.637747,0
            -0.179931,51.637883,0
          </coordinates>
        </LineString>
      </Placemark>
      <Placemark>
        <name>Line 75</name>
        <styleUrl>#line-F8971B-4000-nodesc</styleUrl>
        <LineString>
          <tessellate>1</tessellate>
          <coordinates>
            -0.179931,51.637883,0
            -0.179941,51.637991,0
            -0.179902,51.637994,0
            -0.179914,51.638044,0
            -0.180155,51.638029,0
            -0.180349,51.63798,0
            -0.180321,51.63786,0
            -0.180452,51.63785,0
            -0.180454,51.637861,0
          </coordinates>
        </LineString>
      </Placemark>
      <Placemark>
        <name>Line 77</name>
        <styleUrl>#line-F8971B-4000-nodesc</styleUrl>
        <LineString>
          <tessellate>1</tessellate>
          <coordinates>
            -0.180452,51.63785,0
            -0.180454,51.637861,0
            -0.180408,51.637864,0
            -0.180417,51.637886,0
            -0.180391,51.637888,0
            -0.180415,51.637966,0
            -0.18048,51.637958,0
            -0.180493,51.637992,0
            -0.180552,51.637985,0
            -0.180566,51.638022,0
            -0.180585,51.638021,0
            -0.180628,51.638112,0
            -0.18065,51.638112,0
          </coordinates>
        </LineString>
      </Placemark>
      <Placemark>
        <name>Line 78</name>
        <styleUrl>#line-F8971B-4000-nodesc</styleUrl>
        <LineString>
          <tessellate>1</tessellate>
          <coordinates>
            -0.18065,51.638112,0
            -0.180674,51.638192,0
            -0.18075,51.638182,0
          </coordinates>
        </LineString>
      </Placemark>
      <Placemark>
        <name>Line 79</name>
        <styleUrl>#line-F8971B-4000-nodesc</styleUrl>
        <LineString>
          <tessellate>1</tessellate>
          <coordinates>
            -0.179719,51.638355,0
            -0.179721,51.638415,0
            -0.179751,51.638415,0
            -0.179763,51.638464,0
            -0.179736,51.638469,0
            -0.179736,51.638504,0
            -0.17977,51.638507,0
            -0.179884,51.638653,0
            -0.179975,51.638778,0
            -0.180058,51.638905,0
            -0.180114,51.638895,0
            -0.180137,51.638923,0
          </coordinates>
        </LineString>
      </Placemark>
      <Placemark>
        <name>Line 80</name>
        <styleUrl>#line-F8971B-4000-nodesc</styleUrl>
        <LineString>
          <tessellate>1</tessellate>
          <coordinates>
            -0.180137,51.638923,0
            -0.180426,51.638845,0
            -0.180407,51.638787,0
            -0.180451,51.638782,0
            -0.180454,51.638792,0
            -0.180637,51.63876,0
            -0.180664,51.638762,0
            -0.180879,51.638778,0
            -0.18148,51.638835,0
            -0.181771,51.638868,0
            -0.181823,51.638876,0
            -0.181962,51.63891,0
          </coordinates>
        </LineString>
      </Placemark>
      <Placemark>
        <name>Line 81</name>
        <styleUrl>#line-F8971B-4000-nodesc</styleUrl>
        <LineString>
          <tessellate>1</tessellate>
          <coordinates>
            -0.181962,51.63891,0
            -0.181996,51.638928,0
            -0.182107,51.639021,0
            -0.182227,51.639141,0
            -0.182337,51.639268,0
            -0.182445,51.639391,0
            -0.182873,51.639256,0
          </coordinates>
        </LineString>
      </Placemark>
      <Placemark>
        <name>Line 82</name>
        <styleUrl>#line-F8971B-4000-nodesc</styleUrl>
        <LineString>
          <tessellate>1</tessellate>
          <coordinates>
            -0.182873,51.639256,0
            -0.182898,51.639225,0
            -0.182959,51.639199,0
            -0.182981,51.639227,0
            -0.182994,51.639222,0
          </coordinates>
        </LineString>
      </Placemark>
      <Placemark>
        <name>Line 83</name>
        <styleUrl>#line-F8971B-4000-nodesc</styleUrl>
        <LineString>
          <tessellate>1</tessellate>
          <coordinates>
            -0.182994,51.639222,0
            -0.183069,51.639242,0
          </coordinates>
        </LineString>
      </Placemark>
      <Placemark>
        <name>Line 84</name>
        <styleUrl>#line-F8971B-4000-nodesc</styleUrl>
        <LineString>
          <tessellate>1</tessellate>
          <coordinates>
            -0.183069,51.639242,0
            -0.182865,51.6393,0
            -0.18269,51.639353,0
            -0.182532,51.6394,0
            -0.182535,51.639426,0
            -0.182472,51.639425,0
          </coordinates>
        </LineString>
      </Placemark>
      <Placemark>
        <name>Line 85</name>
        <styleUrl>#line-F8971B-4000-nodesc</styleUrl>
        <LineString>
          <tessellate>1</tessellate>
          <coordinates>
            -0.182472,51.639425,0
            -0.182471,51.63943,0
            -0.182455,51.639432,0
            -0.182449,51.639551,0
            -0.18243,51.639566,0
            -0.182268,51.639643,0
            -0.182099,51.639672,0
            -0.182101,51.639686,0
            -0.181838,51.639709,0
            -0.181648,51.639736,0
            -0.181622,51.63974,0
          </coordinates>
        </LineString>
      </Placemark>
      <Placemark>
        <name>Line 86</name>
        <styleUrl>#line-F8971B-4000-nodesc</styleUrl>
        <LineString>
          <tessellate>1</tessellate>
          <coordinates>
            -0.181622,51.63974,0
            -0.181233,51.63979,0
            -0.180988,51.639814,0
            -0.180973,51.639774,0
            -0.180647,51.639817,0
          </coordinates>
        </LineString>
      </Placemark>
      <Placemark>
        <name>Line 87</name>
        <styleUrl>#line-F8971B-4000-nodesc</styleUrl>
        <LineString>
          <tessellate>1</tessellate>
          <coordinates>
            -0.180647,51.639817,0
            -0.180622,51.639822,0
          </coordinates>
        </LineString>
      </Placemark>
      <Placemark>
        <name>Line 88</name>
        <styleUrl>#line-F8971B-4000-nodesc</styleUrl>
        <LineString>
          <tessellate>1</tessellate>
          <coordinates>
            -0.180622,51.639822,0
            -0.180641,51.63986,0
          </coordinates>
        </LineString>
      </Placemark>
      <Placemark>
        <name>Line 89</name>
        <styleUrl>#line-F8971B-4000-nodesc</styleUrl>
        <LineString>
          <tessellate>1</tessellate>
          <coordinates>
            -0.180641,51.63986,0
            -0.180624,51.639861,0
            -0.180671,51.639971,0
            -0.180737,51.640128,0
            -0.180712,51.640132,0
            -0.180738,51.640165,0
            -0.180816,51.640362,0
            -0.181024,51.640333,0
            -0.181012,51.640289,0
            -0.181071,51.64028,0
            -0.181036,51.640167,0
            -0.180961,51.640176,0
            -0.180938,51.640132,0
            -0.180898,51.640138,0
            -0.18089,51.640097,0
            -0.181716,51.639986,0
          </coordinates>
        </LineString>
      </Placemark>
      <Placemark>
        <name>Line 90</name>
        <styleUrl>#line-F8971B-4000-nodesc</styleUrl>
        <LineString>
          <tessellate>1</tessellate>
          <coordinates>
            -0.181716,51.639986,0
            -0.181948,51.639959,0
            -0.181966,51.640008,0
            -0.181949,51.64001,0
            -0.181999,51.640178,0
            -0.181765,51.640205,0
          </coordinates>
        </LineString>
      </Placemark>
      <Placemark>
        <name>Line 91</name>
        <styleUrl>#line-F8971B-4000-nodesc</styleUrl>
        <LineString>
          <tessellate>1</tessellate>
          <coordinates>
            -0.181765,51.640205,0
            -0.181417,51.640251,0
            -0.181451,51.64033,0
            -0.181506,51.64032,0
            -0.181575,51.640494,0
          </coordinates>
        </LineString>
      </Placemark>
      <Placemark>
        <name>Line 92</name>
        <styleUrl>#line-F8971B-4000-nodesc</styleUrl>
        <LineString>
          <tessellate>1</tessellate>
          <coordinates>
            -0.181575,51.640494,0
            -0.181988,51.640429,0
            -0.182539,51.640331,0
            -0.183069,51.640236,0
            -0.183515,51.640152,0
            -0.183509,51.640127,0
            -0.183546,51.640122,0
            -0.183523,51.640059,0
          </coordinates>
        </LineString>
      </Placemark>
      <Placemark>
        <name>Line 93</name>
        <styleUrl>#line-F8971B-4000-nodesc</styleUrl>
        <LineString>
          <tessellate>1</tessellate>
          <coordinates>
            -0.183523,51.640059,0
            -0.183588,51.640048,0
            -0.183611,51.640079,0
            -0.183658,51.640069,0
            -0.183678,51.640102,0
            -0.183774,51.640083,0
            -0.183741,51.639996,0
            -0.183725,51.639998,0
            -0.183717,51.63997,0
            -0.183747,51.639958,0
            -0.183977,51.640173,0
            -0.184044,51.640284,0
            -0.183992,51.640295,0
            -0.183655,51.640342,0
          </coordinates>
        </LineString>
      </Placemark>
      <Placemark>
        <name>Line 94</name>
        <styleUrl>#line-F8971B-4000-nodesc</styleUrl>
        <LineString>
          <tessellate>1</tessellate>
          <coordinates>
            -0.183655,51.640342,0
            -0.183743,51.640505,0
            -0.184127,51.640424,0
          </coordinates>
        </LineString>
      </Placemark>
      <Placemark>
        <name>Line 95</name>
        <styleUrl>#line-F8971B-4000-nodesc</styleUrl>
        <LineString>
          <tessellate>1</tessellate>
          <coordinates>
            -0.184127,51.640424,0
            -0.1843,51.640886,0
            -0.184437,51.641095,0
            -0.184544,51.641276,0
            -0.184874,51.641672,0
          </coordinates>
        </LineString>
      </Placemark>
      <Placemark>
        <name>Line 97</name>
        <styleUrl>#line-F8971B-4000-nodesc</styleUrl>
        <LineString>
          <tessellate>1</tessellate>
          <coordinates>
            -0.185282,51.64248,0
            -0.185365,51.64244,0
            -0.185276,51.642363,0
            -0.185453,51.642288,0
            -0.185486,51.642278,0
            -0.185188,51.641982,0
            -0.184874,51.641672,0
            -0.184885,51.641687,0
          </coordinates>
        </LineString>
      </Placemark>
      <Placemark>
        <name>Line 98</name>
        <styleUrl>#line-F8971B-4000-nodesc</styleUrl>
        <LineString>
          <tessellate>1</tessellate>
          <coordinates>
            -0.185282,51.64248,0
            -0.185298,51.642496,0
            -0.185,51.642593,0
            -0.184949,51.642556,0
            -0.184981,51.642543,0
            -0.184694,51.642273,0
            -0.184324,51.641938,0
            -0.184091,51.641736,0
          </coordinates>
        </LineString>
      </Placemark>
      <Placemark>
        <name>Line 99</name>
        <styleUrl>#line-F8971B-4000-nodesc</styleUrl>
        <LineString>
          <tessellate>1</tessellate>
          <coordinates>
            -0.184254,51.642315,0
            -0.184324,51.642294,0
            -0.184118,51.642135,0
            -0.18395,51.642003,0
            -0.183816,51.641864,0
            -0.183652,51.641706,0
            -0.183615,51.641667,0
            -0.183646,51.641652,0
            -0.183633,51.641638,0
            -0.183872,51.641544,0
            -0.184091,51.641736,0
          </coordinates>
        </LineString>
      </Placemark>
      <Placemark>
        <name>Line 100</name>
        <styleUrl>#line-F8971B-4000-nodesc</styleUrl>
        <LineString>
          <tessellate>1</tessellate>
          <coordinates>
            -0.184254,51.642315,0
            -0.18423,51.642289,0
            -0.184197,51.642273,0
            -0.184218,51.642263,0
            -0.184048,51.642115,0
            -0.183792,51.641897,0
            -0.183564,51.641673,0
            -0.183277,51.641804,0
          </coordinates>
        </LineString>
      </Placemark>
      <Placemark>
        <name>Line 101</name>
        <styleUrl>#line-F8971B-4000-nodesc</styleUrl>
        <LineString>
          <tessellate>1</tessellate>
          <coordinates>
            -0.183277,51.641804,0
            -0.183739,51.642203,0
            -0.18411,51.642514,0
          </coordinates>
        </LineString>
      </Placemark>
      <Placemark>
        <name>Line 102</name>
        <styleUrl>#line-F8971B-4000-nodesc</styleUrl>
        <LineString>
          <tessellate>1</tessellate>
          <coordinates>
            -0.18411,51.642514,0
            -0.184196,51.642555,0
            -0.184221,51.642546,0
            -0.184272,51.642586,0
            -0.184141,51.642671,0
          </coordinates>
        </LineString>
      </Placemark>
      <Placemark>
        <name>Line 103</name>
        <styleUrl>#line-F8971B-4000-nodesc</styleUrl>
        <LineString>
          <tessellate>1</tessellate>
          <coordinates>
            -0.184141,51.642671,0
            -0.184234,51.642723,0
            -0.184303,51.642766,0
            -0.184257,51.642801,0
            -0.184218,51.642784,0
          </coordinates>
        </LineString>
      </Placemark>
      <Placemark>
        <name>Line 104</name>
        <styleUrl>#line-F8971B-4000-nodesc</styleUrl>
        <LineString>
          <tessellate>1</tessellate>
          <coordinates>
            -0.184218,51.642784,0
            -0.184106,51.642868,0
            -0.184118,51.642875,0
            -0.184068,51.642917,0
            -0.183916,51.643032,0
          </coordinates>
        </LineString>
      </Placemark>
      <Placemark>
        <name>Line 105</name>
        <styleUrl>#line-F8971B-4000-nodesc</styleUrl>
        <LineString>
          <tessellate>1</tessellate>
          <coordinates>
            -0.183916,51.643032,0
            -0.183998,51.643063,0
            -0.183992,51.643123,0
            -0.184004,51.643128,0
            -0.184005,51.643178,0
          </coordinates>
        </LineString>
      </Placemark>
      <Placemark>
        <name>Line 106</name>
        <styleUrl>#line-F8971B-4000-nodesc</styleUrl>
        <LineString>
          <tessellate>1</tessellate>
          <coordinates>
            -0.183837,51.643432,0
            -0.183774,51.643395,0
            -0.183926,51.643281,0
            -0.183991,51.643225,0
            -0.184002,51.643207,0
            -0.184005,51.643178,0
          </coordinates>
        </LineString>
      </Placemark>
      <Placemark>
        <name>Line 107</name>
        <styleUrl>#line-F8971B-4000-nodesc</styleUrl>
        <LineString>
          <tessellate>1</tessellate>
          <coordinates>
            -0.183837,51.643432,0
            -0.18401,51.643569,0
            -0.183975,51.643588,0
            -0.18414,51.643723,0
            -0.184122,51.64373,0
            -0.184481,51.644014,0
            -0.184508,51.644035,0
            -0.184696,51.644111,0
            -0.184859,51.644033,0
          </coordinates>
        </LineString>
      </Placemark>
      <Placemark>
        <name>Line 108</name>
        <styleUrl>#line-F8971B-4000-nodesc</styleUrl>
        <LineString>
          <tessellate>1</tessellate>
          <coordinates>
            -0.184859,51.644033,0
            -0.184792,51.643982,0
            -0.184843,51.643953,0
            -0.184969,51.643948,0
            -0.184934,51.643765,0
            -0.184776,51.643643,0
            -0.184757,51.643649,0
            -0.184615,51.643545,0
            -0.184476,51.643446,0
          </coordinates>
        </LineString>
      </Placemark>
      <Placemark>
        <name>Line 109</name>
        <styleUrl>#line-F8971B-4000-nodesc</styleUrl>
        <LineString>
          <tessellate>1</tessellate>
          <coordinates>
            -0.184476,51.643446,0
            -0.184338,51.643352,0
            -0.184254,51.64338,0
            -0.184303,51.643297,0
            -0.184286,51.643187,0
            -0.184767,51.642912,0
            -0.185405,51.642634,0
            -0.18574,51.642974,0
            -0.185695,51.642987,0
            -0.186135,51.643452,0
          </coordinates>
        </LineString>
      </Placemark>
      <Placemark>
        <name>Line 110</name>
        <styleUrl>#line-F8971B-4000-nodesc</styleUrl>
        <LineString>
          <tessellate>1</tessellate>
          <coordinates>
            -0.186135,51.643452,0
            -0.186695,51.644022,0
          </coordinates>
        </LineString>
      </Placemark>
      <Placemark>
        <name>Line 111</name>
        <styleUrl>#line-F8971B-4000-nodesc</styleUrl>
        <LineString>
          <tessellate>1</tessellate>
          <coordinates>
            -0.186695,51.644022,0
            -0.186961,51.64446,0
            -0.187307,51.644961,0
          </coordinates>
        </LineString>
      </Placemark>
      <Placemark>
        <name>Line 112</name>
        <styleUrl>#line-F8971B-4000-nodesc</styleUrl>
        <LineString>
          <tessellate>1</tessellate>
          <coordinates>
            -0.187307,51.644961,0
            -0.18748,51.645227,0
          </coordinates>
        </LineString>
      </Placemark>
      <Placemark>
        <name>Line 113</name>
        <styleUrl>#line-F8971B-4000-nodesc</styleUrl>
        <LineString>
          <tessellate>1</tessellate>
          <coordinates>
            -0.18748,51.645227,0
            -0.187637,51.645466,0
          </coordinates>
        </LineString>
      </Placemark>
      <Placemark>
        <name>Line 114</name>
        <styleUrl>#line-F8971B-4000-nodesc</styleUrl>
        <LineString>
          <tessellate>1</tessellate>
          <coordinates>
            -0.187637,51.645466,0
            -0.187814,51.645753,0
          </coordinates>
        </LineString>
      </Placemark>
      <Placemark>
        <name>Line 115</name>
        <styleUrl>#line-F8971B-4000-nodesc</styleUrl>
        <LineString>
          <tessellate>1</tessellate>
          <coordinates>
            -0.188779,51.646714,0
            -0.18849,51.646248,0
            -0.188128,51.64575,0
          </coordinates>
        </LineString>
      </Placemark>
      <Placemark>
        <name>Line 117</name>
        <styleUrl>#line-F8971B-4000-nodesc</styleUrl>
        <LineString>
          <tessellate>1</tessellate>
          <coordinates>
            -0.188128,51.64575,0
            -0.18795,51.645848,0
            -0.187924,51.645802,0
            -0.187865,51.645803,0
            -0.187803,51.645735,0
            -0.187814,51.645753,0
          </coordinates>
        </LineString>
      </Placemark>
      <Placemark>
        <name>Line 118</name>
        <styleUrl>#line-F8971B-4000-nodesc</styleUrl>
        <LineString>
          <tessellate>1</tessellate>
          <coordinates>
            -0.188779,51.646714,0
            -0.188911,51.646864,0
            -0.189085,51.647083,0
            -0.18923,51.647265,0
            -0.189262,51.647298,0
            -0.189737,51.647431,0
          </coordinates>
        </LineString>
      </Placemark>
      <Placemark>
        <name>Line 119</name>
        <styleUrl>#line-F8971B-4000-nodesc</styleUrl>
        <LineString>
          <tessellate>1</tessellate>
          <coordinates>
            -0.189737,51.647431,0
            -0.189927,51.647679,0
          </coordinates>
        </LineString>
      </Placemark>
      <Placemark>
        <name>Line 120</name>
        <styleUrl>#line-F8971B-4000-nodesc</styleUrl>
        <LineString>
          <tessellate>1</tessellate>
          <coordinates>
            -0.189927,51.647679,0
            -0.189624,51.647782,0
            -0.189729,51.647887,0
            -0.189605,51.64794,0
          </coordinates>
        </LineString>
      </Placemark>
      <Placemark>
        <name>Line 121</name>
        <styleUrl>#line-F8971B-4000-nodesc</styleUrl>
        <LineString>
          <tessellate>1</tessellate>
          <coordinates>
            -0.189605,51.64794,0
            -0.189831,51.648115,0
            -0.190201,51.648361,0
            -0.190474,51.648571,0
          </coordinates>
        </LineString>
      </Placemark>
      <Placemark>
        <name>Line 122</name>
        <styleUrl>#line-F8971B-4000-nodesc</styleUrl>
        <LineString>
          <tessellate>1</tessellate>
          <coordinates>
            -0.190474,51.648571,0
            -0.190772,51.648831,0
            -0.191027,51.648974,0
            -0.191164,51.64905,0
            -0.19122,51.649114,0
          </coordinates>
        </LineString>
      </Placemark>
      <Placemark>
        <name>Line 123</name>
        <styleUrl>#line-F8971B-4000-nodesc</styleUrl>
        <LineString>
          <tessellate>1</tessellate>
          <coordinates>
            -0.19122,51.649114,0
            -0.191488,51.649347,0
            -0.191853,51.649666,0
          </coordinates>
        </LineString>
      </Placemark>
      <Placemark>
        <name>Line 124</name>
        <styleUrl>#line-F8971B-4000-nodesc</styleUrl>
        <LineString>
          <tessellate>1</tessellate>
          <coordinates>
            -0.191853,51.649666,0
            -0.19218,51.649957,0
            -0.192424,51.65021,0
            -0.192491,51.650274,0
          </coordinates>
        </LineString>
      </Placemark>
      <Placemark>
        <name>Line 125</name>
        <styleUrl>#line-F8971B-4000-nodesc</styleUrl>
        <LineString>
          <tessellate>1</tessellate>
          <coordinates>
            -0.192491,51.650274,0
            -0.192634,51.650463,0
            -0.192902,51.650839,0
          </coordinates>
        </LineString>
      </Placemark>
      <Placemark>
        <name>Line 126</name>
        <styleUrl>#line-F8971B-4000-nodesc</styleUrl>
        <LineString>
          <tessellate>1</tessellate>
          <coordinates>
            -0.192902,51.650839,0
            -0.193119,51.651179,0
            -0.193149,51.651234,0
            -0.193267,51.651505,0
            -0.193328,51.651642,0
            -0.193296,51.651577,0
          </coordinates>
        </LineString>
      </Placemark>
      <Placemark>
        <name>Line 127</name>
        <styleUrl>#line-F8971B-4000-nodesc</styleUrl>
        <LineString>
          <tessellate>1</tessellate>
          <coordinates>
            -0.193328,51.651642,0
            -0.193411,51.651612,0
            -0.193603,51.651867,0
          </coordinates>
        </LineString>
      </Placemark>
      <Placemark>
        <name>Line 128</name>
        <styleUrl>#line-F8971B-4000-nodesc</styleUrl>
        <LineString>
          <tessellate>1</tessellate>
          <coordinates>
            -0.195399,51.651419,0
            -0.195216,51.651472,0
            -0.195121,51.651327,0
            -0.194838,51.651229,0
            -0.19453,51.651077,0
            -0.194315,51.651189,0
            -0.194449,51.651347,0
            -0.194604,51.651565,0
            -0.194404,51.651611,0
            -0.194432,51.651662,0
            -0.19383,51.65184,0
            -0.19367,51.651889,0
            -0.193645,51.651853,0
            -0.193603,51.651867,0
          </coordinates>
        </LineString>
      </Placemark>
      <Placemark>
        <name>Line 129</name>
        <styleUrl>#line-F8971B-4000-nodesc</styleUrl>
        <LineString>
          <tessellate>1</tessellate>
          <coordinates>
            -0.195399,51.651419,0
            -0.195498,51.651527,0
          </coordinates>
        </LineString>
      </Placemark>
      <Placemark>
        <name>Line 130</name>
        <styleUrl>#line-F8971B-4000-nodesc</styleUrl>
        <LineString>
          <tessellate>1</tessellate>
          <coordinates>
            -0.195498,51.651527,0
            -0.195394,51.651562,0
            -0.195549,51.651728,0
            -0.195439,51.651763,0
            -0.195356,51.651648,0
            -0.19439,51.651934,0
          </coordinates>
        </LineString>
      </Placemark>
      <Placemark>
        <name>Line 131</name>
        <styleUrl>#line-F8971B-4000-nodesc</styleUrl>
        <LineString>
          <tessellate>1</tessellate>
          <coordinates>
            -0.19439,51.651934,0
            -0.193473,51.652226,0
            -0.193433,51.652189,0
            -0.193234,51.65225,0
            -0.19325,51.652292,0
          </coordinates>
        </LineString>
      </Placemark>
      <Placemark>
        <name>Line 132</name>
        <styleUrl>#line-F8971B-4000-nodesc</styleUrl>
        <LineString>
          <tessellate>1</tessellate>
          <coordinates>
            -0.19325,51.652292,0
            -0.192245,51.652615,0
          </coordinates>
        </LineString>
      </Placemark>
      <Placemark>
        <name>Line 134</name>
        <styleUrl>#line-F8971B-4000-nodesc</styleUrl>
        <LineString>
          <tessellate>1</tessellate>
          <coordinates>
            -0.192245,51.652615,0
            -0.192443,51.652886,0
            -0.192674,51.652826,0
            -0.19277,51.652958,0
            -0.192843,51.652941,0
            -0.192947,51.653086,0
            -0.192813,51.653207,0
            -0.192593,51.653269,0
            -0.192349,51.653247,0
            -0.192263,51.653121,0
            -0.192317,51.653094,0
            -0.192226,51.652973,0
            -0.192188,51.652983,0
            -0.192172,51.652959,0
            -0.192301,51.652906,0
            -0.192129,51.65265,0
          </coordinates>
        </LineString>
      </Placemark>
      <Placemark>
        <name>Line 135</name>
        <styleUrl>#line-F8971B-4000-nodesc</styleUrl>
        <LineString>
          <tessellate>1</tessellate>
          <coordinates>
            -0.192129,51.65265,0
            -0.192132,51.652673,0
            -0.189954,51.653305,0
          </coordinates>
        </LineString>
      </Placemark>
      <Placemark>
        <name>Line 138</name>
        <styleUrl>#line-F8971B-4000-nodesc</styleUrl>
        <LineString>
          <tessellate>1</tessellate>
          <coordinates>
            -0.189954,51.653305,0
            -0.19015,51.653547,0
            -0.190225,51.653673,0
            -0.190281,51.653803,0
            -0.190281,51.65386,0
            -0.19026,51.653896,0
            -0.190225,51.653946,0
            -0.190152,51.654011,0
            -0.190013,51.654143,0
            -0.1899,51.654264,0
          </coordinates>
        </LineString>
      </Placemark>
      <Placemark>
        <name>Line 139</name>
        <styleUrl>#line-F8971B-4000-nodesc</styleUrl>
        <LineString>
          <tessellate>1</tessellate>
          <coordinates>
            -0.1899,51.654264,0
            -0.189887,51.654291,0
            -0.189887,51.654316,0
            -0.189892,51.654337,0
            -0.189906,51.654352,0
            -0.189922,51.654379,0
            -0.189946,51.654407,0
            -0.190013,51.654439,0
            -0.189959,51.654484,0
            -0.189903,51.654459,0
            -0.189879,51.654457,0
            -0.189858,51.654469,0
          </coordinates>
        </LineString>
      </Placemark>
      <Placemark>
        <name>Line 140</name>
        <styleUrl>#line-F8971B-4000-nodesc</styleUrl>
        <LineString>
          <tessellate>1</tessellate>
          <coordinates>
            -0.189578,51.654609,0
            -0.189766,51.6546,0
            -0.189833,51.654597,0
            -0.189806,51.654512,0
            -0.189815,51.654504,0
            -0.189835,51.654481,0
            -0.189858,51.654469,0
          </coordinates>
        </LineString>
      </Placemark>
      <Placemark>
        <name>Line 145</name>
        <styleUrl>#line-F8971B-4000-nodesc</styleUrl>
        <LineString>
          <tessellate>1</tessellate>
          <coordinates>
            -0.189074,51.655204,0
            -0.189013,51.655634,0
          </coordinates>
        </LineString>
      </Placemark>
      <Placemark>
        <name>Line 146</name>
        <styleUrl>#line-F8971B-4000-nodesc</styleUrl>
        <LineString>
          <tessellate>1</tessellate>
          <coordinates>
            -0.189013,51.655634,0
            -0.187765,51.655582,0
            -0.187285,51.65559,0
            -0.186314,51.655605,0
            -0.186317,51.655407,0
            -0.186416,51.655401,0
            -0.186432,51.654985,0
            -0.185912,51.654986,0
            -0.185912,51.655001,0
            -0.186033,51.655003,0
          </coordinates>
        </LineString>
      </Placemark>
      <Placemark>
        <name>Line 147</name>
        <styleUrl>#line-F8971B-4000-nodesc</styleUrl>
        <LineString>
          <tessellate>1</tessellate>
          <coordinates>
            -0.186033,51.655003,0
            -0.186041,51.655401,0
            -0.186151,51.655397,0
            -0.186143,51.655647,0
          </coordinates>
        </LineString>
      </Placemark>
      <Placemark>
        <name>Line 148</name>
        <styleUrl>#line-F8971B-4000-nodesc</styleUrl>
        <LineString>
          <tessellate>1</tessellate>
          <coordinates>
            -0.186143,51.655647,0
            -0.185574,51.655648,0
            -0.185575,51.655626,0
            -0.185103,51.655625,0
            -0.185102,51.655707,0
          </coordinates>
        </LineString>
      </Placemark>
      <Placemark>
        <name>Line 149</name>
        <styleUrl>#line-F8971B-4000-nodesc</styleUrl>
        <LineString>
          <tessellate>1</tessellate>
          <coordinates>
            -0.185102,51.655707,0
            -0.185048,51.655806,0
          </coordinates>
        </LineString>
      </Placemark>
      <Placemark>
        <name>Line 150</name>
        <styleUrl>#line-F8971B-4000-nodesc</styleUrl>
        <LineString>
          <tessellate>1</tessellate>
          <coordinates>
            -0.185048,51.655806,0
            -0.185047,51.655881,0
            -0.184559,51.655888,0
            -0.184562,51.656101,0
            -0.184657,51.656102,0
            -0.184658,51.65615,0
            -0.184701,51.656152,0
            -0.184721,51.656328,0
          </coordinates>
        </LineString>
      </Placemark>
      <Placemark>
        <name>Line 151</name>
        <styleUrl>#line-F8971B-4000-nodesc</styleUrl>
        <LineString>
          <tessellate>1</tessellate>
          <coordinates>
            -0.184721,51.656328,0
            -0.184736,51.65664,0
            -0.184728,51.65678,0
            -0.184704,51.656781,0
            -0.184716,51.657053,0
            -0.184583,51.657054,0
          </coordinates>
        </LineString>
      </Placemark>
      <Placemark>
        <name>Line 152</name>
        <styleUrl>#line-F8971B-4000-nodesc</styleUrl>
        <LineString>
          <tessellate>1</tessellate>
          <coordinates>
            -0.184583,51.657054,0
            -0.184584,51.657196,0
            -0.184599,51.657209,0
            -0.184622,51.65722,0
            -0.184646,51.657224,0
            -0.185235,51.65722,0
            -0.185241,51.65718,0
          </coordinates>
        </LineString>
      </Placemark>
      <Placemark>
        <name>Line 153</name>
        <styleUrl>#line-F8971B-4000-nodesc</styleUrl>
        <LineString>
          <tessellate>1</tessellate>
          <coordinates>
            -0.185241,51.65718,0
            -0.185573,51.65718,0
            -0.185571,51.657088,0
            -0.185714,51.657091,0
            -0.185716,51.657133,0
            -0.18583,51.657134,0
            -0.185837,51.657066,0
            -0.185931,51.657061,0
            -0.185933,51.657126,0
            -0.186034,51.657126,0
            -0.186037,51.657143,0
            -0.186226,51.65714,0
            -0.186227,51.657086,0
            -0.186266,51.657087,0
            -0.186271,51.657116,0
            -0.18643,51.657116,0
            -0.186436,51.65703,0
            -0.186584,51.657028,0
            -0.186584,51.656947,0
            -0.186658,51.656943,0
            -0.186658,51.656905,0
            -0.186806,51.656902,0
          </coordinates>
        </LineString>
      </Placemark>
      <Placemark>
        <name>Line 154</name>
        <styleUrl>#line-F8971B-4000-nodesc</styleUrl>
        <LineString>
          <tessellate>1</tessellate>
          <coordinates>
            -0.186806,51.656902,0
            -0.186855,51.656902,0
            -0.186852,51.65691,0
            -0.187103,51.657021,0
            -0.187106,51.657042,0
            -0.187082,51.657047,0
          </coordinates>
        </LineString>
      </Placemark>
      <Placemark>
        <name>Line 155</name>
        <styleUrl>#line-F8971B-4000-nodesc</styleUrl>
        <LineString>
          <tessellate>1</tessellate>
          <coordinates>
            -0.187082,51.657047,0
            -0.187099,51.657089,0
            -0.187126,51.657085,0
            -0.187148,51.657135,0
            -0.187095,51.657146,0
            -0.187122,51.65721,0
            -0.18711,51.657241,0
            -0.187073,51.657266,0
            -0.186999,51.657287,0
            -0.187034,51.657343,0
            -0.186908,51.657389,0
            -0.186935,51.657424,0
            -0.186919,51.65743,0
            -0.186969,51.657486,0
            -0.186897,51.657511,0
          </coordinates>
        </LineString>
      </Placemark>
      <Placemark>
        <name>Line 156</name>
        <styleUrl>#line-F8971B-4000-nodesc</styleUrl>
        <LineString>
          <tessellate>1</tessellate>
          <coordinates>
            -0.186897,51.657511,0
            -0.186872,51.657487,0
            -0.186804,51.65751,0
            -0.18668,51.657508,0
            -0.1867,51.657428,0
            -0.18647,51.657431,0
            -0.186459,51.657488,0
            -0.186383,51.657479,0
            -0.186194,51.657451,0
          </coordinates>
        </LineString>
      </Placemark>
      <Placemark>
        <name>Line 157</name>
        <styleUrl>#line-F8971B-4000-nodesc</styleUrl>
        <LineString>
          <tessellate>1</tessellate>
          <coordinates>
            -0.186194,51.657451,0
            -0.186187,51.657466,0
            -0.186128,51.657462,0
            -0.186141,51.657426,0
            -0.186072,51.657418,0
            -0.186054,51.657376,0
            -0.185852,51.657376,0
          </coordinates>
        </LineString>
      </Placemark>
      <Placemark>
        <name>Line 158</name>
        <styleUrl>#line-F8971B-4000-nodesc</styleUrl>
        <LineString>
          <tessellate>1</tessellate>
          <coordinates>
            -0.185852,51.657376,0
            -0.185807,51.65738,0
            -0.185806,51.657438,0
            -0.185614,51.657433,0
            -0.185609,51.657379,0
            -0.185406,51.65738,0
          </coordinates>
        </LineString>
      </Placemark>
      <Placemark>
        <name>Line 159</name>
        <styleUrl>#line-F8971B-4000-nodesc</styleUrl>
        <LineString>
          <tessellate>1</tessellate>
          <coordinates>
            -0.185406,51.65738,0
            -0.185406,51.657322,0
            -0.185385,51.657315,0
            -0.185134,51.657317,0
            -0.184551,51.657327,0
            -0.184497,51.657336,0
            -0.184186,51.65741,0
            -0.184304,51.657438,0
            -0.184174,51.657464,0
            -0.184106,51.65742,0
          </coordinates>
        </LineString>
      </Placemark>
      <Placemark>
        <name>Line 160</name>
        <styleUrl>#line-F8971B-4000-nodesc</styleUrl>
        <LineString>
          <tessellate>1</tessellate>
          <coordinates>
            -0.184106,51.65742,0
            -0.183518,51.657549,0
          </coordinates>
        </LineString>
      </Placemark>
      <Placemark>
        <name>Line 161</name>
        <styleUrl>#line-F8971B-4000-nodesc</styleUrl>
        <LineString>
          <tessellate>1</tessellate>
          <coordinates>
            -0.183518,51.657549,0
            -0.183387,51.657475,0
          </coordinates>
        </LineString>
      </Placemark>
      <Placemark>
        <name>Line 162</name>
        <styleUrl>#line-F8971B-4000-nodesc</styleUrl>
        <LineString>
          <tessellate>1</tessellate>
          <coordinates>
            -0.183387,51.657475,0
            -0.183353,51.65748,0
            -0.183316,51.657453,0
            -0.183369,51.657464,0
            -0.183365,51.657409,0
            -0.183348,51.657407,0
            -0.183346,51.657044,0
            -0.183502,51.657051,0
            -0.183501,51.65702,0
            -0.18338,51.657019,0
            -0.183372,51.656964,0
            -0.183432,51.656961,0
            -0.183416,51.656635,0
            -0.183357,51.656636,0
            -0.18334,51.656212,0
            -0.183342,51.656093,0
          </coordinates>
        </LineString>
      </Placemark>
      <Placemark>
        <name>Line 163</name>
        <styleUrl>#line-F8971B-4000-nodesc</styleUrl>
        <LineString>
          <tessellate>1</tessellate>
          <coordinates>
            -0.183342,51.656093,0
            -0.183262,51.656095,0
          </coordinates>
        </LineString>
      </Placemark>
      <Placemark>
        <name>Line 165</name>
        <styleUrl>#line-F8971B-4000-nodesc</styleUrl>
        <LineString>
          <tessellate>1</tessellate>
          <coordinates>
            -0.183262,51.656095,0
            -0.183108,51.656095,0
          </coordinates>
        </LineString>
      </Placemark>
      <Placemark>
        <name>Line 166</name>
        <styleUrl>#line-F8971B-4000-nodesc</styleUrl>
        <LineString>
          <tessellate>1</tessellate>
          <coordinates>
            -0.183108,51.656095,0
            -0.183102,51.655943,0
            -0.183062,51.655943,0
            -0.18305,51.655912,0
            -0.18298,51.655916,0
            -0.182975,51.655871,0
            -0.182587,51.655878,0
            -0.182587,51.655964,0
            -0.182534,51.655966,0
          </coordinates>
        </LineString>
      </Placemark>
      <Placemark>
        <name>Line 167</name>
        <styleUrl>#line-F8971B-4000-nodesc</styleUrl>
        <LineString>
          <tessellate>1</tessellate>
          <coordinates>
            -0.182534,51.655966,0
            -0.182524,51.655888,0
            -0.182472,51.655889,0
            -0.182467,51.655941,0
            -0.18218,51.655943,0
            -0.182181,51.655828,0
            -0.182119,51.655826,0
          </coordinates>
        </LineString>
      </Placemark>
      <Placemark>
        <name>Line 168</name>
        <styleUrl>#line-F8971B-4000-nodesc</styleUrl>
        <LineString>
          <tessellate>1</tessellate>
          <coordinates>
            -0.182119,51.655826,0
            -0.182115,51.655725,0
          </coordinates>
        </LineString>
      </Placemark>
      <Placemark>
        <name>Line 169</name>
        <styleUrl>#line-F8971B-4000-nodesc</styleUrl>
        <LineString>
          <tessellate>1</tessellate>
          <coordinates>
            -0.182115,51.655725,0
            -0.182034,51.655727,0
            -0.182001,51.655143,0
            -0.182044,51.655146,0
            -0.182042,51.654956,0
            -0.182015,51.654956,0
            -0.182004,51.654414,0
          </coordinates>
        </LineString>
      </Placemark>
      <Placemark>
        <name>Line 170</name>
        <styleUrl>#line-F8971B-4000-nodesc</styleUrl>
        <LineString>
          <tessellate>1</tessellate>
          <coordinates>
            -0.182004,51.654414,0
            -0.181972,51.654001,0
            -0.181964,51.653497,0
            -0.181966,51.65341,0
          </coordinates>
        </LineString>
      </Placemark>
      <Placemark>
        <name>Line 171</name>
        <styleUrl>#line-F8971B-4000-nodesc</styleUrl>
        <LineString>
          <tessellate>1</tessellate>
          <coordinates>
            -0.181966,51.65341,0
            -0.181914,51.653405,0
            -0.181906,51.653306,0
          </coordinates>
        </LineString>
      </Placemark>
      <Placemark>
        <name>Line 172</name>
        <styleUrl>#line-F8971B-4000-nodesc</styleUrl>
        <LineString>
          <tessellate>1</tessellate>
          <coordinates>
            -0.181906,51.653306,0
            -0.181749,51.653305,0
          </coordinates>
        </LineString>
      </Placemark>
      <Placemark>
        <name>Line 173</name>
        <styleUrl>#line-F8971B-4000-nodesc</styleUrl>
        <LineString>
          <tessellate>1</tessellate>
          <coordinates>
            -0.181749,51.653305,0
            -0.181598,51.653302,0
            -0.181606,51.653174,0
            -0.181639,51.653159,0
            -0.181654,51.653138,0
            -0.181658,51.653116,0
            -0.181649,51.653095,0
            -0.181626,51.65308,0
            -0.181548,51.653059,0
            -0.181509,51.653092,0
          </coordinates>
        </LineString>
      </Placemark>
      <Placemark>
        <name>Line 174</name>
        <styleUrl>#line-F8971B-4000-nodesc</styleUrl>
        <LineString>
          <tessellate>1</tessellate>
          <coordinates>
            -0.181509,51.653092,0
            -0.181273,51.652993,0
            -0.181211,51.65295,0
            -0.181182,51.652969,0
            -0.180931,51.652796,0
          </coordinates>
        </LineString>
      </Placemark>
      <Placemark>
        <name>Line 175</name>
        <styleUrl>#line-F8971B-4000-nodesc</styleUrl>
        <LineString>
          <tessellate>1</tessellate>
          <coordinates>
            -0.180931,51.652796,0
            -0.180572,51.652535,0
            -0.180604,51.652515,0
            -0.18011,51.652033,0
            -0.179928,51.651911,0
            -0.179799,51.651826,0
            -0.179649,51.651758,0
            -0.17955,51.651728,0
            -0.179518,51.651723,0
            -0.179467,51.65179,0
            -0.179373,51.651959,0
          </coordinates>
        </LineString>
      </Placemark>
      <Placemark>
        <name>Line 176</name>
        <styleUrl>#line-F8971B-4000-nodesc</styleUrl>
        <LineString>
          <tessellate>1</tessellate>
          <coordinates>
            -0.179373,51.651959,0
            -0.179442,51.651984,0
            -0.178941,51.65255,0
          </coordinates>
        </LineString>
      </Placemark>
      <Placemark>
        <name>Line 177</name>
        <styleUrl>#line-F8971B-4000-nodesc</styleUrl>
        <LineString>
          <tessellate>1</tessellate>
          <coordinates>
            -0.178941,51.65255,0
            -0.178627,51.652908,0
            -0.178555,51.652883,0
            -0.178418,51.653063,0
          </coordinates>
        </LineString>
      </Placemark>
      <Placemark>
        <name>Line 178</name>
        <styleUrl>#line-F8971B-4000-nodesc</styleUrl>
        <LineString>
          <tessellate>1</tessellate>
          <coordinates>
            -0.178418,51.653063,0
            -0.178297,51.652951,0
          </coordinates>
        </LineString>
      </Placemark>
      <Placemark>
        <name>Line 179</name>
        <styleUrl>#line-F8971B-4000-nodesc</styleUrl>
        <LineString>
          <tessellate>1</tessellate>
          <coordinates>
            -0.178297,51.652951,0
            -0.178136,51.653153,0
            -0.177796,51.653044,0
            -0.177678,51.65299,0
            -0.177627,51.652963,0
            -0.177458,51.652718,0
            -0.177307,51.652477,0
          </coordinates>
        </LineString>
      </Placemark>
      <Placemark>
        <name>Line 180</name>
        <styleUrl>#line-F8971B-4000-nodesc</styleUrl>
        <LineString>
          <tessellate>1</tessellate>
          <coordinates>
            -0.177307,51.652477,0
            -0.177124,51.652626,0
          </coordinates>
        </LineString>
      </Placemark>
      <Placemark>
        <name>Line 181</name>
        <styleUrl>#line-F8971B-4000-nodesc</styleUrl>
        <LineString>
          <tessellate>1</tessellate>
          <coordinates>
            -0.177124,51.652626,0
            -0.177039,51.652646,0
          </coordinates>
        </LineString>
      </Placemark>
      <Placemark>
        <name>Line 182</name>
        <styleUrl>#line-F8971B-4000-nodesc</styleUrl>
        <LineString>
          <tessellate>1</tessellate>
          <coordinates>
            -0.177039,51.652646,0
            -0.177388,51.653101,0
          </coordinates>
        </LineString>
      </Placemark>
      <Placemark>
        <name>Line 183</name>
        <styleUrl>#line-F8971B-4000-nodesc</styleUrl>
        <LineString>
          <tessellate>1</tessellate>
          <coordinates>
            -0.177388,51.653101,0
            -0.17727,51.653148,0
            -0.177152,51.653204,0
            -0.177082,51.653254,0
            -0.177036,51.653324,0
            -0.176342,51.653267,0
          </coordinates>
        </LineString>
      </Placemark>
      <Placemark>
        <name>Line 184</name>
        <styleUrl>#line-F8971B-4000-nodesc</styleUrl>
        <LineString>
          <tessellate>1</tessellate>
          <coordinates>
            -0.176342,51.653267,0
            -0.175717,51.653216,0
            -0.175612,51.653201,0
            -0.175553,51.653179,0
            -0.175497,51.653133,0
            -0.175438,51.653071,0
            -0.175398,51.653016,0
            -0.175347,51.652821,0
          </coordinates>
        </LineString>
      </Placemark>
      <Placemark>
        <name>Line 185</name>
        <styleUrl>#line-F8971B-4000-nodesc</styleUrl>
        <LineString>
          <tessellate>1</tessellate>
          <coordinates>
            -0.175347,51.652821,0
            -0.175253,51.652597,0
            -0.17507,51.6522118,0
          </coordinates>
        </LineString>
      </Placemark>
      <Placemark>
        <name>Line 186</name>
        <styleUrl>#line-F8971B-4000-nodesc</styleUrl>
        <LineString>
          <tessellate>1</tessellate>
          <coordinates>
            -0.175072,51.6522148,0
            -0.174855,51.6517643,0
            -0.1748081,51.6516621,0
            -0.1747645,51.6515573,0
            -0.1746875,51.6513563,0
            -0.1745483,51.651129,0
            -0.1742442,51.650583,0
          </coordinates>
        </LineString>
      </Placemark>
      <Placemark>
        <name>Line 188</name>
        <styleUrl>#line-F8971B-4000-nodesc</styleUrl>
        <LineString>
          <tessellate>1</tessellate>
          <coordinates>
            -0.1742482,51.6505962,0
            -0.174146,51.6503956,0
            -0.174011,51.650197,0
          </coordinates>
        </LineString>
      </Placemark>
      <Placemark>
        <name>Line 189</name>
        <styleUrl>#line-F8971B-4000-nodesc</styleUrl>
        <LineString>
          <tessellate>1</tessellate>
          <coordinates>
            -0.174011,51.650197,0
            -0.173955,51.650227,0
          </coordinates>
        </LineString>
      </Placemark>
      <Placemark>
        <name>Line 190</name>
        <styleUrl>#line-F8971B-4000-nodesc</styleUrl>
        <LineString>
          <tessellate>1</tessellate>
          <coordinates>
            -0.173955,51.650227,0
            -0.173922,51.650208,0
            -0.173904,51.6502,0
            -0.173874,51.650199,0
            -0.173843,51.650205,0
            -0.173818,51.650205,0
            -0.173791,51.6502,0
            -0.173775,51.650195,0
          </coordinates>
        </LineString>
      </Placemark>
      <Placemark>
        <name>Line 191</name>
        <styleUrl>#line-F8971B-4000-nodesc</styleUrl>
        <LineString>
          <tessellate>1</tessellate>
          <coordinates>
            -0.173775,51.650195,0
            -0.173701,51.650062,0
          </coordinates>
        </LineString>
      </Placemark>
      <Placemark>
        <name>Line 192</name>
        <styleUrl>#line-F8971B-4000-nodesc</styleUrl>
        <LineString>
          <tessellate>1</tessellate>
          <coordinates>
            -0.173701,51.650062,0
            -0.174108,51.65,0
          </coordinates>
        </LineString>
      </Placemark>
      <Placemark>
        <name>Line 193</name>
        <styleUrl>#line-F8971B-4000-nodesc</styleUrl>
        <LineString>
          <tessellate>1</tessellate>
          <coordinates>
            -0.174108,51.65,0
            -0.174122,51.649992,0
            -0.174082,51.649755,0
            -0.174035,51.649506,0
          </coordinates>
        </LineString>
      </Placemark>
      <Placemark>
        <name>Line 194</name>
        <styleUrl>#line-F8971B-4000-nodesc</styleUrl>
        <LineString>
          <tessellate>1</tessellate>
          <coordinates>
            -0.174035,51.649506,0
            -0.174032,51.649487,0
            -0.173934,51.649469,0
            -0.17387,51.649455,0
            -0.173835,51.64947,0
            -0.173834,51.649522,0
            -0.173743,51.64953,0
            -0.173751,51.649465,0
            -0.173759,51.649427,0
            -0.17368,51.649389,0
            -0.173575,51.649332,0
          </coordinates>
        </LineString>
      </Placemark>
      <Placemark>
        <name>Line 195</name>
        <styleUrl>#line-F8971B-4000-nodesc</styleUrl>
        <LineString>
          <tessellate>1</tessellate>
          <coordinates>
            -0.173575,51.649332,0
            -0.173485,51.649242,0
            -0.173233,51.648726,0
            -0.17333,51.648699,0
            -0.173271,51.648569,0
          </coordinates>
        </LineString>
      </Placemark>
      <Placemark>
        <name>Line 196</name>
        <styleUrl>#line-F8971B-4000-nodesc</styleUrl>
        <LineString>
          <tessellate>1</tessellate>
          <coordinates>
            -0.173271,51.648569,0
            -0.173134,51.648596,0
            -0.172852,51.648027,0
          </coordinates>
        </LineString>
      </Placemark>
      <Placemark>
        <name>Line 197</name>
        <styleUrl>#line-F8971B-4000-nodesc</styleUrl>
        <LineString>
          <tessellate>1</tessellate>
          <coordinates>
            -0.172852,51.648027,0
            -0.172466,51.647301,0
            -0.172367,51.647063,0
          </coordinates>
        </LineString>
      </Placemark>
      <Placemark>
        <name>Line 198</name>
        <styleUrl>#line-F8971B-4000-nodesc</styleUrl>
        <LineString>
          <tessellate>1</tessellate>
          <coordinates>
            -0.172367,51.647063,0
            -0.172445,51.647043,0
            -0.172372,51.646888,0
            -0.172294,51.646892,0
            -0.172061,51.646529,0
          </coordinates>
        </LineString>
      </Placemark>
      <Placemark>
        <name>Line 199</name>
        <styleUrl>#line-F8971B-4000-nodesc</styleUrl>
        <LineString>
          <tessellate>1</tessellate>
          <coordinates>
            -0.172061,51.646529,0
            -0.171766,51.645862,0
          </coordinates>
        </LineString>
      </Placemark>
      <Placemark>
        <name>Line 200</name>
        <styleUrl>#line-F8971B-4000-nodesc</styleUrl>
        <LineString>
          <tessellate>1</tessellate>
          <coordinates>
            -0.171766,51.645862,0
            -0.172032,51.64581,0
            -0.171972,51.645585,0
            -0.171954,51.645585,0
            -0.171922,51.645479,0
            -0.171889,51.645479,0
            -0.171785,51.645209,0
            -0.17168,51.644858,0
            -0.171661,51.644743,0
            -0.171688,51.644735,0
            -0.171626,51.644494,0
            -0.171586,51.644498,0
            -0.17156,51.644379,0
            -0.171484,51.644071,0
            -0.171514,51.644067,0
            -0.171492,51.643956,0
            -0.17145,51.643959,0
            -0.171439,51.643924,0
            -0.171264,51.643939,0
          </coordinates>
        </LineString>
      </Placemark>
      <Placemark>
        <name>Line 201</name>
        <styleUrl>#line-F8971B-4000-nodesc</styleUrl>
        <LineString>
          <tessellate>1</tessellate>
          <coordinates>
            -0.171264,51.643939,0
            -0.171256,51.643891,0
            -0.170854,51.643931,0
          </coordinates>
        </LineString>
      </Placemark>
      <Placemark>
        <name>Line 202</name>
        <styleUrl>#line-F8971B-4000-nodesc</styleUrl>
        <LineString>
          <tessellate>1</tessellate>
          <coordinates>
            -0.170354,51.64353,0
            -0.170442,51.643536,0
            -0.170674,51.643947,0
            -0.170854,51.643931,0
          </coordinates>
        </LineString>
      </Placemark>
      <Placemark>
        <name>Line 203</name>
        <styleUrl>#line-F8971B-4000-nodesc</styleUrl>
        <LineString>
          <tessellate>1</tessellate>
          <coordinates>
            -0.170354,51.64353,0
            -0.170276,51.643385,0
          </coordinates>
        </LineString>
      </Placemark>
      <Placemark>
        <name>Line 204</name>
        <styleUrl>#line-F8971B-4000-nodesc</styleUrl>
        <LineString>
          <tessellate>1</tessellate>
          <coordinates>
            -0.170276,51.643385,0
            -0.170371,51.643396,0
            -0.170416,51.643404,0
            -0.170453,51.643414,0
            -0.170563,51.643424,0
            -0.170634,51.643428,0
            -0.170686,51.643422,0
            -0.170721,51.643396,0
          </coordinates>
        </LineString>
      </Placemark>
      <Placemark>
        <name>Line 205</name>
        <styleUrl>#line-F8971B-4000-nodesc</styleUrl>
        <LineString>
          <tessellate>1</tessellate>
          <coordinates>
            -0.170721,51.643396,0
            -0.170728,51.643244,0
            -0.170642,51.64306,0
            -0.170588,51.642901,0
            -0.170519,51.642758,0
            -0.17039,51.642621,0
            -0.170186,51.642425,0
            -0.170068,51.642335,0
          </coordinates>
        </LineString>
      </Placemark>
      <Placemark>
        <name>Line 206</name>
        <styleUrl>#line-F8971B-4000-nodesc</styleUrl>
        <LineString>
          <tessellate>1</tessellate>
          <coordinates>
            -0.170068,51.642335,0
            -0.170355,51.642319,0
            -0.17026,51.642132,0
            -0.170044,51.642178,0
            -0.170048,51.642189,0
            -0.169986,51.642202,0
            -0.169957,51.64215,0
            -0.170022,51.642134,0
            -0.169978,51.642047,0
          </coordinates>
        </LineString>
      </Placemark>
      <Placemark>
        <name>Line 207</name>
        <styleUrl>#line-F8971B-4000-nodesc</styleUrl>
        <LineString>
          <tessellate>1</tessellate>
          <coordinates>
            -0.169978,51.642047,0
            -0.170132,51.642007,0
            -0.169958,51.64167,0
            -0.169899,51.641566,0
            -0.169862,51.641574,0
            -0.169532,51.640902,0
            -0.169553,51.640892,0
            -0.169505,51.640798,0
          </coordinates>
        </LineString>
      </Placemark>
      <Placemark>
        <name>Line 208</name>
        <styleUrl>#line-F8971B-4000-nodesc</styleUrl>
        <LineString>
          <tessellate>1</tessellate>
          <coordinates>
            -0.169505,51.640798,0
            -0.169272,51.640339,0
            -0.169229,51.640347,0
            -0.169204,51.640312,0
            -0.169094,51.640336,0
            -0.169121,51.640389,0
            -0.1688,51.640512,0
            -0.168778,51.640484,0
          </coordinates>
        </LineString>
      </Placemark>
      <Placemark>
        <name>Line 209</name>
        <styleUrl>#line-F8971B-4000-nodesc</styleUrl>
        <LineString>
          <tessellate>1</tessellate>
          <coordinates>
            -0.168778,51.640484,0
            -0.168824,51.640472,0
            -0.168529,51.640048,0
            -0.168424,51.640073,0
            -0.168362,51.639963,0
            -0.168454,51.639943,0
          </coordinates>
        </LineString>
      </Placemark>
      <Placemark>
        <name>Line 210</name>
        <styleUrl>#line-F8971B-4000-nodesc</styleUrl>
        <LineString>
          <tessellate>1</tessellate>
          <coordinates>
            -0.168454,51.639943,0
            -0.168164,51.639527,0
            -0.168051,51.639548,0
          </coordinates>
        </LineString>
      </Placemark>
      <Placemark>
        <name>Line 211</name>
        <styleUrl>#line-F8971B-4000-nodesc</styleUrl>
        <LineString>
          <tessellate>1</tessellate>
          <coordinates>
            -0.168051,51.639548,0
            -0.167469,51.638781,0
          </coordinates>
        </LineString>
      </Placemark>
      <Placemark>
        <name>Line 212</name>
        <styleUrl>#line-F8971B-4000-nodesc</styleUrl>
        <LineString>
          <tessellate>1</tessellate>
          <coordinates>
            -0.167469,51.638781,0
            -0.167646,51.638704,0
            -0.167684,51.638691,0
            -0.167692,51.638673,0
            -0.167654,51.638646,0
            -0.167574,51.638609,0
          </coordinates>
        </LineString>
      </Placemark>
      <Placemark>
        <name>Line 216</name>
        <styleUrl>#line-F8971B-4000-nodesc</styleUrl>
        <LineString>
          <tessellate>1</tessellate>
          <coordinates>
            -0.167574,51.638609,0
            -0.167552,51.638597,0
            -0.167453,51.638624,0
            -0.16736,51.638521,0
          </coordinates>
        </LineString>
      </Placemark>
      <Placemark>
        <name>Line 217</name>
        <styleUrl>#line-F8971B-4000-nodesc</styleUrl>
        <LineString>
          <tessellate>1</tessellate>
          <coordinates>
            -0.16736,51.638521,0
            -0.167301,51.63846,0
            -0.167267,51.638435,0
            -0.167237,51.63841,0
            -0.167196,51.638367,0
          </coordinates>
        </LineString>
      </Placemark>
      <Placemark>
        <name>Line 218</name>
        <styleUrl>#line-F8971B-4000-nodesc</styleUrl>
        <LineString>
          <tessellate>1</tessellate>
          <coordinates>
            -0.167196,51.638367,0
            -0.167067,51.638412,0
            -0.166927,51.63846,0
            -0.166756,51.638518,0
            -0.166565,51.638586,0
          </coordinates>
        </LineString>
      </Placemark>
      <Placemark>
        <name>Line 219</name>
        <styleUrl>#line-F8971B-4000-nodesc</styleUrl>
        <LineString>
          <tessellate>1</tessellate>
          <coordinates>
            -0.166565,51.638586,0
            -0.166549,51.638566,0
          </coordinates>
        </LineString>
      </Placemark>
      <Placemark>
        <name>Line 220</name>
        <styleUrl>#line-F8971B-4000-nodesc</styleUrl>
        <LineString>
          <tessellate>1</tessellate>
          <coordinates>
            -0.166549,51.638566,0
            -0.166697,51.638517,0
            -0.167181,51.638351,0
          </coordinates>
        </LineString>
      </Placemark>
      <Placemark>
        <name>Line 221</name>
        <styleUrl>#line-F8971B-4000-nodesc</styleUrl>
        <LineString>
          <tessellate>1</tessellate>
          <coordinates>
            -0.167181,51.638351,0
            -0.166908,51.63803,0
            -0.166562,51.637669,0
            -0.166308,51.637371,0
            -0.166281,51.637384,0
          </coordinates>
        </LineString>
      </Placemark>
      <Placemark>
        <name>Line 222</name>
        <styleUrl>#line-F8971B-4000-nodesc</styleUrl>
        <LineString>
          <tessellate>1</tessellate>
          <coordinates>
            -0.166281,51.637384,0
            -0.166261,51.637367,0
          </coordinates>
        </LineString>
      </Placemark>
      <Placemark>
        <name>Line 223</name>
        <styleUrl>#line-F8971B-4000-nodesc</styleUrl>
        <LineString>
          <tessellate>1</tessellate>
          <coordinates>
            -0.166261,51.637367,0
            -0.166296,51.63735,0
            -0.166268,51.637308,0
          </coordinates>
        </LineString>
      </Placemark>
      <Placemark>
        <name>Line 224</name>
        <styleUrl>#line-F8971B-4000-nodesc</styleUrl>
        <LineString>
          <tessellate>1</tessellate>
          <coordinates>
            -0.166268,51.637308,0
            -0.166152,51.637164,0
            -0.166088,51.637064,0
            -0.165994,51.636931,0
          </coordinates>
        </LineString>
      </Placemark>
      <Placemark>
        <name>Line 225</name>
        <styleUrl>#line-F8971B-4000-nodesc</styleUrl>
        <LineString>
          <tessellate>1</tessellate>
          <coordinates>
            -0.166005,51.636941,0
            -0.16594,51.636797,0
            -0.165913,51.636692,0
            -0.16593,51.63661,0
            -0.165964,51.6365,0
            -0.166013,51.636419,0
            -0.16594,51.636424,0
            -0.165935,51.6364,0
            -0.165967,51.636392,0
            -0.165938,51.63627,0
          </coordinates>
        </LineString>
      </Placemark>
      <Placemark>
        <name>Line 226</name>
        <styleUrl>#line-F8971B-4000-nodesc</styleUrl>
        <LineString>
          <tessellate>1</tessellate>
          <coordinates>
            -0.165943,51.63628,0
            -0.165962,51.636249,0
            -0.165943,51.636181,0
            -0.166072,51.636159,0
            -0.165994,51.635846,0
          </coordinates>
        </LineString>
      </Placemark>
      <Placemark>
        <name>Line 227</name>
        <styleUrl>#line-F8971B-4000-nodesc</styleUrl>
        <LineString>
          <tessellate>1</tessellate>
          <coordinates>
            -0.166005,51.635859,0
            -0.165991,51.635779,0
            -0.16598,51.635625,0
            -0.165852,51.635382,0
          </coordinates>
        </LineString>
      </Placemark>
      <Placemark>
        <name>Line 228</name>
        <styleUrl>#line-F8971B-4000-nodesc</styleUrl>
        <LineString>
          <tessellate>1</tessellate>
          <coordinates>
            -0.165852,51.635382,0
            -0.165793,51.63528,0
            -0.165747,51.63528,0
            -0.165707,51.635235,0
            -0.165758,51.635215,0
            -0.165557,51.634904,0
            -0.165441,51.63482,0
            -0.165492,51.634792,0
          </coordinates>
        </LineString>
      </Placemark>
      <Placemark>
        <name>Line 229</name>
        <styleUrl>#line-F8971B-4000-nodesc</styleUrl>
        <LineString>
          <tessellate>1</tessellate>
          <coordinates>
            -0.163878,51.633332,0
            -0.163982,51.633322,0
            -0.164044,51.633342,0
            -0.164237,51.633487,0
            -0.164218,51.633562,0
            -0.164159,51.633579,0
            -0.16436,51.63376,0
            -0.164494,51.633877,0
            -0.164677,51.634068,0
            -0.164792,51.634183,0
            -0.164948,51.634346,0
            -0.165034,51.634409,0
            -0.165146,51.634519,0
            -0.165377,51.634771,0
            -0.165436,51.634752,0
            -0.165492,51.634792,0
          </coordinates>
        </LineString>
      </Placemark>
      <Placemark>
        <name>Line 230</name>
        <styleUrl>#line-F8971B-4000-nodesc</styleUrl>
        <LineString>
          <tessellate>1</tessellate>
          <coordinates>
            -0.163878,51.633332,0
            -0.163384,51.633415,0
            -0.163151,51.633434,0
            -0.162786,51.633447,0
            -0.162673,51.633437,0
            -0.162539,51.633462,0
            -0.161906,51.633705,0
          </coordinates>
        </LineString>
      </Placemark>
      <Placemark>
        <name>Line 231</name>
        <styleUrl>#line-F8971B-4000-nodesc</styleUrl>
        <LineString>
          <tessellate>1</tessellate>
          <coordinates>
            -0.161914,51.633702,0
            -0.161871,51.633719,0
          </coordinates>
        </LineString>
      </Placemark>
      <Placemark>
        <name>Line 232</name>
        <styleUrl>#line-F8971B-4000-nodesc</styleUrl>
        <LineString>
          <tessellate>1</tessellate>
          <coordinates>
            -0.161871,51.633719,0
            -0.161849,51.633701,0
          </coordinates>
        </LineString>
      </Placemark>
      <Placemark>
        <name>Line 235</name>
        <styleUrl>#line-F8971B-4000-nodesc</styleUrl>
        <LineString>
          <tessellate>1</tessellate>
          <coordinates>
            -0.161849,51.633701,0
            -0.16217,51.633582,0
            -0.162491,51.633466,0
            -0.162536,51.633444,0
            -0.162581,51.63343,0
            -0.162622,51.633425,0
            -0.162658,51.633425,0
          </coordinates>
        </LineString>
      </Placemark>
      <Placemark>
        <name>Line 236</name>
        <styleUrl>#line-F8971B-4000-nodesc</styleUrl>
        <LineString>
          <tessellate>1</tessellate>
          <coordinates>
            -0.163599,51.633322,0
            -0.163448,51.633342,0
            -0.163338,51.633367,0
            -0.163202,51.633384,0
            -0.163065,51.633397,0
            -0.162947,51.6334,0
            -0.162816,51.6334,0
            -0.162716,51.633405,0
            -0.162622,51.633425,0
          </coordinates>
        </LineString>
      </Placemark>
      <Placemark>
        <name>Line 237</name>
        <styleUrl>#line-F8971B-4000-nodesc</styleUrl>
        <LineString>
          <tessellate>1</tessellate>
          <coordinates>
            -0.163599,51.633322,0
            -0.16354,51.633159,0
            -0.163435,51.633159,0
            -0.163381,51.633034,0
            -0.163288,51.633041,0
            -0.163242,51.632926,0
            -0.163145,51.632934,0
            -0.163078,51.632793,0
            -0.163014,51.632791,0
            -0.16299,51.63273,0
          </coordinates>
        </LineString>
      </Placemark>
      <Placemark>
        <name>Line 238</name>
        <styleUrl>#line-F8971B-4000-nodesc</styleUrl>
        <LineString>
          <tessellate>1</tessellate>
          <coordinates>
            -0.16299,51.63273,0
            -0.162861,51.63274,0
            -0.162719,51.632538,0
            -0.162569,51.632275,0
          </coordinates>
        </LineString>
      </Placemark>
      <Placemark>
        <name>Line 239</name>
        <styleUrl>#line-F8971B-4000-nodesc</styleUrl>
        <LineString>
          <tessellate>1</tessellate>
          <coordinates>
            -0.162569,51.632275,0
            -0.162617,51.632267,0
            -0.162542,51.632118,0
            -0.162571,51.632112,0
            -0.162502,51.632009,0
            -0.162413,51.632027,0
            -0.162384,51.631985,0
            -0.162464,51.631964,0
            -0.162432,51.63191,0
            -0.162488,51.631894,0
          </coordinates>
        </LineString>
      </Placemark>
      <Placemark>
        <name>Line 240</name>
        <styleUrl>#line-F8971B-4000-nodesc</styleUrl>
        <LineString>
          <tessellate>1</tessellate>
          <coordinates>
            -0.162488,51.631894,0
            -0.162483,51.63188,0
            -0.162515,51.631879,0
            -0.162456,51.631692,0
            -0.162504,51.631687,0
            -0.162496,51.631551,0
            -0.161788,51.631561,0
            -0.162089,51.631274,0
          </coordinates>
        </LineString>
      </Placemark>
      <Placemark>
        <name>Line 241</name>
        <styleUrl>#line-F8971B-4000-nodesc</styleUrl>
        <LineString>
          <tessellate>1</tessellate>
          <coordinates>
            -0.162089,51.631274,0
            -0.162008,51.631243,0
            -0.161957,51.631274,0
            -0.1613,51.631025,0
          </coordinates>
        </LineString>
      </Placemark>
      <Placemark>
        <name>Line 242</name>
        <styleUrl>#line-F8971B-4000-nodesc</styleUrl>
        <LineString>
          <tessellate>1</tessellate>
          <coordinates>
            -0.1613,51.631025,0
            -0.161104,51.630922,0
          </coordinates>
        </LineString>
      </Placemark>
      <Placemark>
        <name>Line 243</name>
        <styleUrl>#line-F8971B-4000-nodesc</styleUrl>
        <LineString>
          <tessellate>1</tessellate>
          <coordinates>
            -0.161104,51.630922,0
            -0.161068,51.630892,0
            -0.16101,51.630914,0
            -0.160961,51.630872,0
            -0.160992,51.630857,0
            -0.160942,51.630822,0
            -0.160912,51.630791,0
            -0.161179,51.630673,0
            -0.161265,51.630723,0
            -0.161469,51.630821,0
            -0.161643,51.630885,0
            -0.162026,51.631035,0
            -0.161985,51.631074,0
            -0.162351,51.631222,0
          </coordinates>
        </LineString>
      </Placemark>
      <Placemark>
        <name>Line 244</name>
        <styleUrl>#line-F8971B-4000-nodesc</styleUrl>
        <LineString>
          <tessellate>1</tessellate>
          <coordinates>
            -0.162351,51.631222,0
            -0.162362,51.631204,0
            -0.162514,51.631262,0
            -0.162579,51.631155,0
            -0.16255,51.631131,0
            -0.162691,51.630999,0
          </coordinates>
        </LineString>
      </Placemark>
      <Placemark>
        <name>Line 245</name>
        <styleUrl>#line-F8971B-4000-nodesc</styleUrl>
        <LineString>
          <tessellate>1</tessellate>
          <coordinates>
            -0.162691,51.630999,0
            -0.162578,51.630946,0
            -0.162714,51.63084,0
            -0.162816,51.630896,0
            -0.162877,51.630852,0
          </coordinates>
        </LineString>
      </Placemark>
      <Placemark>
        <name>Line 246</name>
        <styleUrl>#line-F8971B-4000-nodesc</styleUrl>
        <LineString>
          <tessellate>1</tessellate>
          <coordinates>
            -0.162874,51.630861,0
            -0.162868,51.630853,0
            -0.162755,51.630759,0
            -0.162848,51.630655,0
            -0.162728,51.630588,0
            -0.162838,51.630518,0
            -0.162986,51.630594,0
            -0.16303,51.63056,0
            -0.162991,51.630532,0
            -0.163212,51.630386,0
            -0.163262,51.63041,0
            -0.163309,51.630374,0
          </coordinates>
        </LineString>
      </Placemark>
      <Placemark>
        <name>Line 247</name>
        <styleUrl>#line-F8971B-4000-nodesc</styleUrl>
        <LineString>
          <tessellate>1</tessellate>
          <coordinates>
            -0.163309,51.630374,0
            -0.163363,51.6304,0
            -0.163546,51.630277,0
            -0.163584,51.630289,0
            -0.16367,51.630235,0
            -0.16362,51.630203,0
            -0.163705,51.63015,0
            -0.163753,51.630186,0
            -0.163867,51.630128,0
          </coordinates>
        </LineString>
      </Placemark>
      <Placemark>
        <name>Line 248</name>
        <styleUrl>#line-F8971B-4000-nodesc</styleUrl>
        <LineString>
          <tessellate>1</tessellate>
          <coordinates>
            -0.163867,51.630128,0
            -0.164257,51.629888,0
            -0.164312,51.629851,0
          </coordinates>
        </LineString>
      </Placemark>
      <Placemark>
        <name>Line 249</name>
        <styleUrl>#line-F8971B-4000-nodesc</styleUrl>
        <LineString>
          <tessellate>1</tessellate>
          <coordinates>
            -0.164312,51.629851,0
            -0.164352,51.629874,0
            -0.164464,51.629789,0
            -0.164519,51.629805,0
            -0.164621,51.629729,0
            -0.164653,51.629744,0
            -0.164798,51.629654,0
          </coordinates>
        </LineString>
      </Placemark>
      <Placemark>
        <name>Line 250</name>
        <styleUrl>#line-F8971B-4000-nodesc</styleUrl>
        <LineString>
          <tessellate>1</tessellate>
          <coordinates>
            -0.164798,51.629654,0
            -0.164846,51.629678,0
            -0.165235,51.62943,0
          </coordinates>
        </LineString>
      </Placemark>
      <Placemark>
        <name>Line 251</name>
        <styleUrl>#line-F8971B-4000-nodesc</styleUrl>
        <LineString>
          <tessellate>1</tessellate>
          <coordinates>
            -0.165235,51.62943,0
            -0.165207,51.629412,0
            -0.16538,51.629292,0
          </coordinates>
        </LineString>
      </Placemark>
      <Placemark>
        <name>Line 252</name>
        <styleUrl>#line-F8971B-4000-nodesc</styleUrl>
        <LineString>
          <tessellate>1</tessellate>
          <coordinates>
            -0.16538,51.629292,0
            -0.165412,51.629267,0
          </coordinates>
        </LineString>
      </Placemark>
      <Placemark>
        <name>Line 253</name>
        <styleUrl>#line-F8971B-4000-nodesc</styleUrl>
        <LineString>
          <tessellate>1</tessellate>
          <coordinates>
            -0.165412,51.629267,0
            -0.164902,51.629082,0
            -0.164661,51.62899,0
          </coordinates>
        </LineString>
      </Placemark>
      <Placemark>
        <name>Line 254</name>
        <styleUrl>#line-F8971B-4000-nodesc</styleUrl>
        <LineString>
          <tessellate>1</tessellate>
          <coordinates>
            -0.164661,51.62899,0
            -0.16448,51.628931,0
          </coordinates>
        </LineString>
      </Placemark>
      <Placemark>
        <name>Line 256</name>
        <styleUrl>#line-F8971B-4000-nodesc</styleUrl>
        <LineString>
          <tessellate>1</tessellate>
          <coordinates>
            -0.16448,51.628931,0
            -0.164384,51.628992,0
            -0.164316,51.628961,0
            -0.164334,51.628935,0
            -0.164224,51.628892,0
          </coordinates>
        </LineString>
      </Placemark>
      <Placemark>
        <name>Line 257</name>
        <styleUrl>#line-F8971B-4000-nodesc</styleUrl>
        <LineString>
          <tessellate>1</tessellate>
          <coordinates>
            -0.164224,51.628892,0
            -0.164017,51.629074,0
            -0.163906,51.629175,0
            -0.163801,51.629242,0
            -0.163702,51.629279,0
            -0.163632,51.629299,0
            -0.163576,51.62931,0
            -0.163464,51.629322,0
            -0.163302,51.629321,0
          </coordinates>
        </LineString>
      </Placemark>
      <Placemark>
        <name>Line 258</name>
        <styleUrl>#line-F8971B-4000-nodesc</styleUrl>
        <LineString>
          <tessellate>1</tessellate>
          <coordinates>
            -0.163302,51.629321,0
            -0.16329,51.62935,0
            -0.163674,51.629628,0
            -0.16328,51.629791,0
            -0.162955,51.62959,0
          </coordinates>
        </LineString>
      </Placemark>
      <Placemark>
        <name>Line 259</name>
        <styleUrl>#line-F8971B-4000-nodesc</styleUrl>
        <LineString>
          <tessellate>1</tessellate>
          <coordinates>
            -0.162955,51.62959,0
            -0.162805,51.629689,0
            -0.162614,51.629786,0
            -0.16252,51.629814,0
          </coordinates>
        </LineString>
      </Placemark>
      <Placemark>
        <name>Line 260</name>
        <styleUrl>#line-F8971B-4000-nodesc</styleUrl>
        <LineString>
          <tessellate>1</tessellate>
          <coordinates>
            -0.16252,51.629814,0
            -0.162577,51.629863,0
            -0.162137,51.629974,0
            -0.161869,51.630002,0
            -0.161539,51.630022,0
            -0.161311,51.630027,0
            -0.160863,51.629997,0
            -0.160646,51.629952,0
            -0.160479,51.629908,0
          </coordinates>
        </LineString>
      </Placemark>
      <Placemark>
        <name>Line 261</name>
        <styleUrl>#line-F8971B-4000-nodesc</styleUrl>
        <LineString>
          <tessellate>1</tessellate>
          <coordinates>
            -0.160479,51.629908,0
            -0.160367,51.630116,0
            -0.160377,51.630152,0
            -0.160471,51.630186,0
            -0.160683,51.630234,0
            -0.160769,51.630264,0
            -0.160841,51.6303,0
            -0.160879,51.630345,0
            -0.160919,51.630382,0
          </coordinates>
        </LineString>
      </Placemark>
      <Placemark>
        <name>Line 262</name>
        <styleUrl>#line-F8971B-4000-nodesc</styleUrl>
        <LineString>
          <tessellate>1</tessellate>
          <coordinates>
            -0.160919,51.630382,0
            -0.160938,51.630407,0
            -0.160715,51.630485,0
            -0.160442,51.63059,0
            -0.160224,51.630682,0
          </coordinates>
        </LineString>
      </Placemark>
      <Placemark>
        <name>Line 263</name>
        <styleUrl>#line-F8971B-4000-nodesc</styleUrl>
        <LineString>
          <tessellate>1</tessellate>
          <coordinates>
            -0.160243,51.630675,0
            -0.160367,51.630853,0
            -0.160455,51.63093,0
          </coordinates>
        </LineString>
      </Placemark>
      <Placemark>
        <name>Line 264</name>
        <styleUrl>#line-F8971B-4000-nodesc</styleUrl>
        <LineString>
          <tessellate>1</tessellate>
          <coordinates>
            -0.160455,51.63093,0
            -0.160525,51.631001,0
            -0.160621,51.631111,0
            -0.160595,51.631218,0
            -0.160557,51.631304,0
            -0.160514,51.631371,0
            -0.160434,51.631444,0
            -0.160337,51.631478,0
            -0.160219,51.631524,0
            -0.160106,51.631587,0
            -0.160021,51.631604,0
            -0.159913,51.631637,0
            -0.15972,51.631458,0
            -0.15942,51.631161,0
            -0.159248,51.630948,0
          </coordinates>
        </LineString>
      </Placemark>
      <Placemark>
        <name>Line 265</name>
        <styleUrl>#line-F8971B-4000-nodesc</styleUrl>
        <LineString>
          <tessellate>1</tessellate>
          <coordinates>
            -0.159248,51.630948,0
            -0.159221,51.630858,0
            -0.159178,51.630768,0
            -0.159119,51.630655,0
            -0.159044,51.630525,0
            -0.159001,51.630442,0
            -0.158958,51.630385,0
            -0.15891,51.630259,0
            -0.15883,51.630149,0
          </coordinates>
        </LineString>
      </Placemark>
      <Placemark>
        <name>Line 266</name>
        <styleUrl>#line-F8971B-4000-nodesc</styleUrl>
        <LineString>
          <tessellate>1</tessellate>
          <coordinates>
            -0.15883,51.630149,0
            -0.158685,51.629928,0
            -0.158476,51.629576,0
            -0.158438,51.629523,0
            -0.158494,51.629498,0
          </coordinates>
        </LineString>
      </Placemark>
      <Placemark>
        <name>Line 267</name>
        <styleUrl>#line-F8971B-4000-nodesc</styleUrl>
        <LineString>
          <tessellate>1</tessellate>
          <coordinates>
            -0.158494,51.629498,0
            -0.158246,51.629233,0
          </coordinates>
        </LineString>
      </Placemark>
      <Placemark>
        <name>Line 268</name>
        <styleUrl>#line-F8971B-4000-nodesc</styleUrl>
        <LineString>
          <tessellate>1</tessellate>
          <coordinates>
            -0.158246,51.629233,0
            -0.158417,51.62918,0
            -0.158009,51.628779,0
            -0.157553,51.628329,0
            -0.15721,51.62798,0
          </coordinates>
        </LineString>
      </Placemark>
      <Placemark>
        <name>Line 271</name>
        <styleUrl>#line-F8971B-4000-nodesc</styleUrl>
        <LineString>
          <tessellate>1</tessellate>
          <coordinates>
            -0.15674,51.628157,0
            -0.156872,51.628106,0
            -0.15721,51.62798,0
          </coordinates>
        </LineString>
      </Placemark>
      <Placemark>
        <name>Line 272</name>
        <styleUrl>#line-F8971B-4000-nodesc</styleUrl>
        <LineString>
          <tessellate>1</tessellate>
          <coordinates>
            -0.15674,51.628157,0
            -0.156717,51.628128,0
          </coordinates>
        </LineString>
      </Placemark>
      <Placemark>
        <name>Line 273</name>
        <styleUrl>#line-F8971B-4000-nodesc</styleUrl>
        <LineString>
          <tessellate>1</tessellate>
          <coordinates>
            -0.156717,51.628128,0
            -0.157131,51.62797,0
          </coordinates>
        </LineString>
      </Placemark>
      <Placemark>
        <name>Line 274</name>
        <styleUrl>#line-F8971B-4000-nodesc</styleUrl>
        <LineString>
          <tessellate>1</tessellate>
          <coordinates>
            -0.157131,51.62797,0
            -0.157126,51.627926,0
            -0.157105,51.627838,0
            -0.157121,51.627806,0
            -0.157333,51.627738,0
            -0.157472,51.62783,0
            -0.157609,51.627941,0
            -0.157652,51.62799,0
          </coordinates>
        </LineString>
      </Placemark>
      <Placemark>
        <name>Line 276</name>
        <styleUrl>#line-F8971B-4000-nodesc</styleUrl>
        <LineString>
          <tessellate>1</tessellate>
          <coordinates>
            -0.157652,51.62799,0
            -0.157662,51.628003,0
            -0.157633,51.628014,0
            -0.15792,51.628291,0
          </coordinates>
        </LineString>
      </Placemark>
      <Placemark>
        <name>Line 277</name>
        <styleUrl>#line-F8971B-4000-nodesc</styleUrl>
        <LineString>
          <tessellate>1</tessellate>
          <coordinates>
            -0.15792,51.628291,0
            -0.158228,51.628583,0
          </coordinates>
        </LineString>
      </Placemark>
      <Placemark>
        <name>Line 278</name>
        <styleUrl>#line-F8971B-4000-nodesc</styleUrl>
        <LineString>
          <tessellate>1</tessellate>
          <coordinates>
            -0.158228,51.628583,0
            -0.15869,51.629052,0
          </coordinates>
        </LineString>
      </Placemark>
      <Placemark>
        <name>Line 279</name>
        <styleUrl>#line-F8971B-4000-nodesc</styleUrl>
        <LineString>
          <tessellate>1</tessellate>
          <coordinates>
            -0.15869,51.629052,0
            -0.158914,51.628938,0
            -0.158823,51.628841,0
            -0.158882,51.62882,0
            -0.158933,51.628862,0
          </coordinates>
        </LineString>
      </Placemark>
      <Placemark>
        <name>Line 280</name>
        <styleUrl>#line-F8971B-4000-nodesc</styleUrl>
        <LineString>
          <tessellate>1</tessellate>
          <coordinates>
            -0.158933,51.628862,0
            -0.159145,51.62877,0
            -0.159103,51.628733,0
            -0.159368,51.628623,0
          </coordinates>
        </LineString>
      </Placemark>
      <Placemark>
        <name>Line 281</name>
        <styleUrl>#line-F8971B-4000-nodesc</styleUrl>
        <LineString>
          <tessellate>1</tessellate>
          <coordinates>
            -0.159368,51.628623,0
            -0.159211,51.628476,0
            -0.159144,51.628497,0
            -0.158669,51.627993,0
            -0.158631,51.628019,0
            -0.158309,51.627791,0
            -0.158226,51.627678,0
            -0.158382,51.627616,0
          </coordinates>
        </LineString>
      </Placemark>
      <Placemark>
        <name>Line 282</name>
        <styleUrl>#line-F8971B-4000-nodesc</styleUrl>
        <LineString>
          <tessellate>1</tessellate>
          <coordinates>
            -0.158382,51.627616,0
            -0.158226,51.627448,0
            -0.158054,51.627525,0
            -0.157974,51.627576,0
            -0.157808,51.627632,0
            -0.157714,51.627598,0
            -0.157658,51.627533,0
            -0.157596,51.627455,0
          </coordinates>
        </LineString>
      </Placemark>
      <Placemark>
        <name>Line 283</name>
        <styleUrl>#line-F8971B-4000-nodesc</styleUrl>
        <LineString>
          <tessellate>1</tessellate>
          <coordinates>
            -0.157596,51.627455,0
            -0.157644,51.627363,0
            -0.157692,51.627264,0
            -0.157746,51.627217,0
            -0.158312,51.627227,0
            -0.158291,51.62726,0
            -0.158323,51.627272,0
            -0.158282,51.627363,0
            -0.158269,51.627435,0
            -0.158374,51.627535,0
            -0.15847,51.627563,0
            -0.158873,51.627075,0
          </coordinates>
        </LineString>
      </Placemark>
      <Placemark>
        <name>Line 284</name>
        <styleUrl>#line-F8971B-4000-nodesc</styleUrl>
        <LineString>
          <tessellate>1</tessellate>
          <coordinates>
            -0.158873,51.627075,0
            -0.158875,51.626964,0
            -0.158626,51.626394,0
          </coordinates>
        </LineString>
      </Placemark>
      <Placemark>
        <name>Line 285</name>
        <styleUrl>#line-F8971B-4000-nodesc</styleUrl>
        <LineString>
          <tessellate>1</tessellate>
          <coordinates>
            -0.158626,51.626394,0
            -0.158398,51.626388,0
            -0.158402,51.626358,0
            -0.158628,51.626354,0
            -0.158933,51.626155,0
          </coordinates>
        </LineString>
      </Placemark>
      <Placemark>
        <name>Line 287</name>
        <styleUrl>#line-F8971B-4000-nodesc</styleUrl>
        <LineString>
          <tessellate>1</tessellate>
          <coordinates>
            -0.158933,51.626155,0
            -0.158838,51.626076,0
            -0.158897,51.626033,0
            -0.15906,51.626137,0
            -0.159308,51.625961,0
            -0.159306,51.625946,0
            -0.159177,51.625885,0
          </coordinates>
        </LineString>
      </Placemark>
      <Placemark>
        <name>Line 288</name>
        <styleUrl>#line-F8971B-4000-nodesc</styleUrl>
        <LineString>
          <tessellate>1</tessellate>
          <coordinates>
            -0.159177,51.625885,0
            -0.158768,51.625689,0
            -0.158506,51.625579,0
          </coordinates>
        </LineString>
      </Placemark>
      <Placemark>
        <name>Line 289</name>
        <styleUrl>#line-F8971B-4000-nodesc</styleUrl>
        <LineString>
          <tessellate>1</tessellate>
          <coordinates>
            -0.158516,51.625584,0
            -0.158213,51.625489,0
            -0.158033,51.62543,0
            -0.157733,51.625582,0
          </coordinates>
        </LineString>
      </Placemark>
      <Placemark>
        <name>Line 290</name>
        <styleUrl>#line-F8971B-4000-nodesc</styleUrl>
        <LineString>
          <tessellate>1</tessellate>
          <coordinates>
            -0.157743,51.625578,0
            -0.157702,51.625594,0
            -0.158128,51.625712,0
          </coordinates>
        </LineString>
      </Placemark>
      <Placemark>
        <name>Line 291</name>
        <styleUrl>#line-F8971B-4000-nodesc</styleUrl>
        <LineString>
          <tessellate>1</tessellate>
          <coordinates>
            -0.158128,51.625712,0
            -0.157818,51.625822,0
            -0.157491,51.625972,0
            -0.15736,51.626034,0
          </coordinates>
        </LineString>
      </Placemark>
      <Placemark>
        <name>Line 292</name>
        <styleUrl>#line-F8971B-4000-nodesc</styleUrl>
        <LineString>
          <tessellate>1</tessellate>
          <coordinates>
            -0.15736,51.626034,0
            -0.156751,51.626353,0
          </coordinates>
        </LineString>
      </Placemark>
      <Placemark>
        <name>Line 293</name>
        <styleUrl>#line-F8971B-4000-nodesc</styleUrl>
        <LineString>
          <tessellate>1</tessellate>
          <coordinates>
            -0.156751,51.626353,0
            -0.156748,51.626409,0
            -0.156925,51.626614,0
            -0.157236,51.626974,0
          </coordinates>
        </LineString>
      </Placemark>
      <Placemark>
        <name>Line 294</name>
        <styleUrl>#line-F8971B-4000-nodesc</styleUrl>
        <LineString>
          <tessellate>1</tessellate>
          <coordinates>
            -0.157236,51.626974,0
            -0.157172,51.626994,0
            -0.157105,51.626917,0
            -0.15655,51.627115,0
            -0.156456,51.627015,0
            -0.156579,51.626964,0
            -0.156271,51.626711,0
          </coordinates>
        </LineString>
      </Placemark>
      <Placemark>
        <name>Line 295</name>
        <styleUrl>#line-F8971B-4000-nodesc</styleUrl>
        <LineString>
          <tessellate>1</tessellate>
          <coordinates>
            -0.156271,51.626711,0
            -0.155868,51.626309,0
            -0.155753,51.626363,0
            -0.155807,51.626404,0
            -0.155734,51.626424,0
            -0.155649,51.626328,0
            -0.155662,51.626298,0
            -0.1557,51.626264,0
            -0.155791,51.626216,0
            -0.15593,51.6262,0
            -0.156072,51.6262,0
            -0.156223,51.626168,0
            -0.15629,51.626153,0
            -0.156402,51.626086,0
          </coordinates>
        </LineString>
      </Placemark>
      <Placemark>
        <name>Line 296</name>
        <styleUrl>#line-F8971B-4000-nodesc</styleUrl>
        <LineString>
          <tessellate>1</tessellate>
          <coordinates>
            -0.156402,51.626086,0
            -0.15652,51.62604,0
            -0.156453,51.626003,0
            -0.157191,51.62565,0
          </coordinates>
        </LineString>
      </Placemark>
      <Placemark>
        <name>Line 297</name>
        <styleUrl>#line-F8971B-4000-nodesc</styleUrl>
        <LineString>
          <tessellate>1</tessellate>
          <coordinates>
            -0.157191,51.62565,0
            -0.157462,51.625518,0
            -0.157553,51.625545,0
            -0.157762,51.625442,0
            -0.157797,51.625389,0
            -0.156987,51.625107,0
            -0.156882,51.625206,0
            -0.157177,51.625307,0
            -0.15707,51.625429,0
            -0.157019,51.625425,0
            -0.156976,51.625424,0
            -0.156939,51.625425,0
            -0.156853,51.62539,0
            -0.156901,51.62534,0
            -0.15681,51.625305,0
          </coordinates>
        </LineString>
      </Placemark>
      <Placemark>
        <name>Line 298</name>
        <styleUrl>#line-F8971B-4000-nodesc</styleUrl>
        <LineString>
          <tessellate>1</tessellate>
          <coordinates>
            -0.15681,51.625305,0
            -0.156743,51.62536,0
            -0.156657,51.625457,0
            -0.15662,51.625484,0
            -0.155603,51.625858,0
            -0.155407,51.625826,0
          </coordinates>
        </LineString>
      </Placemark>
      <Placemark>
        <name>Line 299</name>
        <styleUrl>#line-F8971B-4000-nodesc</styleUrl>
        <LineString>
          <tessellate>1</tessellate>
          <coordinates>
            -0.155407,51.625826,0
            -0.154742,51.625192,0
          </coordinates>
        </LineString>
      </Placemark>
      <Placemark>
        <name>Line 300</name>
        <styleUrl>#line-F8971B-4000-nodesc</styleUrl>
        <LineString>
          <tessellate>1</tessellate>
          <coordinates>
            -0.154742,51.625192,0
            -0.154602,51.624981,0
            -0.154702,51.624884,0
            -0.154908,51.624816,0
            -0.155142,51.624749,0
            -0.155375,51.624631,0
          </coordinates>
        </LineString>
      </Placemark>
      <Placemark>
        <name>Line 301</name>
        <styleUrl>#line-F8971B-4000-nodesc</styleUrl>
        <LineString>
          <tessellate>1</tessellate>
          <coordinates>
            -0.155375,51.624631,0
            -0.155421,51.624648,0
            -0.155547,51.624509,0
            -0.155104,51.624296,0
            -0.155147,51.62426,0
            -0.154785,51.624093,0
          </coordinates>
        </LineString>
      </Placemark>
      <Placemark>
        <name>Line 302</name>
        <styleUrl>#line-F8971B-4000-nodesc</styleUrl>
        <LineString>
          <tessellate>1</tessellate>
          <coordinates>
            -0.154809,51.624103,0
            -0.15434,51.623872,0
            -0.15412,51.624056,0
            -0.154168,51.624072,0
            -0.154219,51.624078,0
            -0.154248,51.624085,0
            -0.15424,51.624105,0
            -0.154155,51.624086,0
            -0.154077,51.624203,0
            -0.154198,51.624238,0
            -0.154136,51.624265,0
            -0.154259,51.624365,0
            -0.154289,51.624355,0
            -0.154439,51.624468,0
          </coordinates>
        </LineString>
      </Placemark>
      <Placemark>
        <name>Line 303</name>
        <styleUrl>#line-F8971B-4000-nodesc</styleUrl>
        <LineString>
          <tessellate>1</tessellate>
          <coordinates>
            -0.154439,51.624468,0
            -0.154326,51.624608,0
            -0.154082,51.624576,0
            -0.154171,51.624528,0
          </coordinates>
        </LineString>
      </Placemark>
      <Placemark>
        <name>Line 304</name>
        <styleUrl>#line-F8971B-4000-nodesc</styleUrl>
        <LineString>
          <tessellate>1</tessellate>
          <coordinates>
            -0.154171,51.624528,0
            -0.15414,51.624507,0
            -0.154088,51.624533,0
            -0.154062,51.624512,0
            -0.154004,51.624531,0
            -0.153962,51.624489,0
            -0.154043,51.624461,0
            -0.1539,51.624328,0
          </coordinates>
        </LineString>
      </Placemark>
      <Placemark>
        <name>Line 305</name>
        <styleUrl>#line-F8971B-4000-nodesc</styleUrl>
        <LineString>
          <tessellate>1</tessellate>
          <coordinates>
            -0.1539,51.624328,0
            -0.153827,51.624218,0
            -0.153817,51.624205,0
            -0.153873,51.624055,0
            -0.153999,51.623963,0
            -0.15391,51.623908,0
            -0.153935,51.623883,0
          </coordinates>
        </LineString>
      </Placemark>
      <Placemark>
        <name>Line 306</name>
        <styleUrl>#line-F8971B-4000-nodesc</styleUrl>
        <LineString>
          <tessellate>1</tessellate>
          <coordinates>
            -0.153935,51.623883,0
            -0.15342,51.623617,0
            -0.153347,51.623595,0
            -0.153261,51.623545,0
            -0.153404,51.623452,0
            -0.153267,51.623385,0
          </coordinates>
        </LineString>
      </Placemark>
      <Placemark>
        <name>Line 307</name>
        <styleUrl>#line-F8971B-4000-nodesc</styleUrl>
        <LineString>
          <tessellate>1</tessellate>
          <coordinates>
            -0.153267,51.623385,0
            -0.153168,51.623432,0
            -0.152961,51.62334,0
            -0.152921,51.623372,0
            -0.152859,51.623332,0
            -0.152679,51.623177,0
            -0.152553,51.623054,0
            -0.152489,51.622974,0
            -0.15218,51.622936,0
          </coordinates>
        </LineString>
      </Placemark>
      <Placemark>
        <name>Line 308</name>
        <styleUrl>#line-F8971B-4000-nodesc</styleUrl>
        <LineString>
          <tessellate>1</tessellate>
          <coordinates>
            -0.15218,51.622936,0
            -0.152041,51.622688,0
          </coordinates>
        </LineString>
      </Placemark>
      <Placemark>
        <name>Line 309</name>
        <styleUrl>#line-F8971B-4000-nodesc</styleUrl>
        <LineString>
          <tessellate>1</tessellate>
          <coordinates>
            -0.152041,51.622688,0
            -0.152033,51.622653,0
            -0.152022,51.622616,0
            -0.151961,51.622561,0
            -0.151923,51.622546,0
            -0.151853,51.622504,0
            -0.151805,51.62248,0
            -0.151684,51.622413,0
            -0.151623,51.622371,0
            -0.151561,51.622291,0
            -0.151488,51.622215,0
            -0.151478,51.622163,0
          </coordinates>
        </LineString>
      </Placemark>
      <Placemark>
        <name>Line 292</name>
        <styleUrl>#line-F8971B-4000-nodesc</styleUrl>
        <LineString>
          <tessellate>1</tessellate>
          <coordinates>
            -0.151478,51.622163,0
            -0.15147,51.62211,0
            -0.151464,51.622085,0
            -0.151384,51.622018,0
            -0.151258,51.621947,0
            -0.151148,51.621875,0
            -0.151073,51.621808,0
          </coordinates>
        </LineString>
      </Placemark>
      <Placemark>
        <name>Line 293</name>
        <styleUrl>#line-F8971B-4000-nodesc</styleUrl>
        <LineString>
          <tessellate>1</tessellate>
          <coordinates>
            -0.151073,51.621808,0
            -0.150987,51.621744,0
            -0.150922,51.621689,0
            -0.150861,51.62163,0
            -0.150815,51.621572,0
            -0.150772,51.621524,0
            -0.150716,51.621477,0
            -0.150662,51.621444,0
            -0.150619,51.621424,0
            -0.150566,51.621386,0
            -0.150528,51.62133,0
            -0.15051,51.621301,0
            -0.150434,51.621256,0
          </coordinates>
        </LineString>
      </Placemark>
      <Placemark>
        <name>Line 294</name>
        <styleUrl>#line-F8971B-4000-nodesc</styleUrl>
        <LineString>
          <tessellate>1</tessellate>
          <coordinates>
            -0.150434,51.621256,0
            -0.150551,51.621198,0
            -0.150633,51.621196,0
            -0.150674,51.621197,0
            -0.150673,51.621078,0
            -0.150688,51.62108,0
            -0.15069,51.620964,0
            -0.1507,51.620963,0
            -0.1507,51.62085,0
            -0.150715,51.620849,0
            -0.150713,51.620729,0
            -0.150358,51.620737,0
            -0.150344,51.620988,0
          </coordinates>
        </LineString>
      </Placemark>
      <Placemark>
        <name>Line 295</name>
        <styleUrl>#line-F8971B-4000-nodesc</styleUrl>
        <LineString>
          <tessellate>1</tessellate>
          <coordinates>
            -0.150344,51.620988,0
            -0.150336,51.621032,0
            -0.150206,51.621036,0
            -0.150118,51.621037,0
            -0.149997,51.620866,0
          </coordinates>
        </LineString>
      </Placemark>
      <Placemark>
        <name>Line 296</name>
        <styleUrl>#line-F8971B-4000-nodesc</styleUrl>
        <LineString>
          <tessellate>1</tessellate>
          <coordinates>
            -0.149997,51.620866,0
            -0.150068,51.620852,0
            -0.149969,51.620682,0
            -0.149895,51.620701,0
            -0.149766,51.620486,0
          </coordinates>
        </LineString>
      </Placemark>
      <Placemark>
        <name>Line 297</name>
        <styleUrl>#line-F8971B-4000-nodesc</styleUrl>
        <LineString>
          <tessellate>1</tessellate>
          <coordinates>
            -0.149766,51.620486,0
            -0.149721,51.620495,0
            -0.149615,51.620544,0
            -0.149584,51.620505,0
            -0.149674,51.62047,0
          </coordinates>
        </LineString>
      </Placemark>
      <Placemark>
        <name>Line 298</name>
        <styleUrl>#line-F8971B-4000-nodesc</styleUrl>
        <LineString>
          <tessellate>1</tessellate>
          <coordinates>
            -0.149674,51.62047,0
            -0.149764,51.620418,0
            -0.149651,51.620278,0
            -0.149362,51.620032,0
            -0.149147,51.619842,0
            -0.148863,51.619609,0
            -0.148433,51.619239,0
          </coordinates>
        </LineString>
      </Placemark>
      <Placemark>
        <name>Line 299</name>
        <styleUrl>#line-F8971B-4000-nodesc</styleUrl>
        <LineString>
          <tessellate>1</tessellate>
          <coordinates>
            -0.148433,51.619239,0
            -0.148082,51.618878,0
            -0.148586,51.618593,0
            -0.14853,51.618561,0
            -0.148618,51.618511,0
          </coordinates>
        </LineString>
      </Placemark>
      <Placemark>
        <name>Line 300</name>
        <styleUrl>#line-F8971B-4000-nodesc</styleUrl>
        <LineString>
          <tessellate>1</tessellate>
          <coordinates>
            -0.148618,51.618511,0
            -0.148479,51.618425,0
            -0.148457,51.618411,0
            -0.148472,51.6184,0
            -0.148015,51.618073,0
          </coordinates>
        </LineString>
      </Placemark>
      <Placemark>
        <name>Line 301</name>
        <styleUrl>#line-F8971B-4000-nodesc</styleUrl>
        <LineString>
          <tessellate>1</tessellate>
          <coordinates>
            -0.148015,51.618073,0
            -0.147851,51.617945,0
            -0.147701,51.617697,0
          </coordinates>
        </LineString>
      </Placemark>
      <Placemark>
        <name>Line 302</name>
        <styleUrl>#line-F8971B-4000-nodesc</styleUrl>
        <LineString>
          <tessellate>1</tessellate>
          <coordinates>
            -0.147701,51.617697,0
            -0.147657,51.617708,0
            -0.147613,51.617648,0
            -0.147654,51.617634,0
          </coordinates>
        </LineString>
      </Placemark>
      <Placemark>
        <name>Line 304</name>
        <styleUrl>#line-F8971B-4000-nodesc</styleUrl>
        <LineString>
          <tessellate>1</tessellate>
          <coordinates>
            -0.147654,51.617634,0
            -0.14742,51.617312,0
          </coordinates>
        </LineString>
      </Placemark>
      <Placemark>
        <name>Line 305</name>
        <styleUrl>#line-F8971B-4000-nodesc</styleUrl>
        <LineString>
          <tessellate>1</tessellate>
          <coordinates>
            -0.14742,51.617312,0
            -0.146701,51.616346,0
          </coordinates>
        </LineString>
      </Placemark>
      <Placemark>
        <name>Line 306</name>
        <styleUrl>#line-F8971B-4000-nodesc</styleUrl>
        <LineString>
          <tessellate>1</tessellate>
          <coordinates>
            -0.146701,51.616346,0
            -0.146537,51.61611,0
            -0.146508,51.616121,0
            -0.146395,51.615951,0
            -0.146376,51.615965,0
            -0.146237,51.615783,0
          </coordinates>
        </LineString>
      </Placemark>
      <Placemark>
        <name>Line 307</name>
        <styleUrl>#line-F8971B-4000-nodesc</styleUrl>
        <LineString>
          <tessellate>1</tessellate>
          <coordinates>
            -0.146237,51.615783,0
            -0.146213,51.615745,0
            -0.146258,51.615732,0
            -0.14617,51.61561,0
            -0.14606,51.615475,0
            -0.146105,51.615463,0
            -0.145998,51.61528,0
            -0.145244,51.615468,0
          </coordinates>
        </LineString>
      </Placemark>
      <Placemark>
        <name>Line 308</name>
        <styleUrl>#line-F8971B-4000-nodesc</styleUrl>
        <LineString>
          <tessellate>1</tessellate>
          <coordinates>
            -0.145244,51.615468,0
            -0.144938,51.615275,0
          </coordinates>
        </LineString>
      </Placemark>
      <Placemark>
        <name>Line 309</name>
        <styleUrl>#line-F8971B-4000-nodesc</styleUrl>
        <LineString>
          <tessellate>1</tessellate>
          <coordinates>
            -0.144938,51.615275,0
            -0.144818,51.615142,0
            -0.144378,51.614787,0
            -0.14415,51.614597,0
            -0.143863,51.61436,0
            -0.143812,51.614385,0
            -0.143789,51.614356,0
            -0.143781,51.614329,0
            -0.143773,51.614299,0
            -0.143742,51.614267,0
            -0.143702,51.614234,0
            -0.143647,51.61421,0
            -0.143592,51.614188,0
            -0.143571,51.614186,0
          </coordinates>
        </LineString>
      </Placemark>
      <Placemark>
        <name>Line 310</name>
        <styleUrl>#line-F8971B-4000-nodesc</styleUrl>
        <LineString>
          <tessellate>1</tessellate>
          <coordinates>
            -0.143571,51.614186,0
            -0.143544,51.614163,0
          </coordinates>
        </LineString>
      </Placemark>
      <Placemark>
        <name>Line 311</name>
        <styleUrl>#line-F8971B-4000-nodesc</styleUrl>
        <LineString>
          <tessellate>1</tessellate>
          <coordinates>
            -0.143544,51.614163,0
            -0.143573,51.614138,0
            -0.143585,51.614123,0
            -0.143601,51.614084,0
            -0.143608,51.614049,0
            -0.143611,51.614016,0
            -0.143269,51.613733,0
          </coordinates>
        </LineString>
      </Placemark>
      <Placemark>
        <name>Line 312</name>
        <styleUrl>#line-F8971B-4000-nodesc</styleUrl>
        <LineString>
          <tessellate>1</tessellate>
          <coordinates>
            -0.143269,51.613733,0
            -0.142806,51.613386,0
            -0.142401,51.613037,0
          </coordinates>
        </LineString>
      </Placemark>
      <Placemark>
        <name>Line 313</name>
        <styleUrl>#line-F8971B-4000-nodesc</styleUrl>
        <LineString>
          <tessellate>1</tessellate>
          <coordinates>
            -0.142401,51.613037,0
            -0.142364,51.613045,0
            -0.1423,51.612987,0
            -0.142183,51.612898,0
          </coordinates>
        </LineString>
      </Placemark>
      <Placemark>
        <name>Line 314</name>
        <styleUrl>#line-F8971B-4000-nodesc</styleUrl>
        <LineString>
          <tessellate>1</tessellate>
          <coordinates>
            -0.142183,51.612898,0
            -0.141971,51.612738,0
            -0.141918,51.61269,0
            -0.141816,51.61256,0
            -0.141718,51.612444,0
          </coordinates>
        </LineString>
      </Placemark>
      <Placemark>
        <name>Line 315</name>
        <styleUrl>#line-F8971B-4000-nodesc</styleUrl>
        <LineString>
          <tessellate>1</tessellate>
          <coordinates>
            -0.141718,51.612444,0
            -0.141111,51.611741,0
            -0.140934,51.611571,0
            -0.140768,51.611424,0
            -0.14066,51.611255,0
            -0.140553,51.611111,0
            -0.140489,51.611041,0
            -0.140483,51.611011,0
            -0.140408,51.610968,0
            -0.140263,51.610795,0
            -0.140044,51.610585,0
            -0.139797,51.610355,0
          </coordinates>
        </LineString>
      </Placemark>
      <Placemark>
        <name>Line 316</name>
        <styleUrl>#line-F8971B-4000-nodesc</styleUrl>
        <LineString>
          <tessellate>1</tessellate>
          <coordinates>
            -0.139797,51.610355,0
            -0.139577,51.610171,0
          </coordinates>
        </LineString>
      </Placemark>
      <Placemark>
        <name>Line 317</name>
        <styleUrl>#line-F8971B-4000-nodesc</styleUrl>
        <LineString>
          <tessellate>1</tessellate>
          <coordinates>
            -0.139577,51.610171,0
            -0.139176,51.610277,0
          </coordinates>
        </LineString>
      </Placemark>
      <Placemark>
        <name>Line 318</name>
        <styleUrl>#line-F8971B-4000-nodesc</styleUrl>
        <LineString>
          <tessellate>1</tessellate>
          <coordinates>
            -0.139176,51.610277,0
            -0.138938,51.610089,0
          </coordinates>
        </LineString>
      </Placemark>
      <Placemark>
        <name>Line 319</name>
        <styleUrl>#line-F8971B-4000-nodesc</styleUrl>
        <LineString>
          <tessellate>1</tessellate>
          <coordinates>
            -0.138938,51.610089,0
            -0.141867,51.609306,0
          </coordinates>
        </LineString>
      </Placemark>
      <Placemark>
        <name>Line 320</name>
        <styleUrl>#line-F8971B-4000-nodesc</styleUrl>
        <LineString>
          <tessellate>1</tessellate>
          <coordinates>
            -0.141847,51.60931,0
            -0.141704,51.609121,0
            -0.141686,51.609107,0
            -0.141654,51.609099,0
            -0.141634,51.6091,0
            -0.141621,51.609104,0
            -0.141596,51.609081,0
            -0.141564,51.609047,0
            -0.141546,51.609031,0
            -0.14152,51.609023,0
            -0.141477,51.609013,0
            -0.141436,51.609004,0
            -0.141402,51.608992,0
            -0.141372,51.608981,0
            -0.141347,51.608967,0
            -0.14132,51.608949,0
            -0.141291,51.608913,0
            -0.141281,51.608886,0
            -0.141276,51.608868,0
            -0.14128,51.608848,0
            -0.141284,51.608823,0
            -0.141295,51.608796,0
            -0.141308,51.608773,0
            -0.141319,51.608749,0
            -0.141347,51.608726,0
            -0.141389,51.608699,0
            -0.141424,51.608675,0
            -0.141473,51.608666,0
            -0.141528,51.608658,0
            -0.141571,51.608657,0
            -0.141614,51.608655,0
            -0.141656,51.608661,0
            -0.1417,51.608669,0
            -0.141729,51.608679,0
            -0.141767,51.608693,0
            -0.1418,51.608711,0
            -0.141827,51.608724,0
            -0.141867,51.608742,0
            -0.1419,51.608751,0
            -0.14193,51.608761,0
            -0.141977,51.608773,0
            -0.142008,51.608778,0
            -0.142054,51.608783,0
            -0.142124,51.608786,0
            -0.142211,51.608784,0
            -0.142292,51.608781,0
            -0.142353,51.608776,0
            -0.142412,51.608768,0
            -0.14246,51.608765,0
            -0.142511,51.608761,0
            -0.142574,51.608757,0
          </coordinates>
        </LineString>
      </Placemark>
      <Placemark>
        <name>Line 321</name>
        <styleUrl>#line-F8971B-4000-nodesc</styleUrl>
        <LineString>
          <tessellate>1</tessellate>
          <coordinates>
            -0.143322,51.608456,0
            -0.143351,51.608515,0
            -0.143383,51.608559,0
            -0.14338,51.608604,0
            -0.143339,51.608626,0
            -0.143266,51.60865,0
            -0.14319,51.608679,0
            -0.142574,51.608757,0
          </coordinates>
        </LineString>
      </Placemark>
      <Placemark>
        <name>Line 322</name>
        <styleUrl>#line-F8971B-4000-nodesc</styleUrl>
        <LineString>
          <tessellate>1</tessellate>
          <coordinates>
            -0.143322,51.608456,0
            -0.143449,51.608455,0
          </coordinates>
        </LineString>
      </Placemark>
      <Placemark>
        <name>Line 325</name>
        <styleUrl>#line-F8971B-4000-nodesc</styleUrl>
        <LineString>
          <tessellate>1</tessellate>
          <coordinates>
            -0.143449,51.608455,0
            -0.143464,51.60847,0
            -0.143495,51.608491,0
            -0.143528,51.608507,0
            -0.143559,51.608524,0
            -0.143599,51.608535,0
            -0.143629,51.608545,0
            -0.143674,51.608552,0
            -0.143722,51.608558,0
            -0.14377,51.608562,0
            -0.143797,51.608562,0
            -0.143842,51.608559,0
            -0.143904,51.608549,0
            -0.143968,51.608537,0
            -0.144037,51.608522,0
            -0.144307,51.608452,0
            -0.144524,51.608391,0
            -0.144574,51.608361,0
            -0.144642,51.60829,0
          </coordinates>
        </LineString>
      </Placemark>
      <Placemark>
        <name>Line 326</name>
        <styleUrl>#line-F8971B-4000-nodesc</styleUrl>
        <LineString>
          <tessellate>1</tessellate>
          <coordinates>
            -0.144642,51.60829,0
            -0.144635,51.608305,0
            -0.145942,51.607883,0
            -0.146175,51.607892,0
          </coordinates>
        </LineString>
      </Placemark>
      <Placemark>
        <name>Line 327</name>
        <styleUrl>#line-F8971B-4000-nodesc</styleUrl>
        <LineString>
          <tessellate>1</tessellate>
          <coordinates>
            -0.146175,51.607892,0
            -0.147597,51.607414,0
            -0.149533,51.606664,0
            -0.14997,51.606499,0
            -0.150405,51.606374,0
            -0.150458,51.606331,0
            -0.150475,51.606301,0
            -0.150448,51.606247,0
            -0.150378,51.606219,0
          </coordinates>
        </LineString>
      </Placemark>
      <Placemark>
        <name>Line 329</name>
        <styleUrl>#line-F8971B-4000-nodesc</styleUrl>
        <LineString>
          <tessellate>1</tessellate>
          <coordinates>
            -0.150383,51.606222,0
            -0.150232,51.606154,0
          </coordinates>
        </LineString>
      </Placemark>
      <Placemark>
        <name>Line 330</name>
        <styleUrl>#line-F8971B-4000-nodesc</styleUrl>
        <LineString>
          <tessellate>1</tessellate>
          <coordinates>
            -0.150232,51.606154,0
            -0.150431,51.605982,0
          </coordinates>
        </LineString>
      </Placemark>
      <Placemark>
        <name>Line 331</name>
        <styleUrl>#line-F8971B-4000-nodesc</styleUrl>
        <LineString>
          <tessellate>1</tessellate>
          <coordinates>
            -0.150431,51.605982,0
            -0.150197,51.605829,0
            -0.150021,51.605748,0
            -0.149974,51.605716,0
            -0.149966,51.605683,0
            -0.149986,51.60564,0
            -0.150029,51.605604,0
            -0.150071,51.605579,0
            -0.150365,51.605494,0
          </coordinates>
        </LineString>
      </Placemark>
      <Placemark>
        <name>Line 332</name>
        <styleUrl>#line-F8971B-4000-nodesc</styleUrl>
        <LineString>
          <tessellate>1</tessellate>
          <coordinates>
            -0.150365,51.605494,0
            -0.150574,51.605424,0
            -0.150987,51.60528,0
            -0.151501,51.605093,0
            -0.151706,51.605012,0
          </coordinates>
        </LineString>
      </Placemark>
      <Placemark>
        <name>Line 333</name>
        <styleUrl>#line-F8971B-4000-nodesc</styleUrl>
        <LineString>
          <tessellate>1</tessellate>
          <coordinates>
            -0.151706,51.605012,0
            -0.151922,51.605245,0
            -0.153095,51.605072,0
            -0.153456,51.605344,0
          </coordinates>
        </LineString>
      </Placemark>
      <Placemark>
        <name>Line 334</name>
        <styleUrl>#line-F8971B-4000-nodesc</styleUrl>
        <LineString>
          <tessellate>1</tessellate>
          <coordinates>
            -0.153456,51.605344,0
            -0.153661,51.605698,0
            -0.153701,51.605794,0
          </coordinates>
        </LineString>
      </Placemark>
      <Placemark>
        <name>Line 335</name>
        <styleUrl>#line-F8971B-4000-nodesc</styleUrl>
        <LineString>
          <tessellate>1</tessellate>
          <coordinates>
            -0.153701,51.605794,0
            -0.155002,51.605608,0
            -0.15604,51.605461,0
            -0.156088,51.605424,0
          </coordinates>
        </LineString>
      </Placemark>
      <Placemark>
        <name>Line 336</name>
        <styleUrl>#line-F8971B-4000-nodesc</styleUrl>
        <LineString>
          <tessellate>1</tessellate>
          <coordinates>
            -0.151706,51.605012,0
            -0.151682,51.604976,0
            -0.152631,51.604493,0
            -0.152897,51.604327,0
            -0.153511,51.603769,0
            -0.153559,51.603747,0
            -0.153607,51.603752,0
            -0.153728,51.603762,0
            -0.153924,51.60368,0
            -0.15412,51.603639,0
            -0.154712,51.604253,0
            -0.154825,51.604348,0
            -0.155058,51.604513,0
            -0.155606,51.604836,0
            -0.155887,51.604991,0
            -0.156059,51.605115,0
            -0.156174,51.60523,0
            -0.156201,51.6053,0
            -0.156166,51.605344,0
            -0.156088,51.605424,0
          </coordinates>
        </LineString>
      </Placemark>
      <Placemark>
        <name>Line 337</name>
        <styleUrl>#line-F8971B-4000-nodesc</styleUrl>
        <LineString>
          <tessellate>1</tessellate>
          <coordinates>
            -0.156088,51.605424,0
            -0.15656,51.605414,0
          </coordinates>
        </LineString>
      </Placemark>
      <Placemark>
        <name>Line 338</name>
        <styleUrl>#line-F8971B-4000-nodesc</styleUrl>
        <LineString>
          <tessellate>1</tessellate>
          <coordinates>
            -0.15656,51.605414,0
            -0.156666,51.605447,0
            -0.156921,51.605444,0
            -0.157385,51.605461,0
            -0.157582,51.605473,0
            -0.157686,51.605494,0
            -0.15777,51.605501,0
            -0.157853,51.605516,0
            -0.158163,51.605529,0
            -0.158358,51.605521,0
            -0.158855,51.605553,0
            -0.159416,51.60562,0
            -0.15962,51.60563,0
            -0.160126,51.605646,0
            -0.160566,51.605631,0
            -0.160829,51.605609,0
            -0.161232,51.605573,0
            -0.161544,51.605534,0
            -0.162054,51.605442,0
            -0.16251,51.605351,0
            -0.162986,51.605216,0
            -0.163263,51.605117,0
            -0.163898,51.604896,0
            -0.164546,51.604624,0
            -0.165203,51.604362,0
            -0.165986,51.604023,0
            -0.166284,51.603926,0
            -0.166911,51.603739,0
            -0.167664,51.603513,0
            -0.168589,51.603221,0
            -0.169403,51.602943,0
            -0.170202,51.602667,0
            -0.170898,51.602371,0
            -0.171554,51.602094,0
            -0.172058,51.601872,0
            -0.17236,51.60173,0
            -0.172646,51.60159,0
            -0.17284,51.601474,0
            -0.17285,51.601455,0
          </coordinates>
        </LineString>
      </Placemark>
      <Placemark>
        <name>Line 339</name>
        <styleUrl>#line-F8971B-4000-nodesc</styleUrl>
        <LineString>
          <tessellate>1</tessellate>
          <coordinates>
            -0.17285,51.601455,0
            -0.173099,51.601339,0
          </coordinates>
        </LineString>
      </Placemark>
      <Placemark>
        <name>Line 340</name>
        <styleUrl>#line-F8971B-4000-nodesc</styleUrl>
        <LineString>
          <tessellate>1</tessellate>
          <coordinates>
            -0.173099,51.601339,0
            -0.173173,51.60135,0
            -0.173268,51.601304,0
          </coordinates>
        </LineString>
      </Placemark>
      <Placemark>
        <name>Line 344</name>
        <styleUrl>#line-F8971B-4000-nodesc</styleUrl>
        <LineString>
          <tessellate>1</tessellate>
          <coordinates>
            -0.173462,51.601805,0
            -0.173408,51.60166,0
            -0.173268,51.601304,0
          </coordinates>
        </LineString>
      </Placemark>
      <Placemark>
        <name>Line 345</name>
        <styleUrl>#line-F8971B-4000-nodesc</styleUrl>
        <LineString>
          <tessellate>1</tessellate>
          <coordinates>
            -0.173462,51.601805,0
            -0.173774,51.601751,0
          </coordinates>
        </LineString>
      </Placemark>
      <Placemark>
        <name>Line 347</name>
        <styleUrl>#line-F8971B-4000-nodesc</styleUrl>
        <LineString>
          <tessellate>1</tessellate>
          <coordinates>
            -0.17352,51.601111,0
            -0.173541,51.601174,0
            -0.173637,51.601454,0
            -0.173774,51.601751,0
          </coordinates>
        </LineString>
      </Placemark>
      <Placemark>
        <name>Line 348</name>
        <styleUrl>#line-F8971B-4000-nodesc</styleUrl>
        <LineString>
          <tessellate>1</tessellate>
          <coordinates>
            -0.17352,51.601111,0
            -0.173955,51.600847,0
          </coordinates>
        </LineString>
      </Placemark>
      <Placemark>
        <name>Line 349</name>
        <styleUrl>#line-F8971B-4000-nodesc</styleUrl>
        <LineString>
          <tessellate>1</tessellate>
          <coordinates>
            -0.173955,51.600847,0
            -0.174427,51.600398,0
            -0.17447,51.600282,0
            -0.174443,51.600145,0
            -0.174322,51.600024,0
          </coordinates>
        </LineString>
      </Placemark>
      <Placemark>
        <name>Line 342</name>
        <styleUrl>#line-F8971B-4000-nodesc</styleUrl>
        <LineString>
          <tessellate>1</tessellate>
          <coordinates>
            -0.174322,51.600024,0
            -0.17422,51.599955,0
            -0.174164,51.599924,0
            -0.17411,51.599899,0
            -0.174011,51.599859,0
          </coordinates>
        </LineString>
      </Placemark>
      <Placemark>
        <name>Line 343</name>
        <styleUrl>#line-F8971B-4000-nodesc</styleUrl>
        <LineString>
          <tessellate>1</tessellate>
          <coordinates>
            -0.174011,51.599859,0
            -0.174495,51.599824,0
          </coordinates>
        </LineString>
      </Placemark>
      <Placemark>
        <name>Line 344</name>
        <styleUrl>#line-F8971B-4000-nodesc</styleUrl>
        <LineString>
          <tessellate>1</tessellate>
          <coordinates>
            -0.174495,51.599824,0
            -0.174542,51.599842,0
            -0.17461,51.599872,0
            -0.174696,51.599898,0
            -0.174786,51.599914,0
            -0.174861,51.59992,0
            -0.17496,51.599924,0
            -0.175005,51.599921,0
            -0.175107,51.599916,0
            -0.175248,51.599897,0
            -0.175362,51.599871,0
            -0.175472,51.599837,0
            -0.175652,51.599755,0
            -0.175775,51.599686,0
            -0.176098,51.599487,0
            -0.176228,51.599412,0
          </coordinates>
        </LineString>
      </Placemark>
      <Placemark>
        <name>Line 345</name>
        <styleUrl>#line-F8971B-4000-nodesc</styleUrl>
        <LineString>
          <tessellate>1</tessellate>
          <coordinates>
            -0.176228,51.599412,0
            -0.176597,51.599607,0
            -0.176694,51.599658,0
            -0.176474,51.599822,0
            -0.176538,51.599855,0
            -0.176911,51.599577,0
            -0.176919,51.59958,0
            -0.176933,51.599567,0
            -0.176955,51.599573,0
          </coordinates>
        </LineString>
      </Placemark>
      <Placemark>
        <name>Line 346</name>
        <styleUrl>#line-F8971B-4000-nodesc</styleUrl>
        <LineString>
          <tessellate>1</tessellate>
          <coordinates>
            -0.176955,51.599573,0
            -0.176962,51.599569,0
            -0.176831,51.599555,0
          </coordinates>
        </LineString>
      </Placemark>
      <Placemark>
        <name>Line 347</name>
        <styleUrl>#line-F8971B-4000-nodesc</styleUrl>
        <LineString>
          <tessellate>1</tessellate>
          <coordinates>
            -0.176831,51.599555,0
            -0.176722,51.599639,0
            -0.176324,51.59943,0
            -0.17626,51.599394,0
          </coordinates>
        </LineString>
      </Placemark>
      <Placemark>
        <name>Line 348</name>
        <styleUrl>#line-F8971B-4000-nodesc</styleUrl>
        <LineString>
          <tessellate>1</tessellate>
          <coordinates>
            -0.17626,51.599394,0
            -0.176538,51.599197,0
            -0.176841,51.59899,0
            -0.177061,51.598831,0
            -0.177305,51.598622,0
            -0.177594,51.598382,0
            -0.178099,51.597964,0
            -0.178225,51.597863,0
            -0.178294,51.597788,0
            -0.178398,51.597691,0
            -0.178344,51.597668,0
            -0.17856,51.597534,0
          </coordinates>
        </LineString>
      </Placemark>
      <Placemark>
        <name>Line 349</name>
        <styleUrl>#line-F8971B-4000-nodesc</styleUrl>
        <LineString>
          <tessellate>1</tessellate>
          <coordinates>
            -0.17856,51.597534,0
            -0.178595,51.597559,0
          </coordinates>
        </LineString>
      </Placemark>
      <Placemark>
        <name>Line 350</name>
        <styleUrl>#line-F8971B-4000-nodesc</styleUrl>
        <LineString>
          <tessellate>1</tessellate>
          <coordinates>
            -0.178595,51.597559,0
            -0.179131,51.597204,0
          </coordinates>
        </LineString>
      </Placemark>
      <Placemark>
        <name>Line 351</name>
        <styleUrl>#line-F8971B-4000-nodesc</styleUrl>
        <LineString>
          <tessellate>1</tessellate>
          <coordinates>
            -0.179131,51.597204,0
            -0.180076,51.596633,0
            -0.181044,51.596116,0
            -0.182326,51.595432,0
            -0.18393,51.594574,0
            -0.184193,51.594768,0
          </coordinates>
        </LineString>
      </Placemark>
      <Placemark>
        <name>Line 352</name>
        <styleUrl>#line-F8971B-4000-nodesc</styleUrl>
        <LineString>
          <tessellate>1</tessellate>
          <coordinates>
            -0.184193,51.594768,0
            -0.183658,51.595055,0
            -0.183051,51.595381,0
            -0.182524,51.595664,0
            -0.181626,51.596146,0
          </coordinates>
        </LineString>
      </Placemark>
      <Placemark>
        <name>Line 353</name>
        <styleUrl>#line-F8971B-4000-nodesc</styleUrl>
        <LineString>
          <tessellate>1</tessellate>
          <coordinates>
            -0.181666,51.596171,0
            -0.181312,51.59636,0
          </coordinates>
        </LineString>
      </Placemark>
      <Placemark>
        <name>Line 354</name>
        <styleUrl>#line-F8971B-4000-nodesc</styleUrl>
        <LineString>
          <tessellate>1</tessellate>
          <coordinates>
            -0.181312,51.59636,0
            -0.181221,51.596489,0
            -0.181185,51.596531,0
            -0.181103,51.596598,0
            -0.180814,51.596759,0
            -0.180192,51.59709,0
            -0.179889,51.597247,0
          </coordinates>
        </LineString>
      </Placemark>
      <Placemark>
        <name>Line 355</name>
        <styleUrl>#line-F8971B-4000-nodesc</styleUrl>
        <LineString>
          <tessellate>1</tessellate>
          <coordinates>
            -0.179889,51.597247,0
            -0.179589,51.597418,0
          </coordinates>
        </LineString>
      </Placemark>
      <Placemark>
        <name>Line 356</name>
        <styleUrl>#line-F8971B-4000-nodesc</styleUrl>
        <LineString>
          <tessellate>1</tessellate>
          <coordinates>
            -0.179432,51.597334,0
            -0.17929,51.597431,0
          </coordinates>
        </LineString>
      </Placemark>
      <Placemark>
        <name>Line 357</name>
        <styleUrl>#line-F8971B-4000-nodesc</styleUrl>
        <LineString>
          <tessellate>1</tessellate>
          <coordinates>
            -0.179589,51.597418,0
            -0.179598,51.597439,0
            -0.180159,51.597984,0
          </coordinates>
        </LineString>
      </Placemark>
      <Placemark>
        <name>Line 358</name>
        <styleUrl>#line-F8971B-4000-nodesc</styleUrl>
        <LineString>
          <tessellate>1</tessellate>
          <coordinates>
            -0.180159,51.597984,0
            -0.180231,51.597962,0
            -0.180242,51.597965,0
            -0.180319,51.59792,0
            -0.180352,51.597957,0
            -0.180184,51.59804,0
          </coordinates>
        </LineString>
      </Placemark>
      <Placemark>
        <name>Line 359</name>
        <styleUrl>#line-F8971B-4000-nodesc</styleUrl>
        <LineString>
          <tessellate>1</tessellate>
          <coordinates>
            -0.180184,51.59804,0
            -0.180188,51.598066,0
            -0.180776,51.598696,0
          </coordinates>
        </LineString>
      </Placemark>
      <Placemark>
        <name>Line 360</name>
        <styleUrl>#line-F8971B-4000-nodesc</styleUrl>
        <LineString>
          <tessellate>1</tessellate>
          <coordinates>
            -0.180776,51.598696,0
            -0.181328,51.598531,0
            -0.181417,51.598636,0
            -0.180818,51.598806,0
          </coordinates>
        </LineString>
      </Placemark>
      <Placemark>
        <name>Line 361</name>
        <styleUrl>#line-F8971B-4000-nodesc</styleUrl>
        <LineString>
          <tessellate>1</tessellate>
          <coordinates>
            -0.180818,51.598806,0
            -0.181312,51.599305,0
            -0.181607,51.599199,0
            -0.181725,51.59933,0
            -0.181406,51.599437,0
            -0.181559,51.599597,0
          </coordinates>
        </LineString>
      </Placemark>
      <Placemark>
        <name>Line 362</name>
        <styleUrl>#line-F8971B-4000-nodesc</styleUrl>
        <LineString>
          <tessellate>1</tessellate>
          <coordinates>
            -0.181559,51.599597,0
            -0.181497,51.599609,0
            -0.181808,51.599992,0
            -0.181859,51.599994,0
            -0.181996,51.599917,0
          </coordinates>
        </LineString>
      </Placemark>
      <Placemark>
        <name>Line 364</name>
        <styleUrl>#line-F8971B-4000-nodesc</styleUrl>
        <LineString>
          <tessellate>1</tessellate>
          <coordinates>
            -0.181996,51.599917,0
            -0.181978,51.599902,0
            -0.182548,51.599544,0
            -0.182975,51.59929,0
            -0.182528,51.598982,0
            -0.182968,51.598719,0
            -0.183415,51.599018,0
          </coordinates>
        </LineString>
      </Placemark>
      <Placemark>
        <name>Line 365</name>
        <styleUrl>#line-F8971B-4000-nodesc</styleUrl>
        <LineString>
          <tessellate>1</tessellate>
          <coordinates>
            -0.183415,51.599018,0
            -0.18382,51.598772,0
            -0.183694,51.598689,0
            -0.184091,51.598465,0
            -0.184818,51.598025,0
            -0.185027,51.597902,0
            -0.184894,51.597804,0
            -0.185349,51.598025,0
          </coordinates>
        </LineString>
      </Placemark>
      <Placemark>
        <name>Line 366</name>
        <styleUrl>#line-F8971B-4000-nodesc</styleUrl>
        <LineString>
          <tessellate>1</tessellate>
          <coordinates>
            -0.185349,51.598025,0
            -0.18562,51.597876,0
          </coordinates>
        </LineString>
      </Placemark>
      <Placemark>
        <name>Line 367</name>
        <styleUrl>#line-F8971B-4000-nodesc</styleUrl>
        <LineString>
          <tessellate>1</tessellate>
          <coordinates>
            -0.185707,51.597929,0
            -0.185343,51.598104,0
          </coordinates>
        </LineString>
      </Placemark>
      <Placemark>
        <name>Line 368</name>
        <styleUrl>#line-F8971B-4000-nodesc</styleUrl>
        <LineString>
          <tessellate>1</tessellate>
          <coordinates>
            -0.185343,51.598104,0
            -0.18541,51.598108,0
            -0.185451,51.598109,0
            -0.185591,51.598159,0
            -0.185919,51.598311,0
          </coordinates>
        </LineString>
      </Placemark>
      <Placemark>
        <name>Line 369</name>
        <styleUrl>#line-F8971B-4000-nodesc</styleUrl>
        <LineString>
          <tessellate>1</tessellate>
          <coordinates>
            -0.186863,51.599028,0
            -0.186784,51.59899,0
            -0.18671,51.598956,0
            -0.186888,51.598788,0
            -0.186312,51.598509,0
            -0.185898,51.598301,0
          </coordinates>
        </LineString>
      </Placemark>
      <Placemark>
        <name>Line 371</name>
        <styleUrl>#line-F8971B-4000-nodesc</styleUrl>
        <LineString>
          <tessellate>1</tessellate>
          <coordinates>
            -0.186863,51.599028,0
            -0.187001,51.599077,0
            -0.18697,51.599112,0
            -0.187485,51.599345,0
            -0.18773,51.59944,0
            -0.187867,51.599311,0
            -0.187857,51.599305,0
            -0.187885,51.599274,0
            -0.187052,51.598898,0
          </coordinates>
        </LineString>
      </Placemark>
      <Placemark>
        <name>Line 372</name>
        <styleUrl>#line-F8971B-4000-nodesc</styleUrl>
        <LineString>
          <tessellate>1</tessellate>
          <coordinates>
            -0.187052,51.598898,0
            -0.187098,51.598859,0
            -0.18745,51.599029,0
            -0.18814,51.59934,0
            -0.188665,51.599564,0
            -0.189144,51.599771,0
            -0.189336,51.59959,0
          </coordinates>
        </LineString>
      </Placemark>
      <Placemark>
        <name>Line 375</name>
        <styleUrl>#line-F8971B-4000-nodesc</styleUrl>
        <LineString>
          <tessellate>1</tessellate>
          <coordinates>
            -0.189336,51.59959,0
            -0.190236,51.599968,0
            -0.191234,51.600403,0
            -0.191072,51.600537,0
            -0.191437,51.600693,0
            -0.191467,51.600673,0
          </coordinates>
        </LineString>
      </Placemark>
      <Placemark>
        <name>Line 376</name>
        <styleUrl>#line-F8971B-4000-nodesc</styleUrl>
        <LineString>
          <tessellate>1</tessellate>
          <coordinates>
            -0.191467,51.600673,0
            -0.191679,51.60079,0
            -0.191665,51.600802,0
            -0.191728,51.600841,0
            -0.191746,51.600848,0
            -0.192065,51.600998,0
          </coordinates>
        </LineString>
      </Placemark>
      <Placemark>
        <name>Line 377</name>
        <styleUrl>#line-F8971B-4000-nodesc</styleUrl>
        <LineString>
          <tessellate>1</tessellate>
          <coordinates>
            -0.192065,51.600998,0
            -0.192384,51.601124,0
          </coordinates>
        </LineString>
      </Placemark>
      <Placemark>
        <name>Line 378</name>
        <styleUrl>#line-F8971B-4000-nodesc</styleUrl>
        <LineString>
          <tessellate>1</tessellate>
          <coordinates>
            -0.192384,51.601124,0
            -0.192335,51.601208,0
            -0.192349,51.601226,0
            -0.19263,51.601395,0
            -0.192915,51.601567,0
            -0.19304,51.601644,0
          </coordinates>
        </LineString>
      </Placemark>
      <Placemark>
        <name>Line 379</name>
        <styleUrl>#line-F8971B-4000-nodesc</styleUrl>
        <LineString>
          <tessellate>1</tessellate>
          <coordinates>
            -0.193271,51.601535,0
            -0.19325,51.601549,0
            -0.193197,51.601538,0
            -0.193187,51.601548,0
            -0.193137,51.601534,0
            -0.193099,51.601536,0
            -0.193061,51.601548,0
            -0.193043,51.601564,0
            -0.193035,51.601583,0
            -0.193032,51.601599,0
            -0.193035,51.60162,0
            -0.19304,51.601644,0
          </coordinates>
        </LineString>
      </Placemark>
      <Placemark>
        <name>Line 380</name>
        <styleUrl>#line-F8971B-4000-nodesc</styleUrl>
        <LineString>
          <tessellate>1</tessellate>
          <coordinates>
            -0.193271,51.601535,0
            -0.193488,51.601369,0
            -0.19372,51.601182,0
          </coordinates>
        </LineString>
      </Placemark>
      <Placemark>
        <name>Line 382</name>
        <styleUrl>#line-F8971B-4000-nodesc</styleUrl>
        <LineString>
          <tessellate>1</tessellate>
          <coordinates>
            -0.193896,51.601252,0
            -0.193418,51.601624,0
            -0.193401,51.601665,0
            -0.19343,51.60169,0
            -0.19341,51.601701,0
            -0.19341,51.601714,0
            -0.193523,51.601804,0
            -0.193564,51.601837,0
            -0.193721,51.601939,0
            -0.193814,51.601887,0
            -0.194103,51.602082,0
            -0.194011,51.60213,0
            -0.194012,51.602173,0
          </coordinates>
        </LineString>
      </Placemark>
      <Placemark>
        <name>Line 378</name>
        <styleUrl>#line-F8971B-4000-nodesc</styleUrl>
        <LineString>
          <tessellate>1</tessellate>
          <coordinates>
            -0.194012,51.602173,0
            -0.194042,51.602193,0
          </coordinates>
        </LineString>
      </Placemark>
      <Placemark>
        <name>Line 379</name>
        <styleUrl>#line-F8971B-4000-nodesc</styleUrl>
        <LineString>
          <tessellate>1</tessellate>
          <coordinates>
            -0.194042,51.602193,0
            -0.194494,51.602451,0
            -0.194912,51.602681,0
            -0.195074,51.602741,0
            -0.195254,51.602809,0
          </coordinates>
        </LineString>
      </Placemark>
      <Placemark>
        <name>Line 382</name>
        <styleUrl>#line-F8971B-4000-nodesc</styleUrl>
        <LineString>
          <tessellate>1</tessellate>
          <coordinates>
            -0.195254,51.602809,0
            -0.195282,51.602796,0
            -0.195312,51.602787,0
            -0.19533,51.602759,0
            -0.195349,51.602719,0
            -0.195357,51.602684,0
            -0.195365,51.602658,0
            -0.195351,51.602618,0
            -0.195329,51.602562,0
            -0.195521,51.602622,0
            -0.195422,51.602717,0
            -0.195455,51.602742,0
            -0.195424,51.602779,0
            -0.195584,51.602846,0
          </coordinates>
        </LineString>
      </Placemark>
      <Placemark>
        <name>Line 383</name>
        <styleUrl>#line-F8971B-4000-nodesc</styleUrl>
        <LineString>
          <tessellate>1</tessellate>
          <coordinates>
            -0.195584,51.602846,0
            -0.195923,51.603006,0
          </coordinates>
        </LineString>
      </Placemark>
      <Placemark>
        <name>Line 384</name>
        <styleUrl>#line-F8971B-4000-nodesc</styleUrl>
        <LineString>
          <tessellate>1</tessellate>
          <coordinates>
            -0.195923,51.603006,0
            -0.196107,51.602845,0
            -0.196256,51.602746,0
            -0.196366,51.602652,0
            -0.196587,51.602451,0
            -0.19663,51.602304,0
            -0.196816,51.602155,0
          </coordinates>
        </LineString>
      </Placemark>
      <Placemark>
        <name>Line 385</name>
        <styleUrl>#line-F8971B-4000-nodesc</styleUrl>
        <LineString>
          <tessellate>1</tessellate>
          <coordinates>
            -0.196846,51.602173,0
            -0.196657,51.602326,0
            -0.196617,51.602464,0
          </coordinates>
        </LineString>
      </Placemark>
      <Placemark>
        <name>Line 388</name>
        <styleUrl>#line-F8971B-4000-nodesc</styleUrl>
        <LineString>
          <tessellate>1</tessellate>
          <coordinates>
            -0.196617,51.602464,0
            -0.196275,51.602777,0
          </coordinates>
        </LineString>
      </Placemark>
      <Placemark>
        <name>Line 389</name>
        <styleUrl>#line-F8971B-4000-nodesc</styleUrl>
        <LineString>
          <tessellate>1</tessellate>
          <coordinates>
            -0.196275,51.602777,0
            -0.196594,51.602952,0
          </coordinates>
        </LineString>
      </Placemark>
      <Placemark>
        <name>Line 390</name>
        <styleUrl>#line-F8971B-4000-nodesc</styleUrl>
        <LineString>
          <tessellate>1</tessellate>
          <coordinates>
            -0.196594,51.602952,0
            -0.196631,51.602971,0
            -0.196689,51.602962,0
            -0.196719,51.602983,0
            -0.196929,51.603046,0
          </coordinates>
        </LineString>
      </Placemark>
      <Placemark>
        <name>Line 391</name>
        <styleUrl>#line-F8971B-4000-nodesc</styleUrl>
        <LineString>
          <tessellate>1</tessellate>
          <coordinates>
            -0.196929,51.603046,0
            -0.196762,51.60351,0
            -0.196944,51.603535,0
            -0.197094,51.603522,0
            -0.197148,51.603509,0
            -0.197279,51.60352,0
            -0.197284,51.603425,0
            -0.197515,51.60339,0
            -0.197625,51.603465,0
            -0.197714,51.603425,0
          </coordinates>
        </LineString>
      </Placemark>
      <Placemark>
        <name>Line 392</name>
        <styleUrl>#line-F8971B-4000-nodesc</styleUrl>
        <LineString>
          <tessellate>1</tessellate>
          <coordinates>
            -0.197714,51.603425,0
            -0.197718,51.603428,0
            -0.197734,51.603422,0
            -0.19781,51.603489,0
            -0.197926,51.603457,0
          </coordinates>
        </LineString>
      </Placemark>
      <Placemark>
        <name>Line 393</name>
        <styleUrl>#line-F8971B-4000-nodesc</styleUrl>
        <LineString>
          <tessellate>1</tessellate>
          <coordinates>
            -0.197926,51.603457,0
            -0.198056,51.603404,0
            -0.198116,51.603367,0
          </coordinates>
        </LineString>
      </Placemark>
      <Placemark>
        <name>Line 394</name>
        <styleUrl>#line-F8971B-4000-nodesc</styleUrl>
        <LineString>
          <tessellate>1</tessellate>
          <coordinates>
            -0.198202,51.603409,0
            -0.198143,51.603444,0
          </coordinates>
        </LineString>
      </Placemark>
      <Placemark>
        <name>Line 395</name>
        <styleUrl>#line-F8971B-4000-nodesc</styleUrl>
        <LineString>
          <tessellate>1</tessellate>
          <coordinates>
            -0.198143,51.603444,0
            -0.198045,51.603519,0
            -0.198097,51.603573,0
          </coordinates>
        </LineString>
      </Placemark>
      <Placemark>
        <name>Line 396</name>
        <styleUrl>#line-F8971B-4000-nodesc</styleUrl>
        <LineString>
          <tessellate>1</tessellate>
          <coordinates>
            -0.198097,51.603573,0
            -0.197954,51.603614,0
            -0.197967,51.603628,0
            -0.197813,51.603668,0
            -0.197743,51.603686,0
            -0.197657,51.6037,0
            -0.197594,51.603708,0
            -0.197479,51.603724,0
          </coordinates>
        </LineString>
      </Placemark>
      <Placemark>
        <name>Line 397</name>
        <styleUrl>#line-F8971B-4000-nodesc</styleUrl>
        <LineString>
          <tessellate>1</tessellate>
          <coordinates>
            -0.197479,51.603724,0
            -0.197463,51.603719,0
            -0.197431,51.603664,0
            -0.197386,51.603718,0
            -0.197346,51.603716,0
            -0.197334,51.603674,0
            -0.197294,51.603679,0
            -0.197231,51.603743,0
            -0.197211,51.603735,0
            -0.197205,51.603691,0
            -0.197081,51.603695,0
            -0.197032,51.603754,0
            -0.196893,51.603708,0
            -0.196835,51.603774,0
            -0.197187,51.603888,0
          </coordinates>
        </LineString>
      </Placemark>
      <Placemark>
        <name>Line 398</name>
        <styleUrl>#line-F8971B-4000-nodesc</styleUrl>
        <LineString>
          <tessellate>1</tessellate>
          <coordinates>
            -0.197187,51.603888,0
            -0.197858,51.604112,0
            -0.198261,51.604249,0
            -0.198793,51.604431,0
            -0.199332,51.604614,0
            -0.199755,51.604756,0
          </coordinates>
        </LineString>
      </Placemark>
      <Placemark>
        <name>Line 395</name>
        <styleUrl>#line-F8971B-4000-nodesc</styleUrl>
        <LineString>
          <tessellate>1</tessellate>
          <coordinates>
            -0.201745,51.605013,0
            -0.201563,51.604975,0
          </coordinates>
        </LineString>
      </Placemark>
      <Placemark>
        <name>Line 396</name>
        <styleUrl>#line-F8971B-4000-nodesc</styleUrl>
        <LineString>
          <tessellate>1</tessellate>
          <coordinates>
            -0.201563,51.604975,0
            -0.201281,51.6049,0
            -0.201002,51.604836,0
            -0.20083,51.60479,0
            -0.200643,51.604735,0
            -0.200455,51.604686,0
            -0.20031,51.604632,0
            -0.200152,51.604595,0
            -0.200071,51.604588,0
            -0.199956,51.604592,0
            -0.199849,51.604622,0
            -0.199755,51.604756,0
          </coordinates>
        </LineString>
      </Placemark>
      <Placemark>
        <name>Line 397</name>
        <styleUrl>#line-F8971B-4000-nodesc</styleUrl>
        <LineString>
          <tessellate>1</tessellate>
          <coordinates>
            -0.201842,51.605056,0
            -0.20252,51.605348,0
          </coordinates>
        </LineString>
      </Placemark>
      <Placemark>
        <name>Line 398</name>
        <styleUrl>#line-F8971B-4000-nodesc</styleUrl>
        <LineString>
          <tessellate>1</tessellate>
          <coordinates>
            -0.20252,51.605348,0
            -0.202442,51.605416,0
            -0.202418,51.605463,0
            -0.202445,51.605509,0
            -0.202456,51.605551,0
            -0.202536,51.605613,0
            -0.203022,51.605808,0
            -0.204108,51.606186,0
            -0.204494,51.606344,0
            -0.204658,51.606506,0
            -0.205336,51.606754,0
            -0.20576,51.607005,0
            -0.205822,51.607044,0
            -0.206133,51.607155,0
            -0.206616,51.60731,0
          </coordinates>
        </LineString>
      </Placemark>
      <Placemark>
        <name>Line 399</name>
        <styleUrl>#line-F8971B-4000-nodesc</styleUrl>
        <LineString>
          <tessellate>1</tessellate>
          <coordinates>
            -0.206616,51.60731,0
            -0.206712,51.607089,0
          </coordinates>
        </LineString>
      </Placemark>
      <Placemark>
        <name>Line 400</name>
        <styleUrl>#line-F8971B-4000-nodesc</styleUrl>
        <LineString>
          <tessellate>1</tessellate>
          <coordinates>
            -0.206822,51.60713,0
            -0.206863,51.607154,0
            -0.206857,51.6072,0
            -0.206903,51.607227,0
            -0.20701,51.607247,0
            -0.20712,51.607277,0
            -0.207662,51.607513,0
            -0.208526,51.607857,0
            -0.208821,51.607952,0
          </coordinates>
        </LineString>
      </Placemark>
      <Placemark>
        <name>Line 401</name>
        <styleUrl>#line-F8971B-4000-nodesc</styleUrl>
        <LineString>
          <tessellate>1</tessellate>
          <coordinates>
            -0.2094,51.608118,0
            -0.209412,51.608153,0
            -0.209463,51.608193,0
          </coordinates>
        </LineString>
      </Placemark>
      <Placemark>
        <name>Line 402</name>
        <styleUrl>#line-F8971B-4000-nodesc</styleUrl>
        <LineString>
          <tessellate>1</tessellate>
          <coordinates>
            -0.209463,51.608193,0
            -0.209468,51.608195,0
            -0.209762,51.608259,0
            -0.209739,51.608318,0
            -0.209982,51.60838,0
            -0.210002,51.60833,0
            -0.210022,51.608336,0
            -0.210017,51.608355,0
            -0.210072,51.608361,0
            -0.210079,51.608341,0
            -0.210099,51.608349,0
            -0.210148,51.608357,0
          </coordinates>
        </LineString>
      </Placemark>
      <Placemark>
        <name>Line 403</name>
        <styleUrl>#line-F8971B-4000-nodesc</styleUrl>
        <LineString>
          <tessellate>1</tessellate>
          <coordinates>
            -0.210139,51.608356,0
            -0.21026,51.608385,0
            -0.210254,51.608409,0
            -0.210966,51.608554,0
          </coordinates>
        </LineString>
      </Placemark>
      <Placemark>
        <name>Line 404</name>
        <styleUrl>#line-F8971B-4000-nodesc</styleUrl>
        <LineString>
          <tessellate>1</tessellate>
          <coordinates>
            -0.210961,51.608553,0
            -0.211122,51.608588,0
            -0.211128,51.608677,0
          </coordinates>
        </LineString>
      </Placemark>
      <Placemark>
        <name>Line 405</name>
        <styleUrl>#line-F8971B-4000-nodesc</styleUrl>
        <LineString>
          <tessellate>1</tessellate>
          <coordinates>
            -0.211128,51.608677,0
            -0.210559,51.608699,0
            -0.210559,51.608841,0
          </coordinates>
        </LineString>
      </Placemark>
      <Placemark>
        <name>Line 406</name>
        <styleUrl>#line-F8971B-4000-nodesc</styleUrl>
        <LineString>
          <tessellate>1</tessellate>
          <coordinates>
            -0.210559,51.608841,0
            -0.210578,51.608841,0
            -0.210586,51.608858,0
            -0.210705,51.608854,0
            -0.210702,51.60884,0
            -0.210743,51.608843,0
          </coordinates>
        </LineString>
      </Placemark>
      <Placemark>
        <name>Line 407</name>
        <styleUrl>#line-F8971B-4000-nodesc</styleUrl>
        <LineString>
          <tessellate>1</tessellate>
          <coordinates>
            -0.210743,51.608843,0
            -0.211483,51.608817,0
          </coordinates>
        </LineString>
      </Placemark>
      <Placemark>
        <name>Line 408</name>
        <styleUrl>#line-F8971B-4000-nodesc</styleUrl>
        <LineString>
          <tessellate>1</tessellate>
          <coordinates>
            -0.211483,51.608817,0
            -0.211823,51.608802,0
            -0.211809,51.608662,0
            -0.212196,51.608707,0
          </coordinates>
        </LineString>
      </Placemark>
      <Placemark>
        <name>Line 409</name>
        <styleUrl>#line-F8971B-4000-nodesc</styleUrl>
        <LineString>
          <tessellate>1</tessellate>
          <coordinates>
            -0.212187,51.608707,0
            -0.212214,51.608385,0
            -0.212691,51.608414,0
          </coordinates>
        </LineString>
      </Placemark>
      <Placemark>
        <name>Line 410</name>
        <styleUrl>#line-F8971B-4000-nodesc</styleUrl>
        <LineString>
          <tessellate>1</tessellate>
          <coordinates>
            -0.212691,51.608414,0
            -0.214145,51.608504,0
          </coordinates>
        </LineString>
      </Placemark>
      <Placemark>
        <name>Line 411</name>
        <styleUrl>#line-F8971B-4000-nodesc</styleUrl>
        <LineString>
          <tessellate>1</tessellate>
          <coordinates>
            -0.214145,51.608504,0
            -0.214215,51.608534,0
            -0.214314,51.608548,0
            -0.214405,51.608534,0
            -0.214657,51.608403,0
            -0.21507,51.608151,0
          </coordinates>
        </LineString>
      </Placemark>
      <Placemark>
        <name>Line 412</name>
        <styleUrl>#line-F8971B-4000-nodesc</styleUrl>
        <LineString>
          <tessellate>1</tessellate>
          <coordinates>
            -0.21507,51.608151,0
            -0.216092,51.607663,0
            -0.216449,51.607453,0
            -0.216615,51.607377,0
          </coordinates>
        </LineString>
      </Placemark>
      <Placemark>
        <name>Line 415</name>
        <styleUrl>#line-F8971B-4000-nodesc</styleUrl>
        <LineString>
          <tessellate>1</tessellate>
          <coordinates>
            -0.216615,51.607377,0
            -0.216693,51.607345,0
            -0.216737,51.607321,0
            -0.216766,51.607313,0
            -0.216804,51.607324,0
            -0.216844,51.607342,0
            -0.21688,51.60736,0
          </coordinates>
        </LineString>
      </Placemark>
      <Placemark>
        <name>Line 416</name>
        <styleUrl>#line-F8971B-4000-nodesc</styleUrl>
        <LineString>
          <tessellate>1</tessellate>
          <coordinates>
            -0.216979,51.607405,0
            -0.217003,51.607433,0
            -0.217199,51.607418,0
          </coordinates>
        </LineString>
      </Placemark>
      <Placemark>
        <name>Line 417</name>
        <styleUrl>#line-F8971B-4000-nodesc</styleUrl>
        <LineString>
          <tessellate>1</tessellate>
          <coordinates>
            -0.217199,51.607418,0
            -0.217369,51.607748,0
            -0.216765,51.607896,0
            -0.216328,51.608015,0
            -0.216162,51.608068,0
            -0.216127,51.608032,0
            -0.215888,51.608111,0
            -0.21609,51.608345,0
            -0.216315,51.60828,0
            -0.21628,51.608225,0
            -0.217286,51.608,0
          </coordinates>
        </LineString>
      </Placemark>
      <Placemark>
        <name>Line 418</name>
        <styleUrl>#line-F8971B-4000-nodesc</styleUrl>
        <LineString>
          <tessellate>1</tessellate>
          <coordinates>
            -0.217286,51.608,0
            -0.218597,51.607852,0
            -0.218608,51.60789,0
            -0.218798,51.607883,0
            -0.218807,51.607928,0
            -0.218986,51.607916,0
            -0.218997,51.60795,0
            -0.219035,51.607948,0
          </coordinates>
        </LineString>
      </Placemark>
      <Placemark>
        <name>Line 419</name>
        <styleUrl>#line-F8971B-4000-nodesc</styleUrl>
        <LineString>
          <tessellate>1</tessellate>
          <coordinates>
            -0.219035,51.607948,0
            -0.219045,51.607947,0
            -0.219222,51.607909,0
            -0.219268,51.607998,0
            -0.219288,51.608014,0
            -0.21932,51.607998,0
            -0.219335,51.608014,0
            -0.219363,51.608007,0
            -0.219366,51.607962,0
            -0.219401,51.607963,0
            -0.21941,51.607928,0
          </coordinates>
        </LineString>
      </Placemark>
      <Placemark>
        <name>Line 420</name>
        <styleUrl>#line-F8971B-4000-nodesc</styleUrl>
        <LineString>
          <tessellate>1</tessellate>
          <coordinates>
            -0.21941,51.607928,0
            -0.220089,51.607965,0
            -0.220086,51.608008,0
            -0.220207,51.60801,0
            -0.220207,51.608036,0
            -0.220239,51.60804,0
            -0.220244,51.608103,0
            -0.220378,51.608048,0
          </coordinates>
        </LineString>
      </Placemark>
      <Placemark>
        <name>Line 421</name>
        <styleUrl>#line-F8971B-4000-nodesc</styleUrl>
        <LineString>
          <tessellate>1</tessellate>
          <coordinates>
            -0.220378,51.608048,0
            -0.221009,51.608073,0
          </coordinates>
        </LineString>
      </Placemark>
      <Placemark>
        <name>Line 422</name>
        <styleUrl>#line-F8971B-4000-nodesc</styleUrl>
        <LineString>
          <tessellate>1</tessellate>
          <coordinates>
            -0.221207,51.608163,0
            -0.22129,51.608203,0
            -0.221334,51.608231,0
            -0.221364,51.608258,0
          </coordinates>
        </LineString>
      </Placemark>
      <Placemark>
        <name>Line 424</name>
        <styleUrl>#line-F8971B-4000-nodesc</styleUrl>
        <LineString>
          <tessellate>1</tessellate>
          <coordinates>
            -0.221364,51.608258,0
            -0.221367,51.608266,0
            -0.221399,51.60831,0
            -0.221411,51.60834,0
            -0.221419,51.608362,0
            -0.221411,51.608395,0
            -0.221337,51.608369,0
            -0.221325,51.608378,0
            -0.221196,51.60834,0
            -0.221068,51.608279,0
            -0.22099,51.60837,0
            -0.221206,51.608517,0
          </coordinates>
        </LineString>
      </Placemark>
      <Placemark>
        <name>Line 425</name>
        <styleUrl>#line-F8971B-4000-nodesc</styleUrl>
        <LineString>
          <tessellate>1</tessellate>
          <coordinates>
            -0.221206,51.608517,0
            -0.2212,51.608523,0
            -0.221086,51.608596,0
            -0.220896,51.608693,0
            -0.220873,51.608647,0
            -0.220802,51.608691,0
            -0.220449,51.608766,0
            -0.220443,51.608754,0
            -0.220227,51.608798,0
          </coordinates>
        </LineString>
      </Placemark>
      <Placemark>
        <name>Line 426</name>
        <styleUrl>#line-F8971B-4000-nodesc</styleUrl>
        <LineString>
          <tessellate>1</tessellate>
          <coordinates>
            -0.220227,51.608798,0
            -0.218986,51.609061,0
          </coordinates>
        </LineString>
      </Placemark>
      <Placemark>
        <name>Line 427</name>
        <styleUrl>#line-F8971B-4000-nodesc</styleUrl>
        <LineString>
          <tessellate>1</tessellate>
          <coordinates>
            -0.218986,51.609061,0
            -0.218356,51.609191,0
            -0.218332,51.609161,0
            -0.218166,51.609214,0
            -0.218179,51.609234,0
            -0.217793,51.609291,0
          </coordinates>
        </LineString>
      </Placemark>
      <Placemark>
        <name>Line 428</name>
        <styleUrl>#line-F8971B-4000-nodesc</styleUrl>
        <LineString>
          <tessellate>1</tessellate>
          <coordinates>
            -0.217793,51.609291,0
            -0.217567,51.609334,0
            -0.217404,51.609394,0
            -0.217254,51.609487,0
            -0.217149,51.609597,0
            -0.217034,51.60971,0
            -0.217101,51.609737,0
          </coordinates>
        </LineString>
      </Placemark>
      <Placemark>
        <name>Line 429</name>
        <styleUrl>#line-F8971B-4000-nodesc</styleUrl>
        <LineString>
          <tessellate>1</tessellate>
          <coordinates>
            -0.217101,51.609737,0
            -0.21698,51.609849,0
            -0.217052,51.609875,0
            -0.216934,51.609992,0
            -0.217007,51.610009,0
            -0.21694,51.61012,0
            -0.216782,51.610332,0
          </coordinates>
        </LineString>
      </Placemark>
      <Placemark>
        <name>Line 430</name>
        <styleUrl>#line-F8971B-4000-nodesc</styleUrl>
        <LineString>
          <tessellate>1</tessellate>
          <coordinates>
            -0.216154,51.611481,0
            -0.216283,51.611221,0
            -0.216382,51.610961,0
            -0.216524,51.610702,0
            -0.216792,51.61032,0
          </coordinates>
        </LineString>
      </Placemark>
      <Placemark>
        <name>Line 431</name>
        <styleUrl>#line-F8971B-4000-nodesc</styleUrl>
        <LineString>
          <tessellate>1</tessellate>
          <coordinates>
            -0.216154,51.611481,0
            -0.215701,51.611403,0
          </coordinates>
        </LineString>
      </Placemark>
      <Placemark>
        <name>Line 432</name>
        <styleUrl>#line-F8971B-4000-nodesc</styleUrl>
        <LineString>
          <tessellate>1</tessellate>
          <coordinates>
            -0.215694,51.61142,0
            -0.215826,51.611443,0
          </coordinates>
        </LineString>
      </Placemark>
      <Placemark>
        <name>Line 433</name>
        <styleUrl>#line-F8971B-4000-nodesc</styleUrl>
        <LineString>
          <tessellate>1</tessellate>
          <coordinates>
            -0.215817,51.611444,0
            -0.21615,51.6115,0
            -0.216038,51.611751,0
            -0.215825,51.612213,0
          </coordinates>
        </LineString>
      </Placemark>
      <Placemark>
        <name>Line 434</name>
        <styleUrl>#line-F8971B-4000-nodesc</styleUrl>
        <LineString>
          <tessellate>1</tessellate>
          <coordinates>
            -0.215825,51.612213,0
            -0.215782,51.6123,0
            -0.215758,51.612294,0
            -0.215701,51.612412,0
            -0.215663,51.612515,0
            -0.215566,51.612713,0
            -0.215529,51.612704,0
            -0.215495,51.612754,0
            -0.215545,51.612841,0
            -0.214938,51.612998,0
            -0.214901,51.612952,0
          </coordinates>
        </LineString>
      </Placemark>
      <Placemark>
        <name>Line 435</name>
        <styleUrl>#line-F8971B-4000-nodesc</styleUrl>
        <LineString>
          <tessellate>1</tessellate>
          <coordinates>
            -0.214901,51.612952,0
            -0.214866,51.613088,0
            -0.214885,51.613084,0
          </coordinates>
        </LineString>
      </Placemark>
      <Placemark>
        <name>Line 436</name>
        <styleUrl>#line-F8971B-4000-nodesc</styleUrl>
        <LineString>
          <tessellate>1</tessellate>
          <coordinates>
            -0.214468,51.613756,0
            -0.21407,51.613856,0
            -0.213901,51.613878,0
            -0.213659,51.613871,0
            -0.21286,51.613846,0
            -0.211817,51.613831,0
            -0.211838,51.614066,0
            -0.211921,51.614456,0
            -0.211988,51.614892,0
          </coordinates>
        </LineString>
      </Placemark>
      <Placemark>
        <name>Line 439</name>
        <styleUrl>#line-F8971B-4000-nodesc</styleUrl>
        <LineString>
          <tessellate>1</tessellate>
          <coordinates>
            -0.211987,51.61487,0
            -0.211451,51.614877,0
            -0.211382,51.614864,0
            -0.211304,51.614864,0
            -0.211243,51.614873,0
            -0.21118,51.614886,0
            -0.211135,51.614896,0
          </coordinates>
        </LineString>
      </Placemark>
      <Placemark>
        <name>Line 440</name>
        <styleUrl>#line-F8971B-4000-nodesc</styleUrl>
        <LineString>
          <tessellate>1</tessellate>
          <coordinates>
            -0.211135,51.614896,0
            -0.210677,51.615032,0
            -0.21036,51.615119,0
            -0.209894,51.615162,0
            -0.209432,51.615199,0
            -0.208998,51.615212,0
            -0.208665,51.615219,0
            -0.208225,51.615222,0
            -0.207748,51.615235,0
            -0.207485,51.615239,0
            -0.206772,51.615275,0
            -0.206616,51.615284,0
            -0.206534,51.615267,0
            -0.206475,51.61523,0
            -0.206409,51.615178,0
            -0.206376,51.615144,0
            -0.206368,51.615112,0
            -0.206373,51.615091,0
            -0.206378,51.615076,0
            -0.206353,51.615075,0
          </coordinates>
        </LineString>
      </Placemark>
      <Placemark>
        <name>Line 441</name>
        <styleUrl>#line-F8971B-4000-nodesc</styleUrl>
        <LineString>
          <tessellate>1</tessellate>
          <coordinates>
            -0.181736,51.630662,0
            -0.181702,51.630732,0
            -0.181662,51.630722,0
          </coordinates>
        </LineString>
      </Placemark>
      <Placemark>
        <name>Line 442</name>
        <styleUrl>#line-F8971B-4000-nodesc</styleUrl>
        <LineString>
          <tessellate>1</tessellate>
          <coordinates>
            -0.181662,51.630722,0
            -0.181661,51.630572,0
          </coordinates>
        </LineString>
      </Placemark>
      <Placemark>
        <name>Line 443</name>
        <styleUrl>#line-F8971B-4000-nodesc</styleUrl>
        <LineString>
          <tessellate>1</tessellate>
          <coordinates>
            -0.181661,51.630572,0
            -0.181518,51.630537,0
            -0.181501,51.630566,0
            -0.180987,51.630443,0
          </coordinates>
        </LineString>
      </Placemark>
      <Placemark>
        <name>Line 444</name>
        <styleUrl>#line-F8971B-4000-nodesc</styleUrl>
        <LineString>
          <tessellate>1</tessellate>
          <coordinates>
            -0.182471,51.63348,0
            -0.182121,51.633202,0
            -0.182052,51.633222,0
          </coordinates>
        </LineString>
      </Placemark>
      <Placemark>
        <name>Line 439</name>
        <styleUrl>#line-F8971B-4000-nodesc</styleUrl>
        <LineString>
          <tessellate>1</tessellate>
          <coordinates>
            -0.189578,51.654609,0
            -0.189514,51.654599,0
            -0.189359,51.654569,0
          </coordinates>
        </LineString>
      </Placemark>
      <Placemark>
        <name>Line 440</name>
        <styleUrl>#line-F8971B-4000-nodesc</styleUrl>
        <LineString>
          <tessellate>1</tessellate>
          <coordinates>
            -0.189359,51.654569,0
            -0.189338,51.654565,0
            -0.189318,51.654624,0
            -0.189282,51.65475,0
            -0.18923,51.654926,0
          </coordinates>
        </LineString>
      </Placemark>
      <Placemark>
        <name>Line 442</name>
        <styleUrl>#line-F8971B-4000-nodesc</styleUrl>
        <LineString>
          <tessellate>1</tessellate>
          <coordinates>
            -0.189082,51.655175,0
            -0.18923,51.654926,0
          </coordinates>
        </LineString>
      </Placemark>
      <Placemark>
        <name>Line 443</name>
        <styleUrl>#line-F8971B-4000-nodesc</styleUrl>
        <LineString>
          <tessellate>1</tessellate>
          <coordinates>
            -0.189082,51.655175,0
            -0.189074,51.655204,0
          </coordinates>
        </LineString>
      </Placemark>
      <Placemark>
        <name>Line 42</name>
        <styleUrl>#line-F8971B-4000-nodesc</styleUrl>
        <LineString>
          <tessellate>1</tessellate>
          <coordinates>
            -0.180334,51.638285,0
            -0.180332,51.638246,0
            -0.180251,51.638251,0
            -0.180255,51.638294,0
            -0.180222,51.638308,0
            -0.180142,51.638316,0
            -0.180078,51.638334,0
            -0.180015,51.638344,0
            -0.179719,51.638355,0
          </coordinates>
        </LineString>
      </Placemark>
      <Placemark>
        <name>Line 40</name>
        <styleUrl>#line-F8971B-4000-nodesc</styleUrl>
        <LineString>
          <tessellate>1</tessellate>
          <coordinates>
            -0.18075,51.638182,0
            -0.180761,51.638206,0
            -0.180722,51.638214,0
            -0.180722,51.638236,0
            -0.1807,51.638236,0
            -0.180702,51.638281,0
            -0.180654,51.638277,0
            -0.18064,51.638328,0
            -0.180407,51.638328,0
            -0.180334,51.638285,0
          </coordinates>
        </LineString>
      </Placemark>
      <Placemark>
        <name>Line 39</name>
        <styleUrl>#line-F8971B-4000-nodesc</styleUrl>
        <LineString>
          <tessellate>1</tessellate>
          <coordinates>
            -0.179319,51.63694,0
            -0.179091,51.63699,0
            -0.179197,51.63709,0
          </coordinates>
        </LineString>
      </Placemark>
      <Placemark>
        <name>Line 18</name>
        <styleUrl>#line-F8971B-4000-nodesc</styleUrl>
        <LineString>
          <tessellate>1</tessellate>
          <coordinates>
            -0.196842,51.61932,0
            -0.197091,51.619092,0
            -0.195235,51.61837,0
          </coordinates>
        </LineString>
      </Placemark>
      <Placemark>
        <name>Line 20</name>
        <styleUrl>#line-F8971B-4000-nodesc</styleUrl>
        <LineString>
          <tessellate>1</tessellate>
          <coordinates>
            -0.190764,51.617259,0
            -0.1907,51.617327,0
            -0.19052,51.617447,0
            -0.190533,51.617848,0
            -0.19055,51.617962,0
            -0.190571,51.618098,0
            -0.190608,51.618166,0
            -0.190745,51.618418,0
            -0.190772,51.618468,0
            -0.19093,51.61844,0
          </coordinates>
        </LineString>
      </Placemark>
      <Placemark>
        <name>Line 19</name>
        <styleUrl>#line-F8971B-4000-nodesc</styleUrl>
        <LineString>
          <tessellate>1</tessellate>
          <coordinates>
            -0.195235,51.61837,0
            -0.195037,51.618293,0
            -0.19497,51.618271,0
            -0.194704,51.618203,0
            -0.193865,51.618046,0
            -0.193527,51.617982,0
            -0.19273,51.617827,0
            -0.192033,51.617695,0
            -0.191764,51.617632,0
            -0.191598,51.617564,0
            -0.190987,51.61734,0
            -0.190764,51.617259,0
          </coordinates>
        </LineString>
      </Placemark>
      <Placemark>
        <name>Line 22</name>
        <styleUrl>#line-F8971B-4000-nodesc</styleUrl>
        <LineString>
          <tessellate>1</tessellate>
          <coordinates>
            -0.19093,51.61844,0
            -0.190925,51.618461,0
            -0.190987,51.618603,0
            -0.191038,51.618721,0
            -0.191043,51.618741,0
            -0.191059,51.618841,0
            -0.191072,51.618956,0
            -0.191062,51.619042,0
            -0.191027,51.619227,0
            -0.190973,51.619464,0
            -0.190925,51.619634,0
            -0.190874,51.619917,0
            -0.190853,51.620002,0
            -0.190836,51.6201,0
            -0.19078,51.620363,0
            -0.190716,51.620649,0
            -0.190708,51.620976,0
            -0.190718,51.621028,0
            -0.190729,51.621087,0
          </coordinates>
        </LineString>
      </Placemark>
      <Placemark>
        <name>Line 24</name>
        <styleUrl>#line-F8971B-4000-nodesc</styleUrl>
        <LineString>
          <tessellate>1</tessellate>
          <coordinates>
            -0.192894,51.621289,0
            -0.193055,51.621274,0
            -0.193194,51.621259,0
            -0.193387,51.621249,0
            -0.193878,51.621259,0
          </coordinates>
        </LineString>
      </Placemark>
      <Placemark>
        <name>Line 26</name>
        <styleUrl>#line-F8971B-4000-nodesc</styleUrl>
        <LineString>
          <tessellate>1</tessellate>
          <coordinates>
            -0.193824,51.620972,0
            -0.193843,51.620748,0
            -0.193851,51.620618,0
            -0.193878,51.620488,0
            -0.193897,51.620413,0
            -0.194004,51.620306,0
            -0.194149,51.62022,0
            -0.194283,51.620128,0
            -0.194699,51.62005,0
            -0.19504,51.620015,0
            -0.195308,51.620007,0
            -0.195581,51.620025,0
          </coordinates>
        </LineString>
      </Placemark>
      <Placemark>
        <name>Line 23</name>
        <styleUrl>#line-F8971B-4000-nodesc</styleUrl>
        <LineString>
          <tessellate>1</tessellate>
          <coordinates>
            -0.190729,51.621087,0
            -0.190761,51.621166,0
            -0.190786,51.621212,0
            -0.190912,51.621332,0
            -0.190997,51.621369,0
            -0.191215,51.621412,0
            -0.191215,51.621432,0
            -0.191319,51.621464,0
            -0.19141,51.621464,0
            -0.191673,51.621437,0
            -0.19195,51.621397,0
            -0.192148,51.621367,0
            -0.192494,51.621329,0
            -0.192749,51.621302,0
            -0.192894,51.621289,0
          </coordinates>
        </LineString>
      </Placemark>
      <Placemark>
        <name>Line 27</name>
        <styleUrl>#line-F8971B-4000-nodesc</styleUrl>
        <LineString>
          <tessellate>1</tessellate>
          <coordinates>
            -0.195581,51.620025,0
            -0.19585,51.620068,0
            -0.196332,51.620193,0
            -0.196568,51.620286,0
            -0.196786,51.620398,0
            -0.19703,51.620563,0
            -0.197137,51.620648,0
            -0.197169,51.620678,0
            -0.197124,51.620701,0
            -0.197239,51.620781,0
            -0.197268,51.620761,0
            -0.197287,51.620771,0
            -0.197427,51.620689,0
          </coordinates>
        </LineString>
      </Placemark>
      <Placemark>
        <name>Line 29</name>
        <styleUrl>#line-F8971B-4000-nodesc</styleUrl>
        <LineString>
          <tessellate>1</tessellate>
          <coordinates>
            -0.197193,51.620846,0
            -0.19722,51.620954,0
            -0.197223,51.621076,0
            -0.197078,51.621277,0
            -0.196938,51.621376,0
            -0.196649,51.62151,0
            -0.196316,51.621614,0
            -0.196204,51.621632,0
            -0.19585,51.621677,0
            -0.195796,51.621695,0
            -0.19549,51.621747,0
            -0.19512,51.621845,0
            -0.194852,51.62195,0
            -0.194766,51.622002,0
            -0.194626,51.622098,0
            -0.194533,51.622182,0
            -0.194506,51.622276,0
            -0.194409,51.622388,0
            -0.194307,51.622503,0
            -0.194114,51.622688,0
            -0.193991,51.622783,0
            -0.19387,51.622878,0
            -0.193583,51.623087,0
            -0.193462,51.622984,0
          </coordinates>
        </LineString>
      </Placemark>
      <Placemark>
        <name>Line 30</name>
        <styleUrl>#line-F8971B-4000-nodesc</styleUrl>
        <LineString>
          <tessellate>1</tessellate>
          <coordinates>
            -0.193462,51.622984,0
            -0.193116,51.62318,0
            -0.192851,51.623302,0
            -0.192556,51.623432,0
          </coordinates>
        </LineString>
      </Placemark>
      <Placemark>
        <name>Line 25</name>
        <styleUrl>#line-F8971B-4000-nodesc</styleUrl>
        <LineString>
          <tessellate>1</tessellate>
          <coordinates>
            -0.193878,51.621259,0
            -0.193983,51.621258,0
            -0.193993,51.620972,0
            -0.193824,51.620972,0
          </coordinates>
        </LineString>
      </Placemark>
      <Placemark>
        <name>Line 31</name>
        <styleUrl>#line-F8971B-4000-nodesc</styleUrl>
        <LineString>
          <tessellate>1</tessellate>
          <coordinates>
            -0.192556,51.623432,0
            -0.193068,51.62392,0
            -0.193127,51.623978,0
            -0.193186,51.624028,0
          </coordinates>
        </LineString>
      </Placemark>
      <Placemark>
        <name>Line 33</name>
        <styleUrl>#line-F8971B-4000-nodesc</styleUrl>
        <LineString>
          <tessellate>1</tessellate>
          <coordinates>
            -0.193953,51.624739,0
            -0.193918,51.624801,0
            -0.194047,51.625047,0
            -0.194085,51.625046,0
            -0.194095,51.625081,0
            -0.194216,51.625074,0
            -0.194353,51.625051,0
            -0.19438,51.625096,0
            -0.194576,51.625072,0
            -0.194618,51.625044,0
            -0.194605,51.624989,0
          </coordinates>
        </LineString>
      </Placemark>
      <Placemark>
        <name>Line 32</name>
        <styleUrl>#line-F8971B-4000-nodesc</styleUrl>
        <LineString>
          <tessellate>1</tessellate>
          <coordinates>
            -0.193186,51.624028,0
            -0.193508,51.624335,0
            -0.193618,51.624448,0
            -0.193752,51.62444,0
            -0.193854,51.624609,0
            -0.193884,51.624581,0
            -0.193953,51.624739,0
          </coordinates>
        </LineString>
      </Placemark>
      <Placemark>
        <name>Line 37</name>
        <styleUrl>#line-F8971B-4000-nodesc</styleUrl>
        <LineString>
          <tessellate>1</tessellate>
          <coordinates>
            -0.194618,51.624628,0
            -0.194417,51.624649,0
            -0.194406,51.624608,0
            -0.194739,51.624539,0
          </coordinates>
        </LineString>
      </Placemark>
      <Placemark>
        <name>Line 28</name>
        <styleUrl>#line-F8971B-4000-nodesc</styleUrl>
        <LineString>
          <tessellate>1</tessellate>
          <coordinates>
            -0.197427,51.620689,0
            -0.197451,51.620701,0
            -0.197193,51.620846,0
          </coordinates>
        </LineString>
      </Placemark>
      <Placemark>
        <name>Line 16</name>
        <styleUrl>#line-F8971B-4000-nodesc</styleUrl>
        <LineString>
          <tessellate>1</tessellate>
          <coordinates>
            -0.197132,51.619187,0
            -0.19707,51.619249,0
            -0.197024,51.619231,0
            -0.196866,51.619347,0
          </coordinates>
        </LineString>
      </Placemark>
      <Placemark>
        <name>Line 17</name>
        <styleUrl>#line-F8971B-4000-nodesc</styleUrl>
        <LineString>
          <tessellate>1</tessellate>
          <coordinates>
            -0.196866,51.619347,0
            -0.196842,51.61932,0
          </coordinates>
        </LineString>
      </Placemark>
      <Placemark>
        <name>Line 34</name>
        <styleUrl>#line-F8971B-4000-nodesc</styleUrl>
        <LineString>
          <tessellate>1</tessellate>
          <coordinates>
            -0.194605,51.624989,0
            -0.194538,51.624994,0
            -0.194538,51.624952,0
          </coordinates>
        </LineString>
      </Placemark>
      <Placemark>
        <name>Line 35</name>
        <styleUrl>#line-F8971B-4000-nodesc</styleUrl>
        <LineString>
          <tessellate>1</tessellate>
          <coordinates>
            -0.194538,51.624952,0
            -0.194626,51.624934,0
            -0.194613,51.624894,0
            -0.194659,51.624857,0
            -0.194761,51.624832,0
            -0.194672,51.624718,0
          </coordinates>
        </LineString>
      </Placemark>
      <Placemark>
        <name>Line 36</name>
        <styleUrl>#line-F8971B-4000-nodesc</styleUrl>
        <LineString>
          <tessellate>1</tessellate>
          <coordinates>
            -0.194672,51.624718,0
            -0.194618,51.624628,0
          </coordinates>
        </LineString>
      </Placemark>
      <Placemark>
        <name>Line 38</name>
        <styleUrl>#line-F8971B-4000-nodesc</styleUrl>
        <LineString>
          <tessellate>1</tessellate>
          <coordinates>
            -0.194739,51.624539,0
            -0.194798,51.624588,0
            -0.194761,51.624629,0
            -0.19497,51.624736,0
            -0.194919,51.624792,0
            -0.19497,51.624818,0
            -0.19504,51.624764,0
            -0.195107,51.624808,0
            -0.195069,51.624832,0
            -0.195125,51.624869,0
            -0.195155,51.624859,0
            -0.195257,51.624919,0
            -0.195166,51.624972,0
            -0.195133,51.624921,0
            -0.195042,51.624947,0
          </coordinates>
        </LineString>
      </Placemark>
      <Placemark>
        <name>Line 40</name>
        <styleUrl>#line-F8971B-4000-nodesc</styleUrl>
        <LineString>
          <tessellate>1</tessellate>
          <coordinates>
            -0.195052,51.624945,0
            -0.195029,51.624951,0
            -0.195064,51.625002,0
            -0.195013,51.625018,0
            -0.19504,51.62506,0
            -0.194999,51.625074,0
            -0.195023,51.625141,0
            -0.195007,51.625152,0
            -0.195011,51.625173,0
            -0.194948,51.625186,0
          </coordinates>
        </LineString>
      </Placemark>
      <Placemark>
        <name>Line 41</name>
        <styleUrl>#line-F8971B-4000-nodesc</styleUrl>
        <LineString>
          <tessellate>1</tessellate>
          <coordinates>
            -0.194948,51.625186,0
            -0.194966,51.625225,0
            -0.194881,51.625254,0
            -0.194783,51.625304,0
          </coordinates>
        </LineString>
      </Placemark>
      <Placemark>
        <name>Line 35</name>
        <styleUrl>#line-F8971B-4000-nodesc</styleUrl>
        <LineString>
          <tessellate>1</tessellate>
          <coordinates>
            -0.178876,51.631374,0
            -0.178871,51.631348,0
            -0.178954,51.631344,0
            -0.178949,51.631006,0
            -0.178954,51.630936,0
            -0.178949,51.630882,0
            -0.178898,51.630846,0
          </coordinates>
        </LineString>
      </Placemark>
      <Placemark>
        <name>Woodside Park Eruv</name>
        <description>Woodside Park Eruv</description>
        <styleUrl>#icon-1500-F57C00-labelson</styleUrl>
        <Point>
          <coordinates>
            -0.1745591,51.6185134,0
          </coordinates>
        </Point>
      </Placemark>
      <Placemark>
        <name>Barnet Eruv</name>
        <description>Barnet Eruv</description>
        <styleUrl>#icon-1500-F57C00-labelson</styleUrl>
        <Point>
          <coordinates>
            -0.1802875,51.6462733,0
          </coordinates>
        </Point>
      </Placemark>
      <Placemark>
        <name>Belmont Eruv</name>
        <description>Belmont Eruv</description>
        <styleUrl>#icon-1500-A52714-labelson</styleUrl>
        <Point>
          <coordinates>
            -0.3103014,51.6022525,0
          </coordinates>
        </Point>
      </Placemark>
      <Placemark>
        <name>Borehamwood Eruv</name>
        <description>Borehamwood Eruv</description>
        <styleUrl>#icon-1500-01579B-labelson</styleUrl>
        <Point>
          <coordinates>
            -0.2728461,51.6591529,0
          </coordinates>
        </Point>
      </Placemark>
      <Placemark>
        <name>Bushey Eruv</name>
        <description>Bushey Eruv</description>
        <styleUrl>#icon-1500-0F9D58-labelson</styleUrl>
        <Point>
          <coordinates>
            -0.3552132,51.6442421,0
          </coordinates>
        </Point>
      </Placemark>
      <Placemark>
        <name>Mill Hill Eruv</name>
        <description>Mill Hill Eruv</description>
        <styleUrl>#icon-1500-0288D1-labelson</styleUrl>
        <Point>
          <coordinates>
            -0.234025,51.6138054,0
          </coordinates>
        </Point>
      </Placemark>
      <Placemark>
        <name>NW London Eruv</name>
        <description>NW London Eruv</description>
        <styleUrl>#icon-1500-0F9D58-labelson</styleUrl>
        <Point>
          <coordinates>
            -0.2001217,51.5818157,0
          </coordinates>
        </Point>
      </Placemark>
      <Placemark>
        <name>Pinner Eruv</name>
        <description>Pinner Eruv</description>
        <styleUrl>#icon-1500-FF5252-labelson</styleUrl>
        <Point>
          <coordinates>
            -0.377325,51.5923457,0
          </coordinates>
        </Point>
      </Placemark>
      <Placemark>
        <name>Stanmore Eruv</name>
        <description>Stanmore Eruv</description>
        <styleUrl>#icon-1500-01579B-labelson</styleUrl>
        <Point>
          <coordinates>
            -0.305711,51.6164166,0
          </coordinates>
        </Point>
      </Placemark>
      <Placemark>
        <name>Edgware Eruv</name>
        <description>Edgware Eruv</description>
        <styleUrl>#icon-1500-C2185B-labelson</styleUrl>
        <Point>
          <coordinates>
            -0.2724536,51.620519,0
          </coordinates>
        </Point>
      </Placemark>
      <Placemark>
        <name>Brondesbury Park Eruv</name>
        <description>Brondesbury Park Eruv</description>
        <styleUrl>#icon-1500-673AB7-labelson</styleUrl>
        <Point>
          <coordinates>
            -0.2241694,51.5456264,0
          </coordinates>
        </Point>
      </Placemark>
      <Placemark>
        <name>South Hampstead Eruv</name>
        <styleUrl>#icon-1500-C2185B-labelson-nodesc</styleUrl>
        <Point>
          <coordinates>
            -0.1683322,51.549088,0
          </coordinates>
        </Point>
      </Placemark>
      <Placemark>
        <name><![CDATA[St John's Wood Eruv]]></name>
        <styleUrl>#icon-1500-9C27B0-labelson-nodesc</styleUrl>
        <Point>
          <coordinates>
            -0.1771175,51.5345951,0
          </coordinates>
        </Point>
      </Placemark>
    </Folder>
    <Folder>
      <name>NW London Eruv</name>
      <Placemark>
        <name>Line 2</name>
        <styleUrl>#line-62AF44-4000-nodesc</styleUrl>
        <LineString>
          <tessellate>1</tessellate>
          <coordinates>
            -0.181189,51.596045,0
            -0.180818,51.595874,0
            -0.180749,51.595844,0
            -0.180719,51.59584,0
            -0.180535,51.595761,0
            -0.180346,51.595658,0
          </coordinates>
        </LineString>
      </Placemark>
      <Placemark>
        <name>Line 466</name>
        <styleUrl>#line-558B2F-3639-nodesc</styleUrl>
        <LineString>
          <tessellate>1</tessellate>
          <coordinates>
            -0.2094909,51.5703236,0
            -0.209662,51.5702585,0
            -0.2096314,51.5701998,0
            -0.2098689,51.5701013,0
            -0.2097846,51.56996,0
            -0.2100478,51.569833,0
            -0.2100784,51.5698505,0
            -0.2108371,51.5694694,0
            -0.2121532,51.5687866,0
            -0.2133604,51.5681814,0
            -0.2139888,51.5678682,0
          </coordinates>
        </LineString>
      </Placemark>
      <Placemark>
        <name>Line 3</name>
        <styleUrl>#line-62AF44-4000-nodesc</styleUrl>
        <LineString>
          <tessellate>1</tessellate>
          <coordinates>
            -0.180346,51.595658,0
            -0.180074,51.595529,0
            -0.179219,51.595181,0
            -0.178136,51.594693,0
            -0.177333,51.594347,0
            -0.176166,51.593844,0
            -0.174958,51.593346,0
          </coordinates>
        </LineString>
      </Placemark>
      <Placemark>
        <name>Line 4</name>
        <styleUrl>#line-62AF44-4000-nodesc</styleUrl>
        <LineString>
          <tessellate>1</tessellate>
          <coordinates>
            -0.174958,51.593346,0
            -0.174937,51.593365,0
            -0.174909,51.593354,0
          </coordinates>
        </LineString>
      </Placemark>
      <Placemark>
        <name>Line 6</name>
        <styleUrl>#line-62AF44-4000-nodesc</styleUrl>
        <LineString>
          <tessellate>1</tessellate>
          <coordinates>
            -0.174909,51.593354,0
            -0.174919,51.593343,0
            -0.174922,51.593337,0
            -0.174825,51.593293,0
            -0.174408,51.593111,0
            -0.173991,51.592893,0
            -0.173624,51.592717,0
          </coordinates>
        </LineString>
      </Placemark>
      <Placemark>
        <name>Line 7</name>
        <styleUrl>#line-62AF44-4000-nodesc</styleUrl>
        <LineString>
          <tessellate>1</tessellate>
          <coordinates>
            -0.173624,51.592717,0
            -0.173627,51.592709,0
            -0.174002,51.592498,0
            -0.173969,51.592476,0
          </coordinates>
        </LineString>
      </Placemark>
      <Placemark>
        <name>Line 8</name>
        <styleUrl>#line-62AF44-4000-nodesc</styleUrl>
        <LineString>
          <tessellate>1</tessellate>
          <coordinates>
            -0.173969,51.592476,0
            -0.173746,51.592431,0
          </coordinates>
        </LineString>
      </Placemark>
      <Placemark>
        <name>Line 9</name>
        <styleUrl>#line-62AF44-4000-nodesc</styleUrl>
        <LineString>
          <tessellate>1</tessellate>
          <coordinates>
            -0.173746,51.592431,0
            -0.173693,51.592429,0
            -0.173651,51.592423,0
            -0.17361,51.592401,0
            -0.173586,51.592377,0
            -0.173564,51.592355,0
            -0.173377,51.592176,0
            -0.173243,51.592054,0
            -0.172948,51.59226,0
            -0.172853,51.592334,0
          </coordinates>
        </LineString>
      </Placemark>
      <Placemark>
        <name>Line 10</name>
        <styleUrl>#line-62AF44-4000-nodesc</styleUrl>
        <LineString>
          <tessellate>1</tessellate>
          <coordinates>
            -0.172853,51.592334,0
            -0.172309,51.59206,0
            -0.171763,51.591759,0
            -0.171266,51.591488,0
            -0.170799,51.591204,0
            -0.170302,51.590863,0
          </coordinates>
        </LineString>
      </Placemark>
      <Placemark>
        <name>Line 11</name>
        <styleUrl>#line-62AF44-4000-nodesc</styleUrl>
        <LineString>
          <tessellate>1</tessellate>
          <coordinates>
            -0.170302,51.590863,0
            -0.170298,51.590862,0
            -0.170216,51.590805,0
          </coordinates>
        </LineString>
      </Placemark>
      <Placemark>
        <name>Line 12</name>
        <styleUrl>#line-62AF44-4000-nodesc</styleUrl>
        <LineString>
          <tessellate>1</tessellate>
          <coordinates>
            -0.170216,51.590805,0
            -0.170001,51.590652,0
            -0.16953,51.590332,0
            -0.16881,51.589817,0
          </coordinates>
        </LineString>
      </Placemark>
      <Placemark>
        <name>Line 13</name>
        <styleUrl>#line-62AF44-4000-nodesc</styleUrl>
        <LineString>
          <tessellate>1</tessellate>
          <coordinates>
            -0.16881,51.589817,0
            -0.168845,51.589765,0
            -0.168784,51.589738,0
          </coordinates>
        </LineString>
      </Placemark>
      <Placemark>
        <name>Line 14</name>
        <styleUrl>#line-62AF44-4000-nodesc</styleUrl>
        <LineString>
          <tessellate>1</tessellate>
          <coordinates>
            -0.168784,51.589738,0
            -0.168263,51.589289,0
          </coordinates>
        </LineString>
      </Placemark>
      <Placemark>
        <name>Line 15</name>
        <styleUrl>#line-62AF44-4000-nodesc</styleUrl>
        <LineString>
          <tessellate>1</tessellate>
          <coordinates>
            -0.168263,51.589289,0
            -0.168184,51.589244,0
          </coordinates>
        </LineString>
      </Placemark>
      <Placemark>
        <name>Line 16</name>
        <styleUrl>#line-62AF44-4000-nodesc</styleUrl>
        <LineString>
          <tessellate>1</tessellate>
          <coordinates>
            -0.168184,51.589244,0
            -0.168312,51.589118,0
            -0.168332,51.589114,0
            -0.168374,51.589087,0
            -0.168356,51.589079,0
            -0.168448,51.589007,0
          </coordinates>
        </LineString>
      </Placemark>
      <Placemark>
        <name>Line 17</name>
        <styleUrl>#line-62AF44-4000-nodesc</styleUrl>
        <LineString>
          <tessellate>1</tessellate>
          <coordinates>
            -0.168448,51.589007,0
            -0.168114,51.588848,0
          </coordinates>
        </LineString>
      </Placemark>
      <Placemark>
        <name>Line 18</name>
        <styleUrl>#line-62AF44-4000-nodesc</styleUrl>
        <LineString>
          <tessellate>1</tessellate>
          <coordinates>
            -0.168114,51.588848,0
            -0.1681,51.588859,0
            -0.167332,51.588455,0
            -0.167196,51.588394,0
            -0.16706,51.588456,0
            -0.167044,51.588438,0
            -0.167032,51.588429,0
            -0.167015,51.588425,0
            -0.167001,51.588429,0
            -0.166991,51.588434,0
            -0.16698,51.588438,0
            -0.166972,51.588447,0
            -0.166954,51.588446,0
            -0.166919,51.588431,0
            -0.166905,51.58842,0
            -0.166892,51.588413,0
            -0.166974,51.58838,0
            -0.167075,51.58832,0
          </coordinates>
        </LineString>
      </Placemark>
      <Placemark>
        <name>Line 19</name>
        <styleUrl>#line-62AF44-4000-nodesc</styleUrl>
        <LineString>
          <tessellate>1</tessellate>
          <coordinates>
            -0.167075,51.58832,0
            -0.166651,51.588056,0
          </coordinates>
        </LineString>
      </Placemark>
      <Placemark>
        <name>Line 21</name>
        <styleUrl>#line-62AF44-4000-nodesc</styleUrl>
        <LineString>
          <tessellate>1</tessellate>
          <coordinates>
            -0.166651,51.588056,0
            -0.16673,51.588013,0
            -0.165493,51.587233,0
            -0.165367,51.587329,0
          </coordinates>
        </LineString>
      </Placemark>
      <Placemark>
        <name>Line 22</name>
        <styleUrl>#line-62AF44-4000-nodesc</styleUrl>
        <LineString>
          <tessellate>1</tessellate>
          <coordinates>
            -0.165367,51.587329,0
            -0.164957,51.587091,0
            -0.165029,51.587035,0
            -0.164916,51.586974,0
            -0.164894,51.586946,0
            -0.164846,51.58692,0
            -0.164788,51.58691,0
            -0.164722,51.58696,0
            -0.164355,51.58678,0
            -0.164237,51.586721,0
          </coordinates>
        </LineString>
      </Placemark>
      <Placemark>
        <name>Line 23</name>
        <styleUrl>#line-62AF44-4000-nodesc</styleUrl>
        <LineString>
          <tessellate>1</tessellate>
          <coordinates>
            -0.164237,51.586721,0
            -0.164294,51.587021,0
            -0.163835,51.586732,0
            -0.163672,51.586405,0
          </coordinates>
        </LineString>
      </Placemark>
      <Placemark>
        <name>Line 24</name>
        <styleUrl>#line-62AF44-4000-nodesc</styleUrl>
        <LineString>
          <tessellate>1</tessellate>
          <coordinates>
            -0.163707,51.585824,0
            -0.163327,51.58596,0
          </coordinates>
        </LineString>
      </Placemark>
      <Placemark>
        <name>Line 25</name>
        <styleUrl>#line-62AF44-4000-nodesc</styleUrl>
        <LineString>
          <tessellate>1</tessellate>
          <coordinates>
            -0.163672,51.586405,0
            -0.163624,51.586308,0
            -0.163591,51.586222,0
            -0.163535,51.58613,0
            -0.163466,51.586065,0
            -0.163389,51.586008,0
            -0.163327,51.58596,0
          </coordinates>
        </LineString>
      </Placemark>
      <Placemark>
        <name>Line 26</name>
        <styleUrl>#line-62AF44-4000-nodesc</styleUrl>
        <LineString>
          <tessellate>1</tessellate>
          <coordinates>
            -0.163707,51.585824,0
            -0.163685,51.585793,0
            -0.163756,51.585774,0
            -0.163887,51.585795,0
            -0.163945,51.585798,0
            -0.163979,51.585768,0
            -0.164009,51.585734,0
            -0.163963,51.585685,0
          </coordinates>
        </LineString>
      </Placemark>
      <Placemark>
        <name>Line 27</name>
        <styleUrl>#line-62AF44-4000-nodesc</styleUrl>
        <LineString>
          <tessellate>1</tessellate>
          <coordinates>
            -0.163963,51.585685,0
            -0.163985,51.585676,0
            -0.164065,51.585748,0
            -0.164576,51.585585,0
            -0.165417,51.585238,0
            -0.165774,51.585043,0
            -0.165895,51.585132,0
          </coordinates>
        </LineString>
      </Placemark>
      <Placemark>
        <name>Line 28</name>
        <styleUrl>#line-62AF44-4000-nodesc</styleUrl>
        <LineString>
          <tessellate>1</tessellate>
          <coordinates>
            -0.165895,51.585132,0
            -0.166085,51.585015,0
            -0.166093,51.584986,0
            -0.166088,51.584959,0
            -0.166043,51.584924,0
            -0.165967,51.584881,0
            -0.165873,51.58482,0
          </coordinates>
        </LineString>
      </Placemark>
      <Placemark>
        <name>Line 30</name>
        <styleUrl>#line-62AF44-4000-nodesc</styleUrl>
        <LineString>
          <tessellate>1</tessellate>
          <coordinates>
            -0.165873,51.58482,0
            -0.165538,51.584597,0
            -0.165444,51.584646,0
            -0.16535,51.584567,0
            -0.165326,51.584583,0
            -0.16511,51.584431,0
            -0.16509,51.584447,0
            -0.164979,51.584374,0
            -0.164967,51.584383,0
            -0.164743,51.584248,0
            -0.164711,51.584264,0
            -0.164357,51.584065,0
            -0.164314,51.584095,0
            -0.164194,51.584027,0
            -0.164137,51.584059,0
            -0.164027,51.583993,0
            -0.163711,51.583824,0
            -0.163696,51.583842,0
            -0.163386,51.583712,0
            -0.163362,51.583733,0
            -0.163135,51.583612,0
          </coordinates>
        </LineString>
      </Placemark>
      <Placemark>
        <name>Line 31</name>
        <styleUrl>#line-62AF44-4000-nodesc</styleUrl>
        <LineString>
          <tessellate>1</tessellate>
          <coordinates>
            -0.163135,51.583612,0
            -0.163098,51.583633,0
            -0.16274,51.583441,0
            -0.162722,51.583458,0
            -0.162518,51.583371,0
            -0.16235,51.583265,0
            -0.162316,51.583287,0
            -0.16216,51.583203,0
            -0.162114,51.583103,0
            -0.16224,51.582723,0
            -0.16228,51.582591,0
          </coordinates>
        </LineString>
      </Placemark>
      <Placemark>
        <name>Line 32</name>
        <styleUrl>#line-62AF44-4000-nodesc</styleUrl>
        <LineString>
          <tessellate>1</tessellate>
          <coordinates>
            -0.16228,51.582591,0
            -0.162753,51.58271,0
            -0.162735,51.582752,0
            -0.162661,51.582736,0
            -0.16263,51.582776,0
            -0.162559,51.582756,0
            -0.162498,51.582945,0
            -0.162485,51.582996,0
            -0.162564,51.583026,0
            -0.162544,51.583058,0
            -0.163703,51.58352,0
            -0.164751,51.583956,0
            -0.16553,51.584362,0
            -0.165696,51.584438,0
            -0.165638,51.584494,0
            -0.166,51.584735,0
          </coordinates>
        </LineString>
      </Placemark>
      <Placemark>
        <name>Line 33</name>
        <styleUrl>#line-62AF44-4000-nodesc</styleUrl>
        <LineString>
          <tessellate>1</tessellate>
          <coordinates>
            -0.166,51.584735,0
            -0.166228,51.584886,0
            -0.166279,51.584887,0
            -0.166325,51.58487,0
            -0.166456,51.584782,0
            -0.166774,51.584553,0
            -0.167247,51.584154,0
            -0.167326,51.584097,0
            -0.167356,51.584064,0
            -0.1674,51.583991,0
            -0.167521,51.583812,0
            -0.167511,51.583781,0
            -0.167236,51.583682,0
          </coordinates>
        </LineString>
      </Placemark>
      <Placemark>
        <name>Line 34</name>
        <styleUrl>#line-62AF44-4000-nodesc</styleUrl>
        <LineString>
          <tessellate>1</tessellate>
          <coordinates>
            -0.167236,51.583682,0
            -0.167192,51.583666,0
            -0.167375,51.583486,0
          </coordinates>
        </LineString>
      </Placemark>
      <Placemark>
        <name>Line 35</name>
        <styleUrl>#line-62AF44-4000-nodesc</styleUrl>
        <LineString>
          <tessellate>1</tessellate>
          <coordinates>
            -0.167375,51.583486,0
            -0.167426,51.583434,0
          </coordinates>
        </LineString>
      </Placemark>
      <Placemark>
        <name>Line 36</name>
        <styleUrl>#line-62AF44-4000-nodesc</styleUrl>
        <LineString>
          <tessellate>1</tessellate>
          <coordinates>
            -0.167426,51.583434,0
            -0.167724,51.583516,0
            -0.167759,51.5835,0
            -0.167828,51.583432,0
            -0.167947,51.583253,0
            -0.16789,51.583231,0
            -0.167942,51.583119,0
            -0.168005,51.583124,0
          </coordinates>
        </LineString>
      </Placemark>
      <Placemark>
        <name>Line 37</name>
        <styleUrl>#line-62AF44-4000-nodesc</styleUrl>
        <LineString>
          <tessellate>1</tessellate>
          <coordinates>
            -0.168005,51.583124,0
            -0.168197,51.582751,0
            -0.168288,51.582582,0
            -0.16845,51.582139,0
            -0.168579,51.58166,0
            -0.168691,51.581068,0
            -0.168741,51.580579,0
            -0.168777,51.580092,0
            -0.168926,51.579709,0
            -0.168932,51.579685,0
            -0.16892,51.579671,0
            -0.168891,51.57966,0
            -0.168404,51.57958,0
            -0.167869,51.579504,0
            -0.167743,51.579474,0
            -0.167446,51.579385,0
            -0.167432,51.579394,0
            -0.167382,51.579374,0
            -0.167189,51.57929,0
            -0.167284,51.579181,0
            -0.167434,51.579246,0
            -0.167526,51.579092,0
            -0.167536,51.579072,0
          </coordinates>
        </LineString>
      </Placemark>
      <Placemark>
        <name>Line 38</name>
        <styleUrl>#line-62AF44-4000-nodesc</styleUrl>
        <LineString>
          <tessellate>1</tessellate>
          <coordinates>
            -0.167536,51.579072,0
            -0.167639,51.579097,0
            -0.167693,51.579018,0
            -0.167915,51.579077,0
            -0.167971,51.579038,0
            -0.168127,51.579083,0
            -0.168525,51.578486,0
          </coordinates>
        </LineString>
      </Placemark>
      <Placemark>
        <name>Line 39</name>
        <styleUrl>#line-62AF44-4000-nodesc</styleUrl>
        <LineString>
          <tessellate>1</tessellate>
          <coordinates>
            -0.168525,51.578486,0
            -0.168552,51.578468,0
            -0.168801,51.578486,0
            -0.169051,51.5785,0
            -0.169194,51.578499,0
            -0.169231,51.578511,0
          </coordinates>
        </LineString>
      </Placemark>
      <Placemark>
        <name>Line 41</name>
        <styleUrl>#line-62AF44-4000-nodesc</styleUrl>
        <LineString>
          <tessellate>1</tessellate>
          <coordinates>
            -0.169231,51.578511,0
            -0.169294,51.578478,0
          </coordinates>
        </LineString>
      </Placemark>
      <Placemark>
        <name>Line 43</name>
        <styleUrl>#line-62AF44-4000-nodesc</styleUrl>
        <LineString>
          <tessellate>1</tessellate>
          <coordinates>
            -0.169294,51.578478,0
            -0.169532,51.578551,0
            -0.169691,51.578613,0
            -0.169735,51.578628,0
            -0.169885,51.578492,0
            -0.169987,51.578415,0
            -0.170299,51.578148,0
            -0.170503,51.57797,0
            -0.170657,51.577811,0
            -0.17079,51.577646,0
            -0.170927,51.577491,0
            -0.170994,51.577341,0
            -0.171127,51.577113,0
            -0.171249,51.576869,0
            -0.171316,51.576637,0
            -0.171382,51.576418,0
            -0.171449,51.576145,0
            -0.171454,51.575926,0
            -0.171392,51.575615,0
            -0.171357,51.575523,0
            -0.1713,51.57551,0
          </coordinates>
        </LineString>
      </Placemark>
      <Placemark>
        <name>Line 44</name>
        <styleUrl>#line-62AF44-4000-nodesc</styleUrl>
        <LineString>
          <tessellate>1</tessellate>
          <coordinates>
            -0.1713,51.57551,0
            -0.171157,51.575519,0
            -0.170531,51.575559,0
            -0.170312,51.575553,0
            -0.170275,51.57555,0
            -0.170195,51.575554,0
            -0.170135,51.575549,0
            -0.170086,51.575537,0
            -0.170041,51.575518,0
            -0.170001,51.575508,0
            -0.169969,51.575499,0
            -0.169953,51.575485,0
            -0.169932,51.575452,0
            -0.169952,51.575446,0
            -0.169911,51.57534,0
            -0.169862,51.575272,0
            -0.169853,51.575227,0
            -0.169902,51.575217,0
            -0.169766,51.57486,0
            -0.169632,51.574697,0
            -0.169805,51.574587,0
            -0.169869,51.574531,0
            -0.170142,51.574526,0
            -0.170176,51.574566,0
            -0.170168,51.574617,0
            -0.170114,51.574679,0
            -0.17003,51.574744,0
            -0.169969,51.574801,0
            -0.170211,51.575412,0
            -0.170441,51.575484,0
            -0.171343,51.575443,0
          </coordinates>
        </LineString>
      </Placemark>
      <Placemark>
        <name>Line 46</name>
        <styleUrl>#line-62AF44-4000-nodesc</styleUrl>
        <LineString>
          <tessellate>1</tessellate>
          <coordinates>
            -0.171343,51.575443,0
            -0.171328,51.575382,0
            -0.171288,51.575317,0
            -0.17127,51.575194,0
            -0.171215,51.575058,0
            -0.171189,51.57454,0
            -0.171186,51.574349,0
            -0.171202,51.573746,0
            -0.171238,51.57338,0
            -0.171222,51.572624,0
          </coordinates>
        </LineString>
      </Placemark>
      <Placemark>
        <name>Line 47</name>
        <styleUrl>#line-62AF44-4000-nodesc</styleUrl>
        <LineString>
          <tessellate>1</tessellate>
          <coordinates>
            -0.171222,51.572624,0
            -0.171305,51.572333,0
          </coordinates>
        </LineString>
      </Placemark>
      <Placemark>
        <name>Line 48</name>
        <styleUrl>#line-62AF44-4000-nodesc</styleUrl>
        <LineString>
          <tessellate>1</tessellate>
          <coordinates>
            -0.171305,51.572333,0
            -0.171894,51.571978,0
            -0.172619,51.571543,0
            -0.173309,51.571165,0
            -0.173406,51.57105,0
            -0.173529,51.57085,0
            -0.173631,51.570202,0
          </coordinates>
        </LineString>
      </Placemark>
      <Placemark>
        <name>Line 50</name>
        <styleUrl>#line-62AF44-4000-nodesc</styleUrl>
        <LineString>
          <tessellate>1</tessellate>
          <coordinates>
            -0.173631,51.570208,0
            -0.173655,51.57008,0
          </coordinates>
        </LineString>
      </Placemark>
      <Placemark>
        <name>Line 51</name>
        <styleUrl>#line-62AF44-4000-nodesc</styleUrl>
        <LineString>
          <tessellate>1</tessellate>
          <coordinates>
            -0.173655,51.57008,0
            -0.173936,51.569942,0
          </coordinates>
        </LineString>
      </Placemark>
      <Placemark>
        <name>Line 52</name>
        <styleUrl>#line-62AF44-4000-nodesc</styleUrl>
        <LineString>
          <tessellate>1</tessellate>
          <coordinates>
            -0.173936,51.569942,0
            -0.173901,51.569864,0
            -0.173942,51.569765,0
            -0.17409,51.569648,0
            -0.174113,51.569656,0
            -0.174154,51.569629,0
          </coordinates>
        </LineString>
      </Placemark>
      <Placemark>
        <name>Line 53</name>
        <styleUrl>#line-62AF44-4000-nodesc</styleUrl>
        <LineString>
          <tessellate>1</tessellate>
          <coordinates>
            -0.174154,51.569629,0
            -0.174173,51.569626,0
            -0.174649,51.569292,0
            -0.174718,51.569314,0
            -0.174832,51.569429,0
            -0.174858,51.569433,0
            -0.174873,51.569488,0
            -0.174814,51.569572,0
            -0.174883,51.569583,0
            -0.174956,51.569505,0
            -0.174984,51.569461,0
            -0.174994,51.569468,0
            -0.17496,51.569523,0
            -0.175047,51.569547,0
          </coordinates>
        </LineString>
      </Placemark>
      <Placemark>
        <name>Line 54</name>
        <styleUrl>#line-62AF44-4000-nodesc</styleUrl>
        <LineString>
          <tessellate>1</tessellate>
          <coordinates>
            -0.175047,51.569547,0
            -0.175092,51.569524,0
            -0.175194,51.569534,0
            -0.176635,51.569984,0
            -0.178166,51.570489,0
          </coordinates>
        </LineString>
      </Placemark>
      <Placemark>
        <name>Line 48</name>
        <styleUrl>#line-62AF44-4000-nodesc</styleUrl>
        <LineString>
          <tessellate>1</tessellate>
          <coordinates>
            -0.178166,51.570489,0
            -0.178049,51.570224,0
            -0.178209,51.57005,0
            -0.178603,51.569983,0
            -0.17893,51.569939,0
            -0.179364,51.569869,0
            -0.17966,51.569812,0
            -0.179931,51.569764,0
            -0.180355,51.56972,0
            -0.181244,51.569704,0
          </coordinates>
        </LineString>
      </Placemark>
      <Placemark>
        <name>Line 49</name>
        <styleUrl>#line-62AF44-4000-nodesc</styleUrl>
        <LineString>
          <tessellate>1</tessellate>
          <coordinates>
            -0.181244,51.569704,0
            -0.181182,51.569664,0
            -0.181285,51.569632,0
            -0.181372,51.56967,0
            -0.181486,51.569709,0
            -0.181629,51.569703,0
            -0.181341,51.569391,0
            -0.181517,51.569293,0
            -0.181591,51.569343,0
            -0.18154,51.569372,0
            -0.181648,51.569456,0
            -0.181671,51.569445,0
            -0.181823,51.56956,0
            -0.181912,51.56951,0
            -0.18196,51.56951,0
            -0.182006,51.569455,0
          </coordinates>
        </LineString>
      </Placemark>
      <Placemark>
        <name>Line 50</name>
        <styleUrl>#line-62AF44-4000-nodesc</styleUrl>
        <LineString>
          <tessellate>1</tessellate>
          <coordinates>
            -0.182006,51.569455,0
            -0.182042,51.569366,0
            -0.182096,51.569224,0
            -0.182092,51.569072,0
            -0.182078,51.568796,0
            -0.182118,51.568737,0
            -0.182286,51.568634,0
            -0.183301,51.56812,0
          </coordinates>
        </LineString>
      </Placemark>
      <Placemark>
        <name>Line 51</name>
        <styleUrl>#line-62AF44-4000-nodesc</styleUrl>
        <LineString>
          <tessellate>1</tessellate>
          <coordinates>
            -0.183301,51.56812,0
            -0.183421,51.568073,0
          </coordinates>
        </LineString>
      </Placemark>
      <Placemark>
        <name>Line 52</name>
        <styleUrl>#line-62AF44-4000-nodesc</styleUrl>
        <LineString>
          <tessellate>1</tessellate>
          <coordinates>
            -0.183421,51.568073,0
            -0.183417,51.568061,0
            -0.183686,51.567984,0
          </coordinates>
        </LineString>
      </Placemark>
      <Placemark>
        <name>Line 53</name>
        <styleUrl>#line-62AF44-4000-nodesc</styleUrl>
        <LineString>
          <tessellate>1</tessellate>
          <coordinates>
            -0.183686,51.567984,0
            -0.183291,51.567722,0
            -0.18334,51.567683,0
            -0.183392,51.567712,0
            -0.183955,51.567363,0
            -0.18404,51.567341,0
            -0.184114,51.567336,0
          </coordinates>
        </LineString>
      </Placemark>
      <Placemark>
        <name>Line 55</name>
        <styleUrl>#line-62AF44-4000-nodesc</styleUrl>
        <LineString>
          <tessellate>1</tessellate>
          <coordinates>
            -0.184114,51.567336,0
            -0.18434,51.567334,0
            -0.184465,51.567316,0
            -0.184588,51.567282,0
            -0.184733,51.567215,0
            -0.184897,51.567158,0
            -0.185104,51.567113,0
            -0.185275,51.567081,0
            -0.185543,51.567047,0
            -0.18583,51.566987,0
            -0.186044,51.566939,0
            -0.186178,51.566863,0
            -0.186607,51.566396,0
            -0.186668,51.566316,0
            -0.18696,51.566047,0
            -0.187322,51.565901,0
            -0.187884,51.565748,0
            -0.188844,51.565275,0
            -0.189014,51.565125,0
            -0.189177,51.565061,0
            -0.189412,51.564972,0
            -0.189718,51.564893,0
            -0.189897,51.564852,0
          </coordinates>
        </LineString>
      </Placemark>
      <Placemark>
        <name>Line 56</name>
        <styleUrl>#line-62AF44-4000-nodesc</styleUrl>
        <LineString>
          <tessellate>1</tessellate>
          <coordinates>
            -0.189897,51.564852,0
            -0.190277,51.5629061,0
            -0.1903737,51.5629671,0
          </coordinates>
        </LineString>
      </Placemark>
      <Placemark>
        <name>Line 57</name>
        <styleUrl>#line-62AF44-4000-nodesc</styleUrl>
        <LineString>
          <tessellate>1</tessellate>
          <coordinates>
            -0.1903477,51.5629499,0
            -0.1904185,51.5629958,0
            -0.190552,51.562922,0
            -0.190354,51.562812,0
            -0.1904022,51.5627804,0
            -0.190421,51.5627354,0
            -0.1904739,51.5625862,0
            -0.1905084,51.562514,0
            -0.1905536,51.5624538,0
            -0.1905562,51.5623638,0
            -0.1906366,51.5622306,0
            -0.1906608,51.5621033,0
          </coordinates>
        </LineString>
      </Placemark>
      <Placemark>
        <name>Line 58</name>
        <styleUrl>#line-62AF44-4000-nodesc</styleUrl>
        <LineString>
          <tessellate>1</tessellate>
          <coordinates>
            -0.1906608,51.5621033,0
            -0.190748,51.562137,0
            -0.190782,51.562097,0
            -0.190754,51.562088,0
            -0.19083,51.561983,0
            -0.19081,51.56195,0
            -0.190986,51.561826,0
            -0.19136,51.5617,0
            -0.191419,51.56171,0
            -0.191477,51.561799,0
            -0.191403,51.561821,0
            -0.191414,51.561848,0
            -0.191503,51.561827,0
            -0.191503,51.561888,0
            -0.191534,51.561915,0
            -0.191368,51.561999,0
            -0.191516,51.562096,0
            -0.191771,51.562229,0
          </coordinates>
        </LineString>
      </Placemark>
      <Placemark>
        <name>Line 59</name>
        <styleUrl>#line-62AF44-4000-nodesc</styleUrl>
        <LineString>
          <tessellate>1</tessellate>
          <coordinates>
            -0.191771,51.562229,0
            -0.19182,51.562242,0
            -0.19204,51.562286,0
            -0.192256,51.562315,0
            -0.192455,51.562338,0
            -0.192665,51.56237,0
            -0.192846,51.562396,0
            -0.192846,51.562409,0
            -0.19288,51.562411,0
            -0.192877,51.562445,0
            -0.192931,51.562447,0
            -0.192941,51.562432,0
            -0.193191,51.562473,0
            -0.193189,51.562494,0
            -0.193491,51.562533,0
            -0.193908,51.56259,0
            -0.193899,51.562644,0
            -0.193971,51.562651,0
            -0.193956,51.562624,0
            -0.194108,51.562587,0
            -0.194146,51.562591,0
            -0.194252,51.562495,0
          </coordinates>
        </LineString>
      </Placemark>
      <Placemark>
        <name>Line 61</name>
        <styleUrl>#line-62AF44-4000-nodesc</styleUrl>
        <LineString>
          <tessellate>1</tessellate>
          <coordinates>
            -0.19472,51.562617,0
            -0.194789,51.562499,0
            -0.194374,51.562466,0
            -0.194297,51.562458,0
            -0.194252,51.562495,0
          </coordinates>
        </LineString>
      </Placemark>
      <Placemark>
        <name>Line 62</name>
        <styleUrl>#line-62AF44-4000-nodesc</styleUrl>
        <LineString>
          <tessellate>1</tessellate>
          <coordinates>
            -0.19472,51.562617,0
            -0.19485,51.562659,0
            -0.194896,51.5626,0
            -0.194975,51.562632,0
            -0.194962,51.562654,0
            -0.195185,51.562716,0
            -0.195206,51.5627,0
            -0.195285,51.562722,0
            -0.195512,51.562804,0
          </coordinates>
        </LineString>
      </Placemark>
      <Placemark>
        <name>Line 63</name>
        <styleUrl>#line-62AF44-4000-nodesc</styleUrl>
        <LineString>
          <tessellate>1</tessellate>
          <coordinates>
            -0.195512,51.562804,0
            -0.195542,51.562777,0
            -0.195634,51.562804,0
            -0.195624,51.562816,0
            -0.195624,51.562825,0
            -0.195635,51.562831,0
            -0.195645,51.562835,0
            -0.195681,51.562842,0
            -0.195706,51.562826,0
            -0.195732,51.562818,0
            -0.195772,51.562817,0
            -0.1958,51.562826,0
            -0.195822,51.562834,0
            -0.195846,51.562851,0
            -0.195864,51.56286,0
            -0.195891,51.562871,0
            -0.195932,51.562884,0
            -0.195975,51.56289,0
            -0.196012,51.562887,0
            -0.196078,51.562882,0
            -0.196131,51.562869,0
            -0.196203,51.562844,0
            -0.196297,51.562806,0
            -0.196442,51.562736,0
            -0.196577,51.56279,0
            -0.196755,51.562857,0
            -0.197019,51.562934,0
            -0.196969,51.563035,0
            -0.196952,51.563045,0
            -0.196996,51.563146,0
            -0.197012,51.563167,0
            -0.197005,51.56321,0
            -0.196995,51.563236,0
          </coordinates>
        </LineString>
      </Placemark>
      <Placemark>
        <name>Line 64</name>
        <styleUrl>#line-62AF44-4000-nodesc</styleUrl>
        <LineString>
          <tessellate>1</tessellate>
          <coordinates>
            -0.196995,51.563236,0
            -0.196984,51.563248,0
            -0.197188,51.56337,0
            -0.19722,51.56329,0
            -0.197274,51.563178,0
            -0.197324,51.563135,0
            -0.197461,51.563092,0
            -0.197532,51.563082,0
            -0.197706,51.563096,0
            -0.198248,51.563154,0
            -0.198258,51.563208,0
            -0.198431,51.563201,0
          </coordinates>
        </LineString>
      </Placemark>
      <Placemark>
        <name>Line 65</name>
        <styleUrl>#line-62AF44-4000-nodesc</styleUrl>
        <LineString>
          <tessellate>1</tessellate>
          <coordinates>
            -0.198431,51.563201,0
            -0.198423,51.563148,0
            -0.198442,51.563131,0
            -0.198668,51.563112,0
            -0.198922,51.563096,0
            -0.199236,51.563065,0
            -0.199563,51.563013,0
            -0.19959,51.563033,0
            -0.199607,51.563066,0
          </coordinates>
        </LineString>
      </Placemark>
      <Placemark>
        <name>Line 68</name>
        <styleUrl>#line-62AF44-4000-nodesc</styleUrl>
        <LineString>
          <tessellate>1</tessellate>
          <coordinates>
            -0.200983,51.563638,0
            -0.200911,51.563576,0
            -0.200763,51.563416,0
            -0.200422,51.563365,0
            -0.200354,51.563377,0
            -0.200322,51.56334,0
            -0.200194,51.563318,0
            -0.199829,51.563271,0
            -0.199862,51.563075,0
            -0.199825,51.563084,0
            -0.199798,51.563035,0
            -0.199607,51.563066,0
          </coordinates>
        </LineString>
      </Placemark>
      <Placemark>
        <name>Line 69</name>
        <styleUrl>#line-62AF44-4000-nodesc</styleUrl>
        <LineString>
          <tessellate>1</tessellate>
          <coordinates>
            -0.200983,51.563638,0
            -0.201228,51.563564,0
            -0.201326,51.563641,0
            -0.201356,51.563635,0
            -0.201482,51.563773,0
            -0.201516,51.563765,0
            -0.201556,51.56381,0
            -0.201667,51.563768,0
            -0.201633,51.563719,0
            -0.201823,51.563656,0
            -0.201873,51.563709,0
            -0.201948,51.563682,0
            -0.201949,51.56367,0
            -0.202596,51.563488,0
            -0.203138,51.563321,0
            -0.203969,51.563075,0
            -0.203985,51.563089,0
            -0.204175,51.563034,0
          </coordinates>
        </LineString>
      </Placemark>
      <Placemark>
        <name>Line 70</name>
        <styleUrl>#line-62AF44-4000-nodesc</styleUrl>
        <LineString>
          <tessellate>1</tessellate>
          <coordinates>
            -0.204175,51.563034,0
            -0.203597,51.561971,0
          </coordinates>
        </LineString>
      </Placemark>
      <Placemark>
        <name>Line 71</name>
        <styleUrl>#line-62AF44-4000-nodesc</styleUrl>
        <LineString>
          <tessellate>1</tessellate>
          <coordinates>
            -0.203591,51.56196,0
            -0.203586,51.561909,0
            -0.203519,51.56183,0
          </coordinates>
        </LineString>
      </Placemark>
      <Placemark>
        <name>Line 72</name>
        <styleUrl>#line-62AF44-4000-nodesc</styleUrl>
        <LineString>
          <tessellate>1</tessellate>
          <coordinates>
            -0.204108,51.561717,0
            -0.203519,51.56183,0
          </coordinates>
        </LineString>
      </Placemark>
      <Placemark>
        <name>Line 73</name>
        <styleUrl>#line-62AF44-4000-nodesc</styleUrl>
        <LineString>
          <tessellate>1</tessellate>
          <coordinates>
            -0.204108,51.561717,0
            -0.204108,51.561723,0
            -0.204087,51.561726,0
            -0.204261,51.562051,0
            -0.20474,51.562898,0
            -0.20475,51.562917,0
          </coordinates>
        </LineString>
      </Placemark>
      <Placemark>
        <name>Line 74</name>
        <styleUrl>#line-62AF44-4000-nodesc</styleUrl>
        <LineString>
          <tessellate>1</tessellate>
          <coordinates>
            -0.20474,51.562898,0
            -0.204769,51.56294,0
            -0.204812,51.562936,0
            -0.205157,51.563536,0
            -0.205198,51.563592,0
            -0.205172,51.563598,0
            -0.205346,51.56392,0
            -0.205803,51.563987,0
            -0.20627,51.563873,0
            -0.206286,51.56389,0
            -0.205793,51.564011,0
            -0.205512,51.56397,0
            -0.205522,51.563989,0
            -0.205394,51.564012,0
          </coordinates>
        </LineString>
      </Placemark>
      <Placemark>
        <name>Line 76</name>
        <styleUrl>#line-62AF44-4000-nodesc</styleUrl>
        <LineString>
          <tessellate>1</tessellate>
          <coordinates>
            -0.205394,51.564012,0
            -0.205384,51.564016,0
            -0.205452,51.564123,0
            -0.205496,51.5642,0
            -0.20566,51.564514,0
            -0.205746,51.564694,0
            -0.205729,51.564694,0
            -0.205818,51.564876,0
            -0.205982,51.565185,0
            -0.206145,51.565504,0
            -0.206281,51.565771,0
            -0.206351,51.565923,0
            -0.206506,51.56622,0
          </coordinates>
        </LineString>
      </Placemark>
      <Placemark>
        <name>Line 77</name>
        <styleUrl>#line-62AF44-4000-nodesc</styleUrl>
        <LineString>
          <tessellate>1</tessellate>
          <coordinates>
            -0.206503,51.566214,0
            -0.206515,51.566238,0
            -0.206455,51.566256,0
            -0.206584,51.566494,0
            -0.206757,51.566816,0
          </coordinates>
        </LineString>
      </Placemark>
      <Placemark>
        <name>Line 78</name>
        <styleUrl>#line-62AF44-4000-nodesc</styleUrl>
        <LineString>
          <tessellate>1</tessellate>
          <coordinates>
            -0.206757,51.566816,0
            -0.206858,51.56699,0
            -0.206964,51.566949,0
            -0.207047,51.566996,0
            -0.207143,51.566947,0
            -0.207153,51.566974,0
            -0.20711,51.566983,0
            -0.207128,51.567035,0
            -0.207087,51.567044,0
            -0.207183,51.567198,0
            -0.207262,51.567307,0
            -0.207281,51.567321,0
            -0.207295,51.567342,0
          </coordinates>
        </LineString>
      </Placemark>
      <Placemark>
        <name>Line 79</name>
        <styleUrl>#line-62AF44-4000-nodesc</styleUrl>
        <LineString>
          <tessellate>1</tessellate>
          <coordinates>
            -0.207295,51.567342,0
            -0.207345,51.567332,0
            -0.207414,51.567438,0
          </coordinates>
        </LineString>
      </Placemark>
      <Placemark>
        <name>Line 80</name>
        <styleUrl>#line-62AF44-4000-nodesc</styleUrl>
        <LineString>
          <tessellate>1</tessellate>
          <coordinates>
            -0.207414,51.567438,0
            -0.207371,51.567448,0
            -0.207388,51.567476,0
            -0.207319,51.567492,0
            -0.20739,51.567615,0
            -0.207486,51.567765,0
            -0.207619,51.567739,0
            -0.207629,51.567754,0
            -0.207531,51.567779,0
            -0.207636,51.567943,0
            -0.207805,51.568213,0
            -0.207932,51.568186,0
            -0.207936,51.568206,0
            -0.207818,51.568244,0
            -0.208008,51.568523,0
            -0.208035,51.568512,0
            -0.208043,51.568525,0
            -0.208159,51.568497,0
            -0.208171,51.568511,0
          </coordinates>
        </LineString>
      </Placemark>
      <Placemark>
        <name>Line 81</name>
        <styleUrl>#line-62AF44-4000-nodesc</styleUrl>
        <LineString>
          <tessellate>1</tessellate>
          <coordinates>
            -0.208171,51.568511,0
            -0.208362,51.568414,0
            -0.208425,51.568578,0
          </coordinates>
        </LineString>
      </Placemark>
      <Placemark>
        <name>Line 82</name>
        <styleUrl>#line-62AF44-4000-nodesc</styleUrl>
        <LineString>
          <tessellate>1</tessellate>
          <coordinates>
            -0.208425,51.568578,0
            -0.2082,51.568692,0
            -0.208213,51.568705,0
            -0.208202,51.56871,0
            -0.208216,51.568725,0
            -0.208175,51.568731,0
            -0.208298,51.56888,0
            -0.208624,51.569302,0
            -0.20893,51.569701,0
            -0.208972,51.569767,0
            -0.20905,51.569743,0
            -0.209062,51.569759,0
            -0.209053,51.569762,0
            -0.209078,51.569785,0
            -0.20916,51.569758,0
          </coordinates>
        </LineString>
      </Placemark>
      <Placemark>
        <name>Line 83</name>
        <styleUrl>#line-62AF44-4000-nodesc</styleUrl>
        <LineString>
          <tessellate>1</tessellate>
          <coordinates>
            -0.20916,51.569758,0
            -0.20926,51.569857,0
            -0.209166,51.569886,0
            -0.209178,51.569901,0
            -0.209133,51.569924,0
            -0.209311,51.570127,0
            -0.209502,51.570339,0
            -0.209401,51.570377,0
            -0.209432,51.570402,0
            -0.209399,51.57041,0
            -0.209451,51.570461,0
            -0.20965,51.570386,0
            -0.209674,51.57041,0
            -0.209618,51.570433,0
          </coordinates>
        </LineString>
      </Placemark>
      <Placemark>
        <name>Line 84</name>
        <styleUrl>#line-62AF44-4000-nodesc</styleUrl>
        <LineString>
          <tessellate>1</tessellate>
          <coordinates>
            -0.209618,51.570433,0
            -0.20981,51.570626,0
            -0.210316,51.57106,0
            -0.210366,51.571102,0
            -0.210344,51.571114,0
            -0.210666,51.57143,0
            -0.210786,51.571548,0
            -0.210865,51.571518,0
            -0.210905,51.57154,0
            -0.211306,51.571376,0
            -0.211456,51.571524,0
            -0.211217,51.571601,0
            -0.211066,51.571641,0
            -0.210948,51.571669,0
            -0.210888,51.571684,0
            -0.210761,51.571693,0
          </coordinates>
        </LineString>
      </Placemark>
      <Placemark>
        <name>Line 85</name>
        <styleUrl>#line-62AF44-4000-nodesc</styleUrl>
        <LineString>
          <tessellate>1</tessellate>
          <coordinates>
            -0.210761,51.571693,0
            -0.210945,51.571844,0
            -0.211052,51.571964,0
            -0.211319,51.572191,0
            -0.211384,51.572252,0
            -0.211757,51.572574,0
            -0.212083,51.572875,0
            -0.212425,51.573177,0
            -0.212721,51.573442,0
            -0.213099,51.573777,0
            -0.213531,51.574165,0
          </coordinates>
        </LineString>
      </Placemark>
      <Placemark>
        <name>Line 86</name>
        <styleUrl>#line-62AF44-4000-nodesc</styleUrl>
        <LineString>
          <tessellate>1</tessellate>
          <coordinates>
            -0.213531,51.574165,0
            -0.213589,51.574167,0
          </coordinates>
        </LineString>
      </Placemark>
      <Placemark>
        <name>Line 87</name>
        <styleUrl>#line-62AF44-4000-nodesc</styleUrl>
        <LineString>
          <tessellate>1</tessellate>
          <coordinates>
            -0.213589,51.574167,0
            -0.213718,51.574263,0
            -0.21416,51.574585,0
            -0.214229,51.574658,0
            -0.21431,51.574731,0
            -0.214528,51.574877,0
            -0.214863,51.57507,0
            -0.214999,51.57514,0
            -0.215121,51.575192,0
            -0.215387,51.575299,0
            -0.215568,51.575364,0
            -0.21559,51.57534,0
            -0.215993,51.575484,0
            -0.21699,51.57591,0
            -0.217242,51.576004,0
            -0.217348,51.576023,0
            -0.217464,51.576034,0
            -0.217607,51.576023,0
            -0.21774,51.576016,0
            -0.218115,51.575894,0
            -0.218559,51.57573,0
            -0.218821,51.575649,0
            -0.218989,51.57559,0
            -0.21925,51.575485,0
            -0.219571,51.575313,0
            -0.219649,51.575252,0
            -0.219773,51.575096,0
            -0.219791,51.575055,0
          </coordinates>
        </LineString>
      </Placemark>
      <Placemark>
        <name>Line 88</name>
        <styleUrl>#line-62AF44-4000-nodesc</styleUrl>
        <LineString>
          <tessellate>1</tessellate>
          <coordinates>
            -0.219791,51.575055,0
            -0.219808,51.575022,0
            -0.219831,51.574977,0
            -0.219836,51.574924,0
            -0.220342,51.574575,0
          </coordinates>
        </LineString>
      </Placemark>
      <Placemark>
        <name>Line 89</name>
        <styleUrl>#line-62AF44-4000-nodesc</styleUrl>
        <LineString>
          <tessellate>1</tessellate>
          <coordinates>
            -0.220342,51.574575,0
            -0.220384,51.574539,0
            -0.220438,51.574491,0
            -0.220473,51.574454,0
            -0.220501,51.574414,0
            -0.220527,51.574373,0
            -0.220569,51.57434,0
            -0.220628,51.574306,0
            -0.220671,51.574284,0
            -0.220756,51.574235,0
            -0.220778,51.574216,0
            -0.22109,51.574151,0
          </coordinates>
        </LineString>
      </Placemark>
      <Placemark>
        <name>Line 90</name>
        <styleUrl>#line-62AF44-4000-nodesc</styleUrl>
        <LineString>
          <tessellate>1</tessellate>
          <coordinates>
            -0.22109,51.574151,0
            -0.221112,51.574158,0
            -0.221395,51.573974,0
            -0.221648,51.57382,0
            -0.222024,51.573631,0
            -0.222452,51.573447,0
            -0.222714,51.573354,0
            -0.223285,51.57319,0
            -0.223272,51.573173,0
            -0.223374,51.57315,0
            -0.223368,51.573139,0
            -0.223703,51.573065,0
          </coordinates>
        </LineString>
      </Placemark>
      <Placemark>
        <name>Line 91</name>
        <styleUrl>#line-62AF44-4000-nodesc</styleUrl>
        <LineString>
          <tessellate>1</tessellate>
          <coordinates>
            -0.223693,51.573068,0
            -0.223717,51.573061,0
            -0.223918,51.573405,0
            -0.22396,51.573481,0
            -0.223942,51.573483,0
            -0.224074,51.573716,0
            -0.224272,51.574044,0
            -0.224353,51.574174,0
            -0.224425,51.574234,0
            -0.224525,51.574307,0
            -0.224621,51.574347,0
            -0.224686,51.574371,0
            -0.224761,51.574392,0
            -0.224826,51.574401,0
            -0.224935,51.574419,0
            -0.224995,51.574424,0
            -0.225055,51.574425,0
            -0.22512,51.574421,0
            -0.225179,51.574414,0
            -0.225275,51.574403,0
            -0.225322,51.574397,0
            -0.225372,51.574399,0
            -0.225437,51.574414,0
            -0.225475,51.574428,0
          </coordinates>
        </LineString>
      </Placemark>
      <Placemark>
        <name>Line 92</name>
        <styleUrl>#line-62AF44-4000-nodesc</styleUrl>
        <LineString>
          <tessellate>1</tessellate>
          <coordinates>
            -0.225466,51.574426,0
            -0.225494,51.574442,0
            -0.225529,51.57447,0
            -0.225552,51.574499,0
            -0.225566,51.574518,0
            -0.225571,51.574543,0
            -0.225875,51.574473,0
          </coordinates>
        </LineString>
      </Placemark>
      <Placemark>
        <name>Line 94</name>
        <styleUrl>#line-62AF44-4000-nodesc</styleUrl>
        <LineString>
          <tessellate>1</tessellate>
          <coordinates>
            -0.225875,51.574473,0
            -0.225818,51.574366,0
            -0.226143,51.574275,0
            -0.226211,51.574382,0
            -0.226466,51.574321,0
            -0.226439,51.574281,0
            -0.226429,51.574262,0
            -0.226429,51.574245,0
            -0.226434,51.574231,0
            -0.227397,51.573996,0
            -0.228192,51.573764,0
            -0.229096,51.573502,0
            -0.229632,51.57334,0
            -0.229782,51.573253,0
          </coordinates>
        </LineString>
      </Placemark>
      <Placemark>
        <name>Line 95</name>
        <styleUrl>#line-62AF44-4000-nodesc</styleUrl>
        <LineString>
          <tessellate>1</tessellate>
          <coordinates>
            -0.229782,51.573253,0
            -0.23012,51.573313,0
            -0.230437,51.573381,0
            -0.230702,51.573457,0
            -0.231588,51.573761,0
            -0.23223,51.574045,0
          </coordinates>
        </LineString>
      </Placemark>
      <Placemark>
        <name>Line 96</name>
        <styleUrl>#line-62AF44-4000-nodesc</styleUrl>
        <LineString>
          <tessellate>1</tessellate>
          <coordinates>
            -0.23223,51.574045,0
            -0.232779,51.574293,0
            -0.233312,51.574582,0
            -0.233664,51.574798,0
            -0.234006,51.575011,0
            -0.23428,51.575286,0
            -0.234608,51.575611,0
            -0.234988,51.576005,0
            -0.235306,51.576388,0
            -0.235664,51.576765,0
            -0.235748,51.576896,0
            -0.235749,51.576949,0
            -0.235762,51.577044,0
          </coordinates>
        </LineString>
      </Placemark>
      <Placemark>
        <name>Line 97</name>
        <styleUrl>#line-62AF44-4000-nodesc</styleUrl>
        <LineString>
          <tessellate>1</tessellate>
          <coordinates>
            -0.235762,51.577044,0
            -0.235963,51.577153,0
          </coordinates>
        </LineString>
      </Placemark>
      <Placemark>
        <name>Line 98</name>
        <styleUrl>#line-62AF44-4000-nodesc</styleUrl>
        <LineString>
          <tessellate>1</tessellate>
          <coordinates>
            -0.235963,51.577153,0
            -0.236152,51.577096,0
            -0.236231,51.577078,0
            -0.236361,51.577251,0
            -0.236594,51.577556,0
            -0.236794,51.577843,0
            -0.237132,51.57843,0
            -0.237488,51.579135,0
            -0.237886,51.580015,0
            -0.237682,51.579988,0
          </coordinates>
        </LineString>
      </Placemark>
      <Placemark>
        <name>Line 93</name>
        <styleUrl>#line-62AF44-4000-nodesc</styleUrl>
        <LineString>
          <tessellate>1</tessellate>
          <coordinates>
            -0.237748,51.587098,0
            -0.237698,51.587315,0
            -0.237517,51.58783,0
          </coordinates>
        </LineString>
      </Placemark>
      <Placemark>
        <name>Line 94</name>
        <styleUrl>#line-62AF44-4000-nodesc</styleUrl>
        <LineString>
          <tessellate>1</tessellate>
          <coordinates>
            -0.237517,51.58783,0
            -0.237348,51.587824,0
            -0.237308,51.58798,0
            -0.237469,51.588,0
          </coordinates>
        </LineString>
      </Placemark>
      <Placemark>
        <name>Line 95</name>
        <styleUrl>#line-62AF44-4000-nodesc</styleUrl>
        <LineString>
          <tessellate>1</tessellate>
          <coordinates>
            -0.237469,51.588,0
            -0.237301,51.588366,0
            -0.236985,51.58908,0
            -0.2366,51.589897,0
            -0.236149,51.590948,0
            -0.235774,51.59198,0
            -0.235544,51.593046,0
            -0.235467,51.593546,0
            -0.235363,51.594332,0
            -0.235342,51.595166,0
            -0.235353,51.596032,0
            -0.235493,51.59701,0
            -0.235606,51.59764,0
            -0.235923,51.598505,0
            -0.236207,51.599305,0
            -0.236661,51.600267,0
            -0.237214,51.601242,0
            -0.237381,51.601509,0
          </coordinates>
        </LineString>
      </Placemark>
      <Placemark>
        <name>Line 102</name>
        <styleUrl>#line-62AF44-4000-nodesc</styleUrl>
        <LineString>
          <tessellate>1</tessellate>
          <coordinates>
            -0.231734,51.600595,0
            -0.231792,51.600532,0
            -0.230225,51.600118,0
            -0.229682,51.599972,0
            -0.229628,51.600048,0
            -0.228727,51.5998,0
            -0.227828,51.599557,0
            -0.227546,51.59948,0
            -0.227444,51.599627,0
          </coordinates>
        </LineString>
      </Placemark>
      <Placemark>
        <name>Line 103</name>
        <styleUrl>#line-62AF44-4000-nodesc</styleUrl>
        <LineString>
          <tessellate>1</tessellate>
          <coordinates>
            -0.227444,51.599627,0
            -0.227177,51.599561,0
            -0.226623,51.599423,0
            -0.226373,51.599396,0
            -0.22626,51.599417,0
            -0.226122,51.599498,0
            -0.225981,51.599591,0
            -0.225966,51.599577,0
            -0.225882,51.59961,0
            -0.225808,51.599631,0
            -0.225718,51.599618,0
            -0.225746,51.599575,0
            -0.225777,51.599585,0
            -0.225785,51.599566,0
            -0.225828,51.599568,0
            -0.225879,51.599491,0
            -0.225486,51.599382,0
            -0.225401,51.599476,0
            -0.225359,51.599464,0
          </coordinates>
        </LineString>
      </Placemark>
      <Placemark>
        <name>Line 104</name>
        <styleUrl>#line-62AF44-4000-nodesc</styleUrl>
        <LineString>
          <tessellate>1</tessellate>
          <coordinates>
            -0.225198,51.599418,0
            -0.224619,51.599303,0
            -0.224532,51.599295,0
            -0.22432,51.599255,0
            -0.223577,51.599069,0
            -0.22337,51.599018,0
            -0.223025,51.598928,0
            -0.222598,51.598777,0
            -0.222169,51.598626,0
            -0.222051,51.59858,0
            -0.221427,51.598369,0
            -0.221536,51.597902,0
            -0.221554,51.597909,0
          </coordinates>
        </LineString>
      </Placemark>
      <Placemark>
        <name>Line 106</name>
        <styleUrl>#line-62AF44-4000-nodesc</styleUrl>
        <LineString>
          <tessellate>1</tessellate>
          <coordinates>
            -0.22139,51.597832,0
            -0.221187,51.597757,0
            -0.221166,51.597751,0
            -0.221133,51.597751,0
            -0.221082,51.597773,0
            -0.221008,51.597746,0
            -0.221018,51.597713,0
            -0.221011,51.597689,0
            -0.220837,51.597624,0
            -0.220766,51.597646,0
            -0.220702,51.597613,0
            -0.220714,51.597575,0
            -0.220689,51.597545,0
            -0.220206,51.597321,0
            -0.220127,51.597286,0
            -0.220058,51.597281,0
            -0.219676,51.5971,0
            -0.219676,51.597072,0
            -0.219458,51.596961,0
            -0.219412,51.596963,0
            -0.219392,51.597007,0
            -0.219354,51.597464,0
            -0.219336,51.597537,0
            -0.219471,51.597553,0
            -0.219466,51.59757,0
            -0.219364,51.597553,0
            -0.219234,51.597986,0
            -0.219826,51.598025,0
            -0.219834,51.597977,0
            -0.22011,51.598066,0
            -0.220248,51.598182,0
            -0.220061,51.598253,0
            -0.220028,51.598226,0
            -0.219734,51.598236,0
            -0.219509,51.59819,0
            -0.219522,51.598156,0
            -0.219167,51.598108,0
            -0.21913,51.598314,0
            -0.219101,51.598309,0
            -0.219097,51.598338,0
            -0.219077,51.598337,0
            -0.219048,51.59846,0
            -0.219405,51.598505,0
            -0.219396,51.598532,0
            -0.219316,51.598561,0
            -0.219262,51.59859,0
            -0.219194,51.598604,0
            -0.219138,51.598616,0
            -0.219058,51.598614,0
            -0.218988,51.598605,0
            -0.218837,51.598592,0
          </coordinates>
        </LineString>
      </Placemark>
      <Placemark>
        <name>Line 108</name>
        <styleUrl>#line-62AF44-4000-nodesc</styleUrl>
        <LineString>
          <tessellate>1</tessellate>
          <coordinates>
            -0.218761,51.598577,0
            -0.218773,51.598548,0
            -0.218765,51.598546,0
            -0.218766,51.598526,0
            -0.218676,51.59851,0
            -0.218631,51.59859,0
            -0.218267,51.598532,0
            -0.218298,51.598444,0
            -0.218159,51.598413,0
            -0.218182,51.598339,0
            -0.218123,51.598326,0
            -0.218142,51.59828,0
            -0.218081,51.598268,0
            -0.218096,51.598229,0
            -0.218331,51.598272,0
            -0.21833,51.598284,0
            -0.218396,51.598294,0
            -0.218403,51.598331,0
            -0.218635,51.598367,0
            -0.218741,51.598386,0
            -0.218755,51.598371,0
            -0.218801,51.598376,0
            -0.218819,51.598345,0
            -0.218877,51.598343,0
          </coordinates>
        </LineString>
      </Placemark>
      <Placemark>
        <name>Line 109</name>
        <styleUrl>#line-62AF44-4000-nodesc</styleUrl>
        <LineString>
          <tessellate>1</tessellate>
          <coordinates>
            -0.218877,51.598343,0
            -0.219074,51.597823,0
            -0.219054,51.597814,0
            -0.219057,51.597801,0
            -0.21873,51.597736,0
            -0.218194,51.597653,0
            -0.217636,51.597619,0
            -0.217033,51.597602,0
            -0.21655,51.597594,0
            -0.216539,51.597626,0
            -0.216345,51.597562,0
            -0.216318,51.597602,0
            -0.216137,51.597512,0
            -0.216076,51.597568,0
            -0.215835,51.597478,0
            -0.215589,51.597785,0
          </coordinates>
        </LineString>
      </Placemark>
      <Placemark>
        <name>Line 110</name>
        <styleUrl>#line-62AF44-4000-nodesc</styleUrl>
        <LineString>
          <tessellate>1</tessellate>
          <coordinates>
            -0.215589,51.597785,0
            -0.215437,51.597702,0
            -0.215223,51.597636,0
            -0.215016,51.597577,0
            -0.214862,51.597536,0
            -0.214763,51.597522,0
            -0.214696,51.597545,0
            -0.214653,51.597579,0
            -0.214574,51.597626,0
            -0.214477,51.597653,0
            -0.214359,51.597679,0
            -0.214265,51.597691,0
            -0.214069,51.597743,0
            -0.213954,51.597797,0
            -0.213793,51.597919,0
            -0.213742,51.597973,0
            -0.213642,51.598035,0
            -0.213458,51.598118,0
            -0.213251,51.598221,0
            -0.213121,51.598281,0
            -0.212812,51.598438,0
            -0.212332,51.598646,0
            -0.212252,51.59857,0
            -0.212081,51.598641,0
            -0.211936,51.59852,0
            -0.211882,51.598559,0
            -0.211925,51.5986,0
            -0.211655,51.598741,0
            -0.211813,51.598828,0
            -0.211726,51.5989,0
            -0.211657,51.598881,0
            -0.211614,51.59892,0
            -0.211432,51.598849,0
            -0.211282,51.599014,0
            -0.21132,51.599027,0
            -0.211284,51.599078,0
            -0.211654,51.599228,0
            -0.211445,51.599504,0
            -0.211159,51.599908,0
            -0.210975,51.600092,0
            -0.21082,51.600425,0
            -0.210887,51.600548,0
            -0.210872,51.600593,0
            -0.210877,51.600659,0
            -0.210833,51.600731,0
            -0.210573,51.600666,0
            -0.210148,51.601257,0
          </coordinates>
        </LineString>
      </Placemark>
      <Placemark>
        <name>Line 111</name>
        <styleUrl>#line-62AF44-4000-nodesc</styleUrl>
        <LineString>
          <tessellate>1</tessellate>
          <coordinates>
            -0.210148,51.601257,0
            -0.20954,51.601119,0
            -0.209356,51.601567,0
            -0.209328,51.601642,0
            -0.209393,51.60167,0
            -0.209508,51.601706,0
            -0.209582,51.601808,0
            -0.209564,51.601863,0
            -0.209495,51.601944,0
            -0.20948,51.60197,0
            -0.209424,51.602019,0
            -0.209298,51.601955,0
            -0.209235,51.602001,0
            -0.209048,51.601919,0
          </coordinates>
        </LineString>
      </Placemark>
      <Placemark>
        <name>Line 112</name>
        <styleUrl>#line-62AF44-4000-nodesc</styleUrl>
        <LineString>
          <tessellate>1</tessellate>
          <coordinates>
            -0.209048,51.601919,0
            -0.208505,51.602348,0
            -0.208329,51.602537,0
            -0.208186,51.602772,0
            -0.20814,51.602888,0
            -0.208094,51.603007,0
            -0.208032,51.603201,0
            -0.207948,51.603479,0
            -0.207915,51.603938,0
            -0.208441,51.603938,0
            -0.208428,51.604285,0
            -0.208428,51.60443,0
            -0.208523,51.604515,0
            -0.208513,51.604937,0
          </coordinates>
        </LineString>
      </Placemark>
      <Placemark>
        <name>Line 114</name>
        <styleUrl>#line-62AF44-4000-nodesc</styleUrl>
        <LineString>
          <tessellate>1</tessellate>
          <coordinates>
            -0.208248,51.60511,0
            -0.208248,51.605178,0
            -0.209079,51.605186,0
            -0.209214,51.605186,0
            -0.209217,51.605198,0
            -0.209463,51.605193,0
            -0.20947,51.605207,0
            -0.209975,51.605221,0
            -0.21049,51.605232,0
            -0.21049,51.605261,0
            -0.210906,51.605283,0
            -0.211983,51.605396,0
            -0.21195,51.605563,0
            -0.211873,51.605562,0
            -0.211871,51.605661,0
            -0.210606,51.605657,0
            -0.210548,51.605658,0
            -0.210473,51.605752,0
            -0.21047,51.60578,0
            -0.210521,51.60586,0
            -0.210575,51.605892,0
            -0.210703,51.605912,0
            -0.211911,51.605902,0
            -0.212136,51.605797,0
            -0.212156,51.605759,0
            -0.212159,51.605746,0
            -0.212225,51.605602,0
            -0.212156,51.605577,0
            -0.21221,51.605404,0
            -0.212258,51.605427,0
          </coordinates>
        </LineString>
      </Placemark>
      <Placemark>
        <name>Line 115</name>
        <styleUrl>#line-62AF44-4000-nodesc</styleUrl>
        <LineString>
          <tessellate>1</tessellate>
          <coordinates>
            -0.212258,51.605427,0
            -0.213005,51.60564,0
            -0.212869,51.605843,0
            -0.21279,51.605817,0
            -0.212535,51.606299,0
            -0.212512,51.606327,0
            -0.212573,51.606421,0
            -0.212749,51.606458,0
            -0.21276,51.606415,0
            -0.213028,51.606361,0
            -0.213352,51.606466,0
            -0.213387,51.606422,0
            -0.2135,51.606462,0
            -0.213571,51.606872,0
          </coordinates>
        </LineString>
      </Placemark>
      <Placemark>
        <name>Line 116</name>
        <styleUrl>#line-62AF44-4000-nodesc</styleUrl>
        <LineString>
          <tessellate>1</tessellate>
          <coordinates>
            -0.213571,51.606872,0
            -0.214458,51.606721,0
            -0.214767,51.606683,0
            -0.215114,51.606656,0
            -0.215358,51.606656,0
            -0.215554,51.606661,0
            -0.215672,51.606691,0
            -0.216472,51.606953,0
            -0.216592,51.60697,0
            -0.21665,51.607003,0
            -0.216599,51.607011,0
            -0.216676,51.607156,0
            -0.216726,51.607173,0
            -0.21677,51.607174,0
            -0.216844,51.607182,0
            -0.216878,51.60719,0
          </coordinates>
        </LineString>
      </Placemark>
      <Placemark>
        <name>Line 117</name>
        <styleUrl>#line-62AF44-4000-nodesc</styleUrl>
        <LineString>
          <tessellate>1</tessellate>
          <coordinates>
            -0.237381,51.601509,0
            -0.237424,51.601565,0
            -0.237497,51.601704,0
            -0.237239,51.601745,0
            -0.237004,51.601806,0
            -0.236852,51.601743,0
            -0.236677,51.601696,0
            -0.236519,51.601675,0
            -0.2362,51.60164,0
            -0.235872,51.601608,0
            -0.236034,51.601451,0
          </coordinates>
        </LineString>
      </Placemark>
      <Placemark>
        <name>Line 49</name>
        <styleUrl>#line-62AF44-4000-nodesc</styleUrl>
        <LineString>
          <tessellate>1</tessellate>
          <coordinates>
            -0.23797,51.580189,0
            -0.23812,51.58067,0
            -0.238297,51.581408,0
            -0.23844,51.582471,0
            -0.238422,51.583313,0
            -0.238414,51.583821,0
            -0.238371,51.584305,0
            -0.238343,51.584582,0
            -0.238253,51.585103,0
            -0.238034,51.586247,0
            -0.237781,51.58703,0
            -0.237795,51.587033,0
          </coordinates>
        </LineString>
      </Placemark>
      <Placemark>
        <name>Line 50</name>
        <styleUrl>#line-62AF44-4000-nodesc</styleUrl>
        <LineString>
          <tessellate>1</tessellate>
          <coordinates>
            -0.237795,51.587033,0
            -0.237781,51.587076,0
            -0.238087,51.587046,0
            -0.23833,51.58702,0
            -0.238385,51.586784,0
            -0.23846,51.586792,0
            -0.238488,51.586798,0
            -0.238422,51.587017,0
            -0.238672,51.587011,0
            -0.238669,51.587028,0
            -0.238394,51.587035,0
            -0.238464,51.586804,0
            -0.238445,51.586801,0
            -0.238358,51.587042,0
            -0.237968,51.587078,0
            -0.237748,51.587098,0
          </coordinates>
        </LineString>
      </Placemark>
      <Placemark>
        <name>Line 48</name>
        <styleUrl>#line-62AF44-4000-nodesc</styleUrl>
        <LineString>
          <tessellate>1</tessellate>
          <coordinates>
            -0.237682,51.579988,0
            -0.237758,51.580126,0
            -0.237921,51.580238,0
            -0.23797,51.580189,0
          </coordinates>
        </LineString>
      </Placemark>
      <Placemark>
        <name>Line 112</name>
        <styleUrl>#line-558B2F-3040-nodesc</styleUrl>
        <LineString>
          <tessellate>1</tessellate>
          <coordinates>
            -0.2139888,51.5678682,0
            -0.214117,51.5678032,0
          </coordinates>
        </LineString>
      </Placemark>
      <Placemark>
        <name>Line 113</name>
        <styleUrl>#line-558B2F-3961-nodesc</styleUrl>
        <LineString>
          <tessellate>1</tessellate>
          <coordinates>
            -0.214117,51.5678032,0
            -0.2155261,51.5670681,0
            -0.216414,51.566635,0
            -0.2164881,51.5667048,0
            -0.2168687,51.5669208,0
            -0.2169959,51.5668331,0
            -0.2170266,51.566849,0
            -0.2172642,51.5666823,0
            -0.2172182,51.5666505,0
            -0.2174302,51.5665171,0
            -0.2174558,51.566533,0
            -0.2175528,51.5667522,0
            -0.2176678,51.5669522,0
            -0.2177395,51.5670232,0
          </coordinates>
        </LineString>
      </Placemark>
      <Placemark>
        <name>Line 114</name>
        <styleUrl>#line-558B2F-2854-nodesc</styleUrl>
        <LineString>
          <tessellate>1</tessellate>
          <coordinates>
            -0.2177395,51.5670232,0
            -0.21799,51.5669159,0
          </coordinates>
        </LineString>
      </Placemark>
      <Placemark>
        <name>Line 115</name>
        <styleUrl>#line-558B2F-4146-nodesc</styleUrl>
        <LineString>
          <tessellate>1</tessellate>
          <coordinates>
            -0.21799,51.5669159,0
            -0.2185088,51.566837,0
            -0.218459,51.5667917,0
            -0.2185356,51.5667933,0
            -0.2185905,51.5665551,0
            -0.2186046,51.5665369,0
            -0.2189004,51.5665043,0
            -0.2189221,51.5665059,0
            -0.2192261,51.5665655,0
            -0.2192843,51.5665837,0
            -0.2192242,51.5667965,0
            -0.2193328,51.5668076,0
            -0.219509,51.5667973,0
            -0.2196451,51.5667878,0
            -0.2196859,51.5667854,0
            -0.2197038,51.5667798,0
            -0.2197587,51.5667703,0
            -0.2197562,51.5667544,0
          </coordinates>
        </LineString>
      </Placemark>
      <Placemark>
        <name>Line 116</name>
        <styleUrl>#line-558B2F-3224-nodesc</styleUrl>
        <LineString>
          <tessellate>1</tessellate>
          <coordinates>
            -0.2197562,51.5667544,0
            -0.2200253,51.5666754,0
            -0.2200644,51.5666556,0
            -0.220081,51.5666722,0
            -0.2201308,51.5666532,0
            -0.2201615,51.5666722,0
            -0.2202534,51.5666278,0
          </coordinates>
        </LineString>
      </Placemark>
      <Placemark>
        <name>Line 117</name>
        <styleUrl>#line-558B2F-3592-nodesc</styleUrl>
        <LineString>
          <tessellate>1</tessellate>
          <coordinates>
            -0.2202534,51.5666278,0
            -0.2203201,51.5666005,0
            -0.2200531,51.5664021,0
            -0.2203252,51.5662636,0
            -0.2200671,51.5660964,0
            -0.2199419,51.5660377,0
            -0.2198244,51.5659805,0
            -0.2197554,51.5659345,0
            -0.2196022,51.5658344,0
            -0.2194489,51.5657233,0
            -0.2192241,51.5656105,0
            -0.2185489,51.5651094,0
            -0.2178136,51.5645634,0
            -0.2176556,51.5644384,0
            -0.2173031,51.5646353,0
          </coordinates>
        </LineString>
      </Placemark>
      <Placemark>
        <name>Line 118</name>
        <styleUrl>#line-558B2F-3961-nodesc</styleUrl>
        <LineString>
          <tessellate>1</tessellate>
          <coordinates>
            -0.2173031,51.5646353,0
            -0.2165221,51.5640528,0
            -0.2159038,51.5635834,0
            -0.2159396,51.5635389,0
            -0.2156841,51.5633674,0
            -0.2157096,51.5633388,0
            -0.2155385,51.5632499,0
            -0.2154721,51.5632943,0
            -0.2154108,51.5632562,0
            -0.2154542,51.5632276,0
            -0.215421,51.5632022,0
            -0.2152907,51.5632324,0
            -0.2152575,51.56318,0
            -0.2147265,51.5625396,0
            -0.2146972,51.5624969,0
            -0.2159106,51.562138,0
            -0.2156577,51.5617439,0
            -0.2154175,51.5613366,0
            -0.215226,51.5610539,0
            -0.2150931,51.560884,0
            -0.214945,51.5607035,0
            -0.2147432,51.5605257,0
            -0.2145132,51.5603557,0
            -0.2141584,51.5601048,0
            -0.2137982,51.5598555,0
            -0.2130857,51.5593015,0
            -0.212889,51.5591236,0
            -0.2125843,51.5587976,0
          </coordinates>
        </LineString>
      </Placemark>
      <Placemark>
        <name>Line 119</name>
        <styleUrl>#line-558B2F-3592-nodesc</styleUrl>
        <LineString>
          <tessellate>1</tessellate>
          <coordinates>
            -0.2125843,51.5587976,0
            -0.21233,51.5588701,0
            -0.212284,51.558863,0
            -0.2122482,51.5588535,0
            -0.2122048,51.55884,0
            -0.2121295,51.5588209,0
            -0.212012,51.5587868,0
            -0.2119072,51.5587558,0
            -0.2118574,51.5587431,0
            -0.2117859,51.5587304,0
            -0.2117859,51.55867,0
            -0.212132,51.5585009,0
            -0.2121665,51.5585096,0
            -0.2122917,51.5586192,0
            -0.2124104,51.55862,0
            -0.212422,51.5586526,0
            -0.2124922,51.5586502,0
            -0.2123096,51.5584081,0
          </coordinates>
        </LineString>
      </Placemark>
      <Placemark>
        <name>Line 120</name>
        <styleUrl>#line-558B2F-3592-nodesc</styleUrl>
        <LineString>
          <tessellate>1</tessellate>
          <coordinates>
            -0.2123096,51.5584081,0
            -0.2121524,51.5582442,0
          </coordinates>
        </LineString>
      </Placemark>
      <Placemark>
        <name>Line 121</name>
        <styleUrl>#line-558B2F-3408-nodesc</styleUrl>
        <LineString>
          <tessellate>1</tessellate>
          <coordinates>
            -0.2121524,51.5582442,0
            -0.2116285,51.5584945,0
            -0.2115736,51.5584548,0
            -0.2114395,51.5585374,0
            -0.2114867,51.5585771,0
            -0.2109075,51.5588647,0
            -0.210942,51.5589075,0
            -0.2108513,51.5589441,0
          </coordinates>
        </LineString>
      </Placemark>
      <Placemark>
        <name>Line 122</name>
        <styleUrl>#line-558B2F-3960-nodesc</styleUrl>
        <LineString>
          <tessellate>1</tessellate>
          <coordinates>
            -0.2108513,51.5589441,0
            -0.2106339,51.558684,0
            -0.2106096,51.5586578,0
            -0.2105649,51.5586506,0
            -0.2102533,51.5586053,0
            -0.2101576,51.5585903,0
            -0.2101129,51.5585926,0
            -0.2100887,51.5586093,0
            -0.2102867,51.5588031,0
            -0.2098039,51.558977,0
            -0.2091431,51.5592426,0
            -0.2091727,51.5592828,0
            -0.2089709,51.5593567,0
            -0.2088419,51.559228,0
            -0.2078163,51.5582127,0
            -0.2076846,51.5580791,0
            -0.2076616,51.5580902,0
            -0.2074751,51.5579187,0
            -0.2075185,51.557906,0
            -0.207092,51.557493,0
            -0.2067904,51.5570259,0
            -0.2067265,51.5569815,0
            -0.2064762,51.5568036,0
          </coordinates>
        </LineString>
      </Placemark>
      <Placemark>
        <name>Line 123</name>
        <styleUrl>#line-558B2F-3406-nodesc</styleUrl>
        <LineString>
          <tessellate>1</tessellate>
          <coordinates>
            -0.2064762,51.5568036,0
            -0.2061624,51.5568422,0
            -0.2061074,51.5567008,0
            -0.2060672,51.5566301,0
            -0.2060445,51.5565837,0
            -0.2059452,51.5565801,0
            -0.2057741,51.5566079,0
            -0.2055672,51.5566437,0
            -0.2050264,51.5569346,0
          </coordinates>
        </LineString>
      </Placemark>
      <Placemark>
        <name>Line 124</name>
        <styleUrl>#line-558B2F-3960-nodesc</styleUrl>
        <LineString>
          <tessellate>1</tessellate>
          <coordinates>
            -0.2050264,51.5569346,0
            -0.204617,51.5572715,0
            -0.2042288,51.5575749,0
            -0.2037663,51.5578681,0
            -0.2036253,51.5579613,0
            -0.2034274,51.5580361,0
          </coordinates>
        </LineString>
      </Placemark>
      <Placemark>
        <name>Line 126</name>
        <styleUrl>#line-558B2F-4146-nodesc</styleUrl>
        <LineString>
          <tessellate>1</tessellate>
          <coordinates>
            -0.2034274,51.5580361,0
            -0.2035577,51.5581871,0
            -0.2036216,51.5582665,0
            -0.2036586,51.558318,0
            -0.2036165,51.5583506,0
            -0.2035935,51.5583776,0
            -0.203596,51.558395,0
            -0.2036267,51.5584181,0
            -0.2037352,51.558534,0
            -0.2039817,51.5587877,0
            -0.204215,51.5590511,0
            -0.2044078,51.5592679,0
            -0.2048496,51.5596818,0
            -0.2048662,51.5597101,0
            -0.2046018,51.5598268,0
            -0.204727,51.5599261,0
            -0.2049888,51.5598189,0
          </coordinates>
        </LineString>
      </Placemark>
      <Placemark>
        <name>Line 127</name>
        <styleUrl>#line-558B2F-3776-nodesc</styleUrl>
        <LineString>
          <tessellate>1</tessellate>
          <coordinates>
            -0.2049888,51.5598189,0
            -0.2053653,51.5601676,0
            -0.205567,51.5603573,0
            -0.2056718,51.5603478,0
            -0.2056858,51.5603962,0
            -0.2054738,51.5604304,0
            -0.2054968,51.5604836,0
            -0.2057344,51.5604534,0
            -0.2057548,51.5605003,0
            -0.2055019,51.5605376,0
            -0.2055313,51.5605781,0
            -0.2058864,51.56054,0
            -0.2059298,51.5606527,0
            -0.205539,51.560698,0
            -0.2049473,51.5607914,0
            -0.2046437,51.560862,0
            -0.204493,51.5609136,0
            -0.2043168,51.56097,0
            -0.2039181,51.5611212,0
          </coordinates>
        </LineString>
      </Placemark>
      <Placemark>
        <name>Line 128</name>
        <styleUrl>#line-558B2F-4701-nodesc</styleUrl>
        <LineString>
          <tessellate>1</tessellate>
          <coordinates>
            -0.2039181,51.5611212,0
            -0.2038057,51.5611538,0
            -0.2038696,51.5612372,0
            -0.2039692,51.5613785,0
          </coordinates>
        </LineString>
      </Placemark>
      <Placemark>
        <name>Line 129</name>
        <styleUrl>#line-558B2F-4331-nodesc</styleUrl>
        <LineString>
          <tessellate>1</tessellate>
          <coordinates>
            -0.2039692,51.5613785,0
            -0.2040178,51.5614365,0
            -0.2039641,51.5614571,0
            -0.2039769,51.5614794,0
            -0.2039462,51.561496,0
            -0.2040088,51.5615635,0
            -0.204108,51.561717,0
          </coordinates>
        </LineString>
      </Placemark>
    </Folder>
    <Folder>
      <name>Mill Hill</name>
      <Placemark>
        <name>Line 1</name>
        <styleUrl>#line-4186F0-4000-nodesc</styleUrl>
        <LineString>
          <tessellate>1</tessellate>
          <coordinates>
            -0.256816,51.622341,0
            -0.257025,51.622397,0
            -0.257923,51.623443,0
          </coordinates>
        </LineString>
      </Placemark>
      <Placemark>
        <name>Line 2</name>
        <styleUrl>#line-4186F0-4000-nodesc</styleUrl>
        <LineString>
          <tessellate>1</tessellate>
          <coordinates>
            -0.257913,51.623433,0
            -0.25865,51.6242,0
            -0.259546,51.625225,0
            -0.260036,51.625762,0
            -0.260148,51.625734,0
            -0.260172,51.625774,0
          </coordinates>
        </LineString>
      </Placemark>
      <Placemark>
        <name>Line 3</name>
        <styleUrl>#line-4186F0-4000-nodesc</styleUrl>
        <LineString>
          <tessellate>1</tessellate>
          <coordinates>
            -0.260172,51.625774,0
            -0.260629,51.625757,0
          </coordinates>
        </LineString>
      </Placemark>
      <Placemark>
        <name>Line 5</name>
        <styleUrl>#line-4186F0-4000-nodesc</styleUrl>
        <LineString>
          <tessellate>1</tessellate>
          <coordinates>
            -0.260629,51.625757,0
            -0.261301,51.625716,0
            -0.261564,51.625668,0
            -0.261691,51.625628,0
          </coordinates>
        </LineString>
      </Placemark>
      <Placemark>
        <name>Line 6</name>
        <styleUrl>#line-4186F0-4000-nodesc</styleUrl>
        <LineString>
          <tessellate>1</tessellate>
          <coordinates>
            -0.261691,51.625628,0
            -0.261698,51.625643,0
          </coordinates>
        </LineString>
      </Placemark>
      <Placemark>
        <name>Line 7</name>
        <styleUrl>#line-4186F0-4000-nodesc</styleUrl>
        <LineString>
          <tessellate>1</tessellate>
          <coordinates>
            -0.261698,51.625643,0
            -0.261579,51.625688,0
          </coordinates>
        </LineString>
      </Placemark>
      <Placemark>
        <name>Line 8</name>
        <styleUrl>#line-4186F0-4000-nodesc</styleUrl>
        <LineString>
          <tessellate>1</tessellate>
          <coordinates>
            -0.261589,51.625686,0
            -0.261339,51.625747,0
            -0.261177,51.625757,0
            -0.260557,51.625789,0
            -0.260279,51.625786,0
          </coordinates>
        </LineString>
      </Placemark>
      <Placemark>
        <name>Line 9</name>
        <styleUrl>#line-4186F0-4000-nodesc</styleUrl>
        <LineString>
          <tessellate>1</tessellate>
          <coordinates>
            -0.260279,51.625786,0
            -0.260263,51.625796,0
            -0.260225,51.625802,0
            -0.260253,51.625828,0
            -0.260688,51.625886,0
            -0.260728,51.625885,0
          </coordinates>
        </LineString>
      </Placemark>
      <Placemark>
        <name>Line 10</name>
        <styleUrl>#line-4186F0-4000-nodesc</styleUrl>
        <LineString>
          <tessellate>1</tessellate>
          <coordinates>
            -0.260728,51.625885,0
            -0.260793,51.625967,0
          </coordinates>
        </LineString>
      </Placemark>
      <Placemark>
        <name>Line 12</name>
        <styleUrl>#line-4186F0-4000-nodesc</styleUrl>
        <LineString>
          <tessellate>1</tessellate>
          <coordinates>
            -0.260793,51.625967,0
            -0.260645,51.625957,0
            -0.260545,51.625941,0
            -0.260167,51.625888,0
            -0.260059,51.625884,0
            -0.260048,51.625896,0
            -0.260035,51.625902,0
            -0.260017,51.625896,0
            -0.260038,51.625952,0
            -0.26,51.626044,0
            -0.25999,51.626053,0
            -0.259973,51.626059,0
            -0.259965,51.626058,0
            -0.259986,51.626099,0
          </coordinates>
        </LineString>
      </Placemark>
      <Placemark>
        <name>Line 13</name>
        <styleUrl>#line-4186F0-4000-nodesc</styleUrl>
        <LineString>
          <tessellate>1</tessellate>
          <coordinates>
            -0.259986,51.626099,0
            -0.25946,51.626232,0
          </coordinates>
        </LineString>
      </Placemark>
      <Placemark>
        <name>Line 14</name>
        <styleUrl>#line-4186F0-4000-nodesc</styleUrl>
        <LineString>
          <tessellate>1</tessellate>
          <coordinates>
            -0.25946,51.626232,0
            -0.259278,51.626494,0
          </coordinates>
        </LineString>
      </Placemark>
      <Placemark>
        <name>Line 15</name>
        <styleUrl>#line-4186F0-4000-nodesc</styleUrl>
        <LineString>
          <tessellate>1</tessellate>
          <coordinates>
            -0.259278,51.626494,0
            -0.258823,51.626746,0
            -0.258424,51.626949,0
            -0.25829,51.627002,0
            -0.258081,51.62709,0
            -0.258564,51.627506,0
            -0.258282,51.627668,0
          </coordinates>
        </LineString>
      </Placemark>
      <Placemark>
        <name>Line 16</name>
        <styleUrl>#line-4186F0-4000-nodesc</styleUrl>
        <LineString>
          <tessellate>1</tessellate>
          <coordinates>
            -0.258282,51.627668,0
            -0.258341,51.627719,0
            -0.25802,51.627866,0
            -0.258048,51.627793,0
            -0.258003,51.627673,0
            -0.25794,51.627586,0
            -0.257698,51.627424,0
          </coordinates>
        </LineString>
      </Placemark>
      <Placemark>
        <name>Line 17</name>
        <styleUrl>#line-4186F0-4000-nodesc</styleUrl>
        <LineString>
          <tessellate>1</tessellate>
          <coordinates>
            -0.257698,51.627424,0
            -0.257538,51.627551,0
            -0.25732,51.627477,0
            -0.2571,51.627414,0
            -0.256761,51.62734,0
            -0.256673,51.627326,0
            -0.256594,51.627428,0
            -0.256532,51.627433,0
            -0.25647,51.627417,0
            -0.256416,51.627388,0
            -0.256377,51.627347,0
            -0.256357,51.627304,0
            -0.256394,51.62724,0
            -0.256433,51.627216,0
          </coordinates>
        </LineString>
      </Placemark>
      <Placemark>
        <name>Line 19</name>
        <styleUrl>#line-4186F0-4000-nodesc</styleUrl>
        <LineString>
          <tessellate>1</tessellate>
          <coordinates>
            -0.256433,51.627216,0
            -0.256363,51.627137,0
            -0.256258,51.627202,0
            -0.256205,51.627181,0
            -0.256176,51.627188,0
            -0.256117,51.627058,0
            -0.255976,51.627076,0
            -0.255976,51.62709,0
            -0.255454,51.627155,0
            -0.255248,51.627107,0
            -0.255471,51.626755,0
            -0.254827,51.626603,0
            -0.254723,51.626576,0
            -0.254649,51.626576,0
            -0.254624,51.626583,0
            -0.254562,51.6272,0
          </coordinates>
        </LineString>
      </Placemark>
      <Placemark>
        <name>Line 20</name>
        <styleUrl>#line-4186F0-4000-nodesc</styleUrl>
        <LineString>
          <tessellate>1</tessellate>
          <coordinates>
            -0.254562,51.6272,0
            -0.254503,51.6272,0
          </coordinates>
        </LineString>
      </Placemark>
      <Placemark>
        <name>Line 21</name>
        <styleUrl>#line-4186F0-4000-nodesc</styleUrl>
        <LineString>
          <tessellate>1</tessellate>
          <coordinates>
            -0.254503,51.6272,0
            -0.254526,51.626991,0
          </coordinates>
        </LineString>
      </Placemark>
      <Placemark>
        <name>Line 23</name>
        <styleUrl>#line-4186F0-4000-nodesc</styleUrl>
        <LineString>
          <tessellate>1</tessellate>
          <coordinates>
            -0.254526,51.626991,0
            -0.253865,51.627028,0
            -0.253614,51.627043,0
          </coordinates>
        </LineString>
      </Placemark>
      <Placemark>
        <name>Line 24</name>
        <styleUrl>#line-4186F0-4000-nodesc</styleUrl>
        <LineString>
          <tessellate>1</tessellate>
          <coordinates>
            -0.253614,51.627043,0
            -0.253015,51.627045,0
            -0.252184,51.627034,0
            -0.251774,51.627032,0
            -0.251838,51.627347,0
            -0.251921,51.627657,0
          </coordinates>
        </LineString>
      </Placemark>
      <Placemark>
        <name>Line 25</name>
        <styleUrl>#line-4186F0-4000-nodesc</styleUrl>
        <LineString>
          <tessellate>1</tessellate>
          <coordinates>
            -0.251921,51.627657,0
            -0.251806,51.627798,0
          </coordinates>
        </LineString>
      </Placemark>
      <Placemark>
        <name>Line 26</name>
        <styleUrl>#line-4186F0-4000-nodesc</styleUrl>
        <LineString>
          <tessellate>1</tessellate>
          <coordinates>
            -0.251806,51.627798,0
            -0.251403,51.627819,0
            -0.251408,51.627857,0
            -0.250691,51.62789,0
          </coordinates>
        </LineString>
      </Placemark>
      <Placemark>
        <name>Line 27</name>
        <styleUrl>#line-4186F0-4000-nodesc</styleUrl>
        <LineString>
          <tessellate>1</tessellate>
          <coordinates>
            -0.250691,51.62789,0
            -0.249378,51.627928,0
            -0.249359,51.627861,0
            -0.24898,51.627866,0
            -0.24898,51.62807,0
          </coordinates>
        </LineString>
      </Placemark>
      <Placemark>
        <name>Line 28</name>
        <styleUrl>#line-4186F0-4000-nodesc</styleUrl>
        <LineString>
          <tessellate>1</tessellate>
          <coordinates>
            -0.24898,51.62807,0
            -0.248685,51.628167,0
            -0.248372,51.628413,0
            -0.248055,51.628677,0
            -0.248007,51.628707,0
            -0.247875,51.628832,0
            -0.247225,51.62915,0
          </coordinates>
        </LineString>
      </Placemark>
      <Placemark>
        <name>Line 29</name>
        <styleUrl>#line-4186F0-4000-nodesc</styleUrl>
        <LineString>
          <tessellate>1</tessellate>
          <coordinates>
            -0.247225,51.62915,0
            -0.246945,51.628934,0
            -0.24692,51.628955,0
            -0.24664,51.628748,0
            -0.246671,51.628734,0
            -0.246256,51.628426,0
            -0.246144,51.628286,0
            -0.246079,51.628098,0
            -0.246124,51.627955,0
            -0.246243,51.627821,0
            -0.246446,51.62769,0
            -0.246649,51.627578,0
            -0.246985,51.627327,0
            -0.247779,51.626684,0
            -0.248192,51.626276,0
            -0.248223,51.626258,0
            -0.248263,51.626106,0
            -0.248263,51.626057,0
            -0.248223,51.625767,0
            -0.24815,51.62508,0
            -0.248252,51.625066,0
            -0.248238,51.624941,0
          </coordinates>
        </LineString>
      </Placemark>
      <Placemark>
        <name>Line 30</name>
        <styleUrl>#line-4186F0-4000-nodesc</styleUrl>
        <LineString>
          <tessellate>1</tessellate>
          <coordinates>
            -0.248238,51.624941,0
            -0.248226,51.624863,0
            -0.247869,51.624886,0
            -0.247864,51.62495,0
            -0.247572,51.624973,0
            -0.247572,51.625055,0
            -0.246949,51.62511,0
            -0.246083,51.625147,0
            -0.245921,51.625168,0
          </coordinates>
        </LineString>
      </Placemark>
      <Placemark>
        <name>Line 31</name>
        <styleUrl>#line-4186F0-4000-nodesc</styleUrl>
        <LineString>
          <tessellate>1</tessellate>
          <coordinates>
            -0.245921,51.625168,0
            -0.245893,51.62513,0
            -0.245267,51.625218,0
            -0.245275,51.625251,0
            -0.244866,51.62533,0
            -0.244685,51.625116,0
            -0.243831,51.625358,0
            -0.243464,51.625488,0
            -0.243095,51.625709,0
            -0.243224,51.625788,0
            -0.242982,51.625971,0
            -0.242846,51.625883,0
            -0.242505,51.626137,0
            -0.242293,51.626318,0
            -0.242129,51.626469,0
            -0.241766,51.626968,0
            -0.242379,51.627098,0
            -0.242266,51.627266,0
            -0.241885,51.627206,0
            -0.241854,51.627285,0
            -0.241572,51.62725,0
            -0.241499,51.627437,0
          </coordinates>
        </LineString>
      </Placemark>
      <Placemark>
        <name>Line 32</name>
        <styleUrl>#line-4186F0-4000-nodesc</styleUrl>
        <LineString>
          <tessellate>1</tessellate>
          <coordinates>
            -0.241499,51.627437,0
            -0.241265,51.627634,0
          </coordinates>
        </LineString>
      </Placemark>
      <Placemark>
        <name>Line 33</name>
        <styleUrl>#line-4186F0-4000-nodesc</styleUrl>
        <LineString>
          <tessellate>1</tessellate>
          <coordinates>
            -0.241265,51.627634,0
            -0.241344,51.627484,0
            -0.241071,51.627349,0
            -0.241028,51.627326,0
            -0.240643,51.627162,0
            -0.240309,51.627037,0
            -0.240114,51.626945,0
            -0.239448,51.626615,0
            -0.239165,51.626478,0
            -0.238366,51.626022,0
            -0.23781,51.625648,0
            -0.237751,51.625657,0
            -0.23772,51.625614,0
            -0.237756,51.625605,0
            -0.237482,51.625461,0
            -0.237079,51.625305,0
            -0.236719,51.625204,0
            -0.236474,51.625195,0
            -0.236101,51.625174,0
            -0.235402,51.625142,0
          </coordinates>
        </LineString>
      </Placemark>
      <Placemark>
        <name>Line 34</name>
        <styleUrl>#line-4186F0-4000-nodesc</styleUrl>
        <LineString>
          <tessellate>1</tessellate>
          <coordinates>
            -0.235402,51.625142,0
            -0.235379,51.624985,0
            -0.235396,51.624845,0
            -0.235531,51.624708,0
            -0.235639,51.624607,0
            -0.235729,51.624519,0
            -0.23578,51.624424,0
            -0.235853,51.624351,0
            -0.235881,51.624295,0
            -0.236022,51.624137,0
            -0.236118,51.624011,0
            -0.236158,51.623895,0
            -0.236164,51.623765,0
            -0.236096,51.623552,0
            -0.236062,51.623425,0
            -0.235977,51.62332,0
            -0.235887,51.623194,0
            -0.235785,51.62318,0
            -0.23574,51.623158,0
            -0.235701,51.623141,0
            -0.235661,51.623116,0
            -0.235622,51.623081,0
            -0.235571,51.623039,0
            -0.235542,51.62299,0
            -0.235537,51.622966,0
            -0.235372,51.622871,0
            -0.235039,51.622681,0
            -0.234079,51.622136,0
            -0.233901,51.622129,0
            -0.233861,51.622108,0
            -0.233932,51.622059,0
            -0.233771,51.621969,0
          </coordinates>
        </LineString>
      </Placemark>
      <Placemark>
        <name>Line 35</name>
        <styleUrl>#line-4186F0-4000-nodesc</styleUrl>
        <LineString>
          <tessellate>1</tessellate>
          <coordinates>
            -0.233771,51.621969,0
            -0.233384,51.621743,0
            -0.233271,51.621813,0
            -0.233161,51.621862,0
            -0.233068,51.621797,0
          </coordinates>
        </LineString>
      </Placemark>
      <Placemark>
        <name>Line 37</name>
        <styleUrl>#line-4186F0-4000-nodesc</styleUrl>
        <LineString>
          <tessellate>1</tessellate>
          <coordinates>
            -0.233068,51.621797,0
            -0.231813,51.622424,0
            -0.231626,51.622304,0
            -0.233128,51.621484,0
          </coordinates>
        </LineString>
      </Placemark>
      <Placemark>
        <name>Line 38</name>
        <styleUrl>#line-4186F0-4000-nodesc</styleUrl>
        <LineString>
          <tessellate>1</tessellate>
          <coordinates>
            -0.233128,51.621484,0
            -0.232909,51.62133,0
          </coordinates>
        </LineString>
      </Placemark>
      <Placemark>
        <name>Line 39</name>
        <styleUrl>#line-4186F0-4000-nodesc</styleUrl>
        <LineString>
          <tessellate>1</tessellate>
          <coordinates>
            -0.232909,51.62133,0
            -0.232823,51.621103,0
          </coordinates>
        </LineString>
      </Placemark>
      <Placemark>
        <name>Line 41</name>
        <styleUrl>#line-4186F0-4000-nodesc</styleUrl>
        <LineString>
          <tessellate>1</tessellate>
          <coordinates>
            -0.232823,51.621103,0
            -0.232191,51.620537,0
            -0.232134,51.62049,0
            -0.23199,51.620388,0
            -0.231753,51.620253,0
            -0.230622,51.619497,0
          </coordinates>
        </LineString>
      </Placemark>
      <Placemark>
        <name>Line 42</name>
        <styleUrl>#line-4186F0-4000-nodesc</styleUrl>
        <LineString>
          <tessellate>1</tessellate>
          <coordinates>
            -0.230622,51.619497,0
            -0.23047,51.619566,0
          </coordinates>
        </LineString>
      </Placemark>
      <Placemark>
        <name>Line 43</name>
        <styleUrl>#line-4186F0-4000-nodesc</styleUrl>
        <LineString>
          <tessellate>1</tessellate>
          <coordinates>
            -0.23047,51.619566,0
            -0.230111,51.619337,0
            -0.229825,51.619154,0
            -0.228719,51.618475,0
            -0.228542,51.618365,0
            -0.228434,51.618316,0
            -0.228288,51.618277,0
            -0.227805,51.618163,0
          </coordinates>
        </LineString>
      </Placemark>
      <Placemark>
        <name>Line 44</name>
        <styleUrl>#line-4186F0-4000-nodesc</styleUrl>
        <LineString>
          <tessellate>1</tessellate>
          <coordinates>
            -0.227805,51.618163,0
            -0.227698,51.618232,0
            -0.22729,51.618137,0
            -0.227258,51.618229,0
            -0.227188,51.618218,0
            -0.227221,51.618036,0
          </coordinates>
        </LineString>
      </Placemark>
      <Placemark>
        <name>Line 45</name>
        <styleUrl>#line-4186F0-4000-nodesc</styleUrl>
        <LineString>
          <tessellate>1</tessellate>
          <coordinates>
            -0.227221,51.618036,0
            -0.226517,51.617898,0
            -0.226497,51.617933,0
            -0.226334,51.617878,0
            -0.225808,51.617814,0
            -0.224397,51.617733,0
            -0.22396,51.617712,0
            -0.223371,51.617636,0
            -0.223333,51.617642,0
            -0.22333,51.617654,0
            -0.223316,51.617662,0
            -0.223292,51.617663,0
          </coordinates>
        </LineString>
      </Placemark>
      <Placemark>
        <name>Line 46</name>
        <styleUrl>#line-4186F0-4000-nodesc</styleUrl>
        <LineString>
          <tessellate>1</tessellate>
          <coordinates>
            -0.223292,51.617663,0
            -0.223152,51.617627,0
          </coordinates>
        </LineString>
      </Placemark>
      <Placemark>
        <name>Line 47</name>
        <styleUrl>#line-4186F0-4000-nodesc</styleUrl>
        <LineString>
          <tessellate>1</tessellate>
          <coordinates>
            -0.223152,51.617627,0
            -0.223143,51.617609,0
            -0.223128,51.617603,0
            -0.223113,51.617598,0
            -0.222924,51.617562,0
            -0.222176,51.617434,0
            -0.222125,51.617929,0
            -0.222436,51.617947,0
            -0.222438,51.618322,0
            -0.222402,51.618716,0
            -0.222329,51.618934,0
            -0.221973,51.619892,0
            -0.220301,51.620089,0
            -0.220109,51.620029,0
            -0.2193,51.620086,0
            -0.217743,51.619956,0
          </coordinates>
        </LineString>
      </Placemark>
      <Placemark>
        <name>Line 48</name>
        <styleUrl>#line-4186F0-4000-nodesc</styleUrl>
        <LineString>
          <tessellate>1</tessellate>
          <coordinates>
            -0.217743,51.619956,0
            -0.21827,51.618631,0
            -0.218565,51.617239,0
            -0.218252,51.617282,0
            -0.218108,51.6173,0
            -0.217859,51.617349,0
            -0.217722,51.617396,0
          </coordinates>
        </LineString>
      </Placemark>
      <Placemark>
        <name>Line 49</name>
        <styleUrl>#line-4186F0-4000-nodesc</styleUrl>
        <LineString>
          <tessellate>1</tessellate>
          <coordinates>
            -0.217722,51.617396,0
            -0.217611,51.617258,0
          </coordinates>
        </LineString>
      </Placemark>
      <Placemark>
        <name>Line 50</name>
        <styleUrl>#line-4186F0-4000-nodesc</styleUrl>
        <LineString>
          <tessellate>1</tessellate>
          <coordinates>
            -0.217611,51.617258,0
            -0.21767,51.617212,0
            -0.217738,51.617153,0
            -0.217759,51.617117,0
            -0.217768,51.61709,0
            -0.217782,51.617069,0
            -0.217926,51.616749,0
            -0.217964,51.61667,0
            -0.217962,51.616588,0
            -0.217913,51.616526,0
            -0.217858,51.616473,0
            -0.217758,51.616401,0
            -0.217664,51.616338,0
            -0.217529,51.616292,0
            -0.216913,51.615937,0
            -0.216424,51.615598,0
            -0.216219,51.615396,0
          </coordinates>
        </LineString>
      </Placemark>
      <Placemark>
        <name>Line 51</name>
        <styleUrl>#line-4186F0-4000-nodesc</styleUrl>
        <LineString>
          <tessellate>1</tessellate>
          <coordinates>
            -0.216227,51.615403,0
            -0.216161,51.615333,0
          </coordinates>
        </LineString>
      </Placemark>
      <Placemark>
        <name>Line 52</name>
        <styleUrl>#line-4186F0-4000-nodesc</styleUrl>
        <LineString>
          <tessellate>1</tessellate>
          <coordinates>
            -0.216161,51.615333,0
            -0.216114,51.615332,0
          </coordinates>
        </LineString>
      </Placemark>
      <Placemark>
        <name>Line 55</name>
        <styleUrl>#line-4186F0-4000-nodesc</styleUrl>
        <LineString>
          <tessellate>1</tessellate>
          <coordinates>
            -0.215632,51.615283,0
            -0.215814,51.615314,0
            -0.215948,51.615334,0
            -0.216053,51.615336,0
            -0.216114,51.615332,0
          </coordinates>
        </LineString>
      </Placemark>
      <Placemark>
        <name>Line 56</name>
        <styleUrl>#line-4186F0-4000-nodesc</styleUrl>
        <LineString>
          <tessellate>1</tessellate>
          <coordinates>
            -0.215632,51.615283,0
            -0.215641,51.6152,0
          </coordinates>
        </LineString>
      </Placemark>
      <Placemark>
        <name>Line 57</name>
        <styleUrl>#line-4186F0-4000-nodesc</styleUrl>
        <LineString>
          <tessellate>1</tessellate>
          <coordinates>
            -0.215641,51.615206,0
            -0.215653,51.615174,0
            -0.215736,51.615134,0
            -0.215341,51.614761,0
            -0.214396,51.614059,0
            -0.214334,51.614081,0
            -0.214327,51.614104,0
            -0.214339,51.614124,0
            -0.214262,51.614151,0
          </coordinates>
        </LineString>
      </Placemark>
      <Placemark>
        <name>Line 58</name>
        <styleUrl>#line-4186F0-4000-nodesc</styleUrl>
        <LineString>
          <tessellate>1</tessellate>
          <coordinates>
            -0.214262,51.614151,0
            -0.214195,51.614204,0
            -0.21417,51.614285,0
            -0.21417,51.614355,0
            -0.214201,51.614418,0
            -0.214235,51.614478,0
            -0.214271,51.614552,0
            -0.214334,51.614623,0
            -0.214545,51.6148,0
            -0.213938,51.61478,0
          </coordinates>
        </LineString>
      </Placemark>
      <Placemark>
        <name>Line 59</name>
        <styleUrl>#line-4186F0-4000-nodesc</styleUrl>
        <LineString>
          <tessellate>1</tessellate>
          <coordinates>
            -0.213938,51.61478,0
            -0.213952,51.614812,0
            -0.213946,51.614996,0
          </coordinates>
        </LineString>
      </Placemark>
      <Placemark>
        <name>Line 60</name>
        <styleUrl>#line-4186F0-4000-nodesc</styleUrl>
        <LineString>
          <tessellate>1</tessellate>
          <coordinates>
            -0.213946,51.614996,0
            -0.213768,51.615018,0
            -0.213573,51.615018,0
            -0.213398,51.615018,0
            -0.213296,51.615029,0
            -0.213166,51.61503,0
            -0.213079,51.615025,0
            -0.212977,51.615013,0
            -0.212859,51.615002,0
            -0.21272,51.61496,0
            -0.21263,51.614934,0
            -0.212528,51.614904,0
            -0.212458,51.614885,0
            -0.212373,51.614883,0
            -0.21228,51.614878,0
            -0.212212,51.614878,0
            -0.212156,51.614878,0
            -0.212093,51.614883,0
            -0.211988,51.614892,0
          </coordinates>
        </LineString>
      </Placemark>
      <Placemark>
        <name>Line 61</name>
        <styleUrl>#line-4186F0-4000-nodesc</styleUrl>
        <LineString>
          <tessellate>1</tessellate>
          <coordinates>
            -0.208517,51.6045104,0
            -0.208653,51.6045314,0
            -0.209285,51.6044194,0
            -0.209466,51.6044084,0
            -0.209827,51.6044474,0
            -0.210318,51.6045134,0
            -0.210629,51.6045494,0
            -0.2109,51.6045204,0
            -0.21125,51.6044854,0
            -0.211538,51.6044894,0
            -0.211708,51.6045174,0
            -0.21199,51.6045104,0
            -0.212097,51.6044854,0
            -0.212261,51.6044824,0
            -0.212425,51.6044474,0
            -0.21446,51.6041874,0
            -0.216152,51.6039704,0
            -0.216186,51.6038184,0
            -0.216203,51.6036184,0
            -0.216163,51.6035414,0
            -0.21609,51.6034474,0
            -0.2161122,51.6033504,0
            -0.21613,51.6032434,0
            -0.2161084,51.6031228,0
            -0.216045,51.6028614,0
            -0.2160728,51.6026959,0
            -0.216022,51.6025524,0
            -0.216039,51.6023624,0
            -0.21622,51.6021764,0
            -0.216496,51.6019834,0
            -0.216581,51.6018784,0
            -0.216621,51.6017414,0
            -0.2168046,51.6016468,0
            -0.2168913,51.6015606,0
            -0.216937,51.6015234,0
            -0.2172121,51.6010604,0
            -0.217311,51.6008694,0
            -0.217565,51.6007074,0
            -0.217808,51.6005534,0
            -0.217616,51.6005144,0
            -0.217204,51.6005814,0
            -0.216848,51.6006334,0
            -0.216481,51.6006864,0
            -0.216193,51.6007004,0
            -0.215916,51.6007674,0
            -0.215668,51.6008584,0
            -0.215453,51.6009914,0
            -0.215109,51.6011874,0
            -0.214708,51.6014194,0
            -0.214561,51.6015074,0
            -0.213502,51.6019664,0
            -0.213349,51.6020434,0
            -0.213078,51.6021144,0
            -0.212824,51.6021774,0
            -0.212677,51.6021874,0
            -0.212638,51.6022754,0
            -0.212519,51.6022824,0
            -0.212275,51.6023514,0
            -0.212162,51.6023274,0
            -0.212134,51.6022634,0
            -0.212055,51.6022074,0
            -0.211936,51.6021554,0
            -0.211897,51.6020574,0
            -0.211807,51.6018644,0
            -0.21166,51.6016714,0
            -0.211468,51.6013594,0
            -0.211321,51.6011344,0
            -0.211163,51.6009804,0
            -0.211044,51.6008254,0
            -0.210827,51.6007264,0
          </coordinates>
        </LineString>
      </Placemark>
      <Placemark>
        <name>Line 63</name>
        <styleUrl>#line-4186F0-4000-nodesc</styleUrl>
        <LineString>
          <tessellate>1</tessellate>
          <coordinates>
            -0.237004,51.601806,0
            -0.237214,51.601906,0
            -0.237392,51.602019,0
            -0.237512,51.602112,0
            -0.237615,51.602209,0
            -0.237981,51.602619,0
            -0.238313,51.602996,0
            -0.238637,51.603312,0
            -0.23904,51.603694,0
          </coordinates>
        </LineString>
      </Placemark>
      <Placemark>
        <name>Line 64</name>
        <styleUrl>#line-4186F0-4000-nodesc</styleUrl>
        <LineString>
          <tessellate>1</tessellate>
          <coordinates>
            -0.23904,51.603694,0
            -0.239228,51.603874,0
            -0.239493,51.604118,0
            -0.239674,51.604299,0
            -0.240181,51.604798,0
            -0.24014,51.604818,0
            -0.240167,51.604843,0
            -0.240215,51.604826,0
            -0.240276,51.604886,0
            -0.240328,51.604936,0
          </coordinates>
        </LineString>
      </Placemark>
      <Placemark>
        <name>Line 67</name>
        <styleUrl>#line-4186F0-4000-nodesc</styleUrl>
        <LineString>
          <tessellate>1</tessellate>
          <coordinates>
            -0.240328,51.604936,0
            -0.240846,51.604739,0
            -0.240782,51.604654,0
            -0.240836,51.604636,0
            -0.240851,51.604632,0
            -0.240979,51.604672,0
          </coordinates>
        </LineString>
      </Placemark>
      <Placemark>
        <name>Line 68</name>
        <styleUrl>#line-4186F0-4000-nodesc</styleUrl>
        <LineString>
          <tessellate>1</tessellate>
          <coordinates>
            -0.240979,51.604672,0
            -0.241027,51.60473,0
          </coordinates>
        </LineString>
      </Placemark>
      <Placemark>
        <name>Line 69</name>
        <styleUrl>#line-4186F0-4000-nodesc</styleUrl>
        <LineString>
          <tessellate>1</tessellate>
          <coordinates>
            -0.241027,51.60473,0
            -0.240993,51.604772,0
            -0.241124,51.604936,0
            -0.2412,51.605036,0
            -0.241134,51.605057,0
            -0.240854,51.604762,0
            -0.240342,51.604956,0
          </coordinates>
        </LineString>
      </Placemark>
      <Placemark>
        <name>Line 70</name>
        <styleUrl>#line-4186F0-4000-nodesc</styleUrl>
        <LineString>
          <tessellate>1</tessellate>
          <coordinates>
            -0.240342,51.604956,0
            -0.240298,51.604974,0
            -0.240511,51.605183,0
            -0.240661,51.605329,0
            -0.241014,51.605684,0
            -0.241242,51.605942,0
            -0.24163,51.606334,0
            -0.242066,51.606762,0
            -0.242547,51.607255,0
            -0.242923,51.607643,0
            -0.243136,51.607852,0
            -0.242996,51.6079,0
            -0.242952,51.607906,0
            -0.242937,51.608028,0
            -0.242961,51.608049,0
            -0.242516,51.608209,0
            -0.242444,51.60824,0
            -0.242355,51.608137,0
            -0.242135,51.608206,0
            -0.241694,51.608112,0
            -0.24142,51.608032,0
            -0.241007,51.607832,0
          </coordinates>
        </LineString>
      </Placemark>
      <Placemark>
        <name>Line 71</name>
        <styleUrl>#line-4186F0-4000-nodesc</styleUrl>
        <LineString>
          <tessellate>1</tessellate>
          <coordinates>
            -0.2410016,51.6078237,0
            -0.2407606,51.6075962,0
            -0.2408459,51.6078447,0
            -0.2409472,51.607985,0
            -0.2408766,51.6080117,0
          </coordinates>
        </LineString>
      </Placemark>
      <Placemark>
        <name>Line 72</name>
        <styleUrl>#line-4186F0-4000-nodesc</styleUrl>
        <LineString>
          <tessellate>1</tessellate>
          <coordinates>
            -0.240882,51.60802,0
            -0.241043,51.608082,0
            -0.241238,51.608206,0
            -0.241461,51.608384,0
            -0.241644,51.608557,0
            -0.241879,51.608759,0
            -0.242045,51.608897,0
            -0.242113,51.608864,0
            -0.24224,51.608815,0
            -0.242319,51.608798,0
            -0.242388,51.608795,0
            -0.242498,51.6088,0
            -0.242607,51.608802,0
            -0.242631,51.608763,0
            -0.242679,51.608711,0
            -0.242725,51.608634,0
          </coordinates>
        </LineString>
      </Placemark>
      <Placemark>
        <name>Line 73</name>
        <styleUrl>#line-4186F0-4000-nodesc</styleUrl>
        <LineString>
          <tessellate>1</tessellate>
          <coordinates>
            -0.242725,51.608634,0
            -0.243022,51.6087,0
            -0.243234,51.608774,0
            -0.243482,51.608893,0
            -0.243764,51.609019,0
            -0.243941,51.609125,0
            -0.244162,51.609248,0
            -0.244243,51.609344,0
          </coordinates>
        </LineString>
      </Placemark>
      <Placemark>
        <name>Line 74</name>
        <styleUrl>#line-4186F0-4000-nodesc</styleUrl>
        <LineString>
          <tessellate>1</tessellate>
          <coordinates>
            -0.244243,51.609344,0
            -0.244422,51.609387,0
            -0.244566,51.609413,0
            -0.244659,51.609434,0
            -0.244707,51.609438,0
            -0.244718,51.609424,0
            -0.244718,51.609404,0
          </coordinates>
        </LineString>
      </Placemark>
      <Placemark>
        <name>Line 75</name>
        <styleUrl>#line-4186F0-4000-nodesc</styleUrl>
        <LineString>
          <tessellate>1</tessellate>
          <coordinates>
            -0.244718,51.609404,0
            -0.24474,51.609443,0
            -0.244911,51.60961,0
            -0.245708,51.610394,0
            -0.2466,51.611319,0
            -0.246725,51.611433,0
            -0.247137,51.611834,0
            -0.247676,51.612364,0
            -0.248173,51.612907,0
            -0.248336,51.613067,0
            -0.248402,51.613121,0
          </coordinates>
        </LineString>
      </Placemark>
      <Placemark>
        <name>Line 76</name>
        <styleUrl>#line-4186F0-4000-nodesc</styleUrl>
        <LineString>
          <tessellate>1</tessellate>
          <coordinates>
            -0.248402,51.613121,0
            -0.248889,51.612971,0
            -0.249583,51.613732,0
            -0.249905,51.613631,0
          </coordinates>
        </LineString>
      </Placemark>
      <Placemark>
        <name>Line 77</name>
        <styleUrl>#line-4186F0-4000-nodesc</styleUrl>
        <LineString>
          <tessellate>1</tessellate>
          <coordinates>
            -0.249905,51.613631,0
            -0.24967,51.613372,0
            -0.248489,51.612198,0
            -0.247834,51.61151,0
            -0.247964,51.611454,0
            -0.24806,51.611457,0
            -0.248173,51.611513,0
            -0.248371,51.611559,0
            -0.24854,51.611604,0
            -0.248772,51.611629,0
            -0.248958,51.611639,0
          </coordinates>
        </LineString>
      </Placemark>
      <Placemark>
        <name>Line 78</name>
        <styleUrl>#line-4186F0-4000-nodesc</styleUrl>
        <LineString>
          <tessellate>1</tessellate>
          <coordinates>
            -0.248958,51.611639,0
            -0.249284,51.612076,0
            -0.249352,51.612194,0
            -0.249329,51.612224,0
          </coordinates>
        </LineString>
      </Placemark>
      <Placemark>
        <name>Line 79</name>
        <styleUrl>#line-4186F0-4000-nodesc</styleUrl>
        <LineString>
          <tessellate>1</tessellate>
          <coordinates>
            -0.249329,51.612224,0
            -0.249645,51.612328,0
          </coordinates>
        </LineString>
      </Placemark>
      <Placemark>
        <name>Line 81</name>
        <styleUrl>#line-4186F0-4000-nodesc</styleUrl>
        <LineString>
          <tessellate>1</tessellate>
          <coordinates>
            -0.249911,51.612451,0
            -0.250032,51.611815,0
            -0.249857,51.611769,0
            -0.249702,51.611736,0
            -0.249631,51.611727,0
            -0.249592,51.611725,0
            -0.249484,51.611731,0
            -0.249354,51.611746,0
            -0.249219,51.611764,0
            -0.249645,51.612328,0
          </coordinates>
        </LineString>
      </Placemark>
      <Placemark>
        <name>Line 82</name>
        <styleUrl>#line-4186F0-4000-nodesc</styleUrl>
        <LineString>
          <tessellate>1</tessellate>
          <coordinates>
            -0.249911,51.612451,0
            -0.250603,51.612509,0
            -0.251221,51.612813,0
            -0.25185,51.613159,0
            -0.251709,51.613425,0
            -0.251647,51.613401,0
            -0.251687,51.613366,0
            -0.250625,51.612818,0
            -0.250405,51.612724,0
            -0.250179,51.612678,0
            -0.24991,51.612671,0
          </coordinates>
        </LineString>
      </Placemark>
      <Placemark>
        <name>Line 83</name>
        <styleUrl>#line-4186F0-4000-nodesc</styleUrl>
        <LineString>
          <tessellate>1</tessellate>
          <coordinates>
            -0.24991,51.612671,0
            -0.250253,51.613178,0
            -0.250279,51.613182,0
            -0.250307,51.613152,0
            -0.250364,51.613173,0
            -0.250451,51.61314,0
            -0.250544,51.613189,0
            -0.250527,51.613224,0
            -0.250581,51.613364,0
            -0.250603,51.613396,0
            -0.250544,51.613402,0
            -0.250505,51.613376,0
            -0.250448,51.613357,0
            -0.250383,51.613373,0
            -0.250383,51.613404,0
          </coordinates>
        </LineString>
      </Placemark>
      <Placemark>
        <name>Line 85</name>
        <styleUrl>#line-4186F0-4000-nodesc</styleUrl>
        <LineString>
          <tessellate>1</tessellate>
          <coordinates>
            -0.250383,51.613404,0
            -0.250412,51.613418,0
            -0.250526,51.613611,0
          </coordinates>
        </LineString>
      </Placemark>
      <Placemark>
        <name>Line 88</name>
        <styleUrl>#line-4186F0-4000-nodesc</styleUrl>
        <LineString>
          <tessellate>1</tessellate>
          <coordinates>
            -0.250322,51.61381,0
            -0.250202,51.61378,0
            -0.250127,51.61376,0
            -0.250054,51.613742,0
            -0.250003,51.613752,0
            -0.249637,51.613891,0
            -0.249854,51.614117,0
            -0.249459,51.61424,0
            -0.249247,51.614035,0
          </coordinates>
        </LineString>
      </Placemark>
      <Placemark>
        <name>Line 89</name>
        <styleUrl>#line-4186F0-4000-nodesc</styleUrl>
        <LineString>
          <tessellate>1</tessellate>
          <coordinates>
            -0.249247,51.614035,0
            -0.248559,51.614253,0
            -0.248866,51.61449,0
            -0.249245,51.61483,0
            -0.249981,51.615595,0
            -0.250694,51.616367,0
            -0.250796,51.616507,0
          </coordinates>
        </LineString>
      </Placemark>
      <Placemark>
        <name>Line 90</name>
        <styleUrl>#line-4186F0-4000-nodesc</styleUrl>
        <LineString>
          <tessellate>1</tessellate>
          <coordinates>
            -0.253036,51.618714,0
            -0.252468,51.618153,0
            -0.252044,51.617706,0
            -0.250746,51.616428,0
          </coordinates>
        </LineString>
      </Placemark>
      <Placemark>
        <name>Line 91</name>
        <styleUrl>#line-4186F0-4000-nodesc</styleUrl>
        <LineString>
          <tessellate>1</tessellate>
          <coordinates>
            -0.253036,51.618714,0
            -0.253584,51.618511,0
            -0.253223,51.618128,0
            -0.25322,51.618114,0
            -0.253228,51.618101,0
            -0.253739,51.617601,0
            -0.253901,51.61748,0
          </coordinates>
        </LineString>
      </Placemark>
      <Placemark>
        <name>Line 93</name>
        <styleUrl>#line-4186F0-4000-nodesc</styleUrl>
        <LineString>
          <tessellate>1</tessellate>
          <coordinates>
            -0.253941,51.617505,0
            -0.253844,51.617564,0
            -0.253782,51.617621,0
            -0.253708,51.61769,0
            -0.253513,51.617877,0
            -0.25328,51.618102,0
            -0.253256,51.61812,0
            -0.253264,51.618137,0
            -0.253287,51.618159,0
            -0.253713,51.618601,0
            -0.254171,51.61913,0
          </coordinates>
        </LineString>
      </Placemark>
      <Placemark>
        <name>Line 97</name>
        <styleUrl>#line-4186F0-4000-nodesc</styleUrl>
        <LineString>
          <tessellate>1</tessellate>
          <coordinates>
            -0.254171,51.61913,0
            -0.254227,51.619156,0
            -0.254829,51.619859,0
            -0.254984,51.620008,0
            -0.255086,51.620092,0
            -0.255182,51.62017,0
            -0.25528,51.620211,0
            -0.255351,51.620253,0
            -0.255447,51.620341,0
            -0.255641,51.620512,0
          </coordinates>
        </LineString>
      </Placemark>
      <Placemark>
        <name>Line 99</name>
        <styleUrl>#line-4186F0-4000-nodesc</styleUrl>
        <LineString>
          <tessellate>1</tessellate>
          <coordinates>
            -0.255759,51.620673,0
            -0.25641,51.621373,0
          </coordinates>
        </LineString>
      </Placemark>
      <Placemark>
        <name>Line 100</name>
        <styleUrl>#line-4186F0-4000-nodesc</styleUrl>
        <LineString>
          <tessellate>1</tessellate>
          <coordinates>
            -0.25641,51.621373,0
            -0.258017,51.62141,0
          </coordinates>
        </LineString>
      </Placemark>
      <Placemark>
        <name>Line 102</name>
        <styleUrl>#line-4186F0-4000-nodesc</styleUrl>
        <LineString>
          <tessellate>1</tessellate>
          <coordinates>
            -0.258134,51.621619,0
            -0.257109,51.621575,0
            -0.256663,51.621575,0
            -0.256625,51.621578,0
            -0.25663,51.621592,0
            -0.256733,51.621671,0
            -0.25685,51.621808,0
            -0.256892,51.621877,0
            -0.256905,51.621935,0
            -0.256775,51.622327,0
            -0.256818,51.622333,0
            -0.256816,51.622341,0
            -0.256833,51.622345,0
          </coordinates>
        </LineString>
      </Placemark>
    </Folder>
    <Folder>
      <name>Crossing Points</name>
      <Placemark>
        <name>LINK 1</name>
        <styleUrl>#line-3F5BA9-4000-nodesc</styleUrl>
        <LineString>
          <tessellate>1</tessellate>
          <coordinates>
            -0.165873,51.58482,0
            -0.166,51.584735,0
          </coordinates>
        </LineString>
      </Placemark>
      <Placemark>
        <name>LINK A</name>
        <styleUrl>#line-3F5BA9-6000-nodesc</styleUrl>
        <LineString>
          <tessellate>1</tessellate>
          <coordinates>
            -0.258017,51.62141,0
            -0.258134,51.621619,0
          </coordinates>
        </LineString>
      </Placemark>
      <Placemark>
        <name>LINK B</name>
        <styleUrl>#line-3F5BA9-6000-nodesc</styleUrl>
        <LineString>
          <tessellate>1</tessellate>
          <coordinates>
            -0.253901,51.61748,0
            -0.253941,51.617505,0
          </coordinates>
        </LineString>
      </Placemark>
      <Placemark>
        <name>LINK C</name>
        <styleUrl>#line-3F5BA9-6000-nodesc</styleUrl>
        <LineString>
          <tessellate>1</tessellate>
          <coordinates>
            -0.250526,51.613611,0
            -0.250322,51.61381,0
          </coordinates>
        </LineString>
      </Placemark>
      <Placemark>
        <name>LINK D</name>
        <styleUrl>#line-3F5BA9-6000-nodesc</styleUrl>
        <LineString>
          <tessellate>1</tessellate>
          <coordinates>
            -0.255641,51.620512,0
            -0.255759,51.620673,0
          </coordinates>
        </LineString>
      </Placemark>
      <Placemark>
        <name>LINK E1</name>
        <styleUrl>#line-3F5BA9-6000-nodesc</styleUrl>
        <LineString>
          <tessellate>1</tessellate>
          <coordinates>
            -0.283848,51.622974,0
            -0.284003,51.622764,0
          </coordinates>
        </LineString>
      </Placemark>
      <Placemark>
        <name>LINK E9</name>
        <styleUrl>#line-3F5BA9-6000-nodesc</styleUrl>
        <LineString>
          <tessellate>1</tessellate>
          <coordinates>
            -0.280897,51.612742,0
            -0.280992,51.612612,0
          </coordinates>
        </LineString>
      </Placemark>
      <Placemark>
        <name>LINK E3</name>
        <styleUrl>#line-3F5BA9-6000-nodesc</styleUrl>
        <LineString>
          <tessellate>1</tessellate>
          <coordinates>
            -0.285075,51.619285,0
            -0.284952,51.619236,0
          </coordinates>
        </LineString>
      </Placemark>
      <Placemark>
        <name>LINK E4</name>
        <styleUrl>#line-3F5BA9-6000-nodesc</styleUrl>
        <LineString>
          <tessellate>1</tessellate>
          <coordinates>
            -0.287328,51.61803,0
            -0.28731,51.617906,0
          </coordinates>
        </LineString>
      </Placemark>
      <Placemark>
        <name>LINK E9</name>
        <styleUrl>#line-3F5BA9-6000-nodesc</styleUrl>
        <LineString>
          <tessellate>1</tessellate>
          <coordinates>
            -0.281883,51.613256,0
            -0.28181,51.6132,0
          </coordinates>
        </LineString>
      </Placemark>
      <Placemark>
        <name>LINK E8</name>
        <styleUrl>#line-3F5BA9-6000-nodesc</styleUrl>
        <LineString>
          <tessellate>1</tessellate>
          <coordinates>
            -0.282078,51.614166,0
            -0.282074,51.614041,0
          </coordinates>
        </LineString>
      </Placemark>
      <Placemark>
        <name>LINK E7</name>
        <styleUrl>#line-3F5BA9-6000-nodesc</styleUrl>
        <LineString>
          <tessellate>1</tessellate>
          <coordinates>
            -0.285763,51.621603,0
            -0.285723,51.621499,0
          </coordinates>
        </LineString>
      </Placemark>
      <Placemark>
        <name>LINK E6</name>
        <styleUrl>#line-3F5BA9-6000-nodesc</styleUrl>
        <LineString>
          <tessellate>1</tessellate>
          <coordinates>
            -0.284253,51.614983,0
            -0.283923,51.614785,0
          </coordinates>
        </LineString>
      </Placemark>
      <Placemark>
        <name>LINK E5</name>
        <styleUrl>#line-3F5BA9-6000-nodesc</styleUrl>
        <LineString>
          <tessellate>1</tessellate>
          <coordinates>
            -0.285957,51.616296,0
            -0.285854,51.616226,0
          </coordinates>
        </LineString>
      </Placemark>
      <Placemark>
        <name>LINK 2</name>
        <styleUrl>#line-3F5BA9-4000-nodesc</styleUrl>
        <LineString>
          <tessellate>1</tessellate>
          <coordinates>
            -0.236034,51.601451,0
            -0.235305,51.601456,0
            -0.23487,51.601406,0
            -0.234175,51.601253,0
            -0.2331,51.600963,0
            -0.231734,51.600595,0
            -0.231881,51.600635,0
          </coordinates>
        </LineString>
      </Placemark>
      <Placemark>
        <name>LINK 3</name>
        <styleUrl>#line-3F5BA9-4000-nodesc</styleUrl>
        <LineString>
          <tessellate>1</tessellate>
          <coordinates>
            -0.216878,51.60719,0
            -0.216979,51.607405,0
          </coordinates>
        </LineString>
      </Placemark>
      <Placemark>
        <name>LINK 4</name>
        <styleUrl>#line-3F5BA9-4000-nodesc</styleUrl>
        <LineString>
          <tessellate>1</tessellate>
          <coordinates>
            -0.208513,51.604937,0
            -0.208248,51.60511,0
          </coordinates>
        </LineString>
      </Placemark>
      <Placemark>
        <name>LINK 5</name>
        <styleUrl>#line-3F5BA9-4000-nodesc</styleUrl>
        <LineString>
          <tessellate>1</tessellate>
          <coordinates>
            -0.218837,51.598592,0
            -0.218761,51.598577,0
          </coordinates>
        </LineString>
      </Placemark>
      <Placemark>
        <name>LINK 6</name>
        <styleUrl>#line-3F5BA9-4000-nodesc</styleUrl>
        <LineString>
          <tessellate>1</tessellate>
          <coordinates>
            -0.221536,51.597902,0
            -0.22139,51.597832,0
          </coordinates>
        </LineString>
      </Placemark>
      <Placemark>
        <name>LINK 7</name>
        <styleUrl>#line-3F5BA9-4000-nodesc</styleUrl>
        <LineString>
          <tessellate>1</tessellate>
          <coordinates>
            -0.225359,51.599464,0
            -0.225198,51.599418,0
          </coordinates>
        </LineString>
      </Placemark>
      <Placemark>
        <name>Line 22</name>
        <styleUrl>#line-3F5BA9-4000-nodesc</styleUrl>
        <LineString>
          <tessellate>1</tessellate>
          <coordinates>
            -0.214885,51.613084,0
            -0.214455,51.613277,0
            -0.214468,51.613756,0
          </coordinates>
        </LineString>
      </Placemark>
      <Placemark>
        <name>Line 21</name>
        <styleUrl>#line-3F5BA9-4000-nodesc</styleUrl>
        <LineString>
          <tessellate>1</tessellate>
          <coordinates>
            -0.215701,51.611403,0
            -0.215694,51.61142,0
          </coordinates>
        </LineString>
      </Placemark>
      <Placemark>
        <name>Line 20</name>
        <styleUrl>#line-3F5BA9-4000-nodesc</styleUrl>
        <LineString>
          <tessellate>1</tessellate>
          <coordinates>
            -0.221009,51.608073,0
            -0.221207,51.608163,0
          </coordinates>
        </LineString>
      </Placemark>
      <Placemark>
        <name>Line 19</name>
        <styleUrl>#line-3F5BA9-4000-nodesc</styleUrl>
        <LineString>
          <tessellate>1</tessellate>
          <coordinates>
            -0.216979,51.607405,0
            -0.21688,51.60736,0
          </coordinates>
        </LineString>
      </Placemark>
      <Placemark>
        <name>Line 17</name>
        <styleUrl>#line-3F5BA9-4000-nodesc</styleUrl>
        <LineString>
          <tessellate>1</tessellate>
          <coordinates>
            -0.208837,51.607955,0
            -0.2094,51.608118,0
          </coordinates>
        </LineString>
      </Placemark>
      <Placemark>
        <name>Line 16</name>
        <styleUrl>#line-3F5BA9-4000-nodesc</styleUrl>
        <LineString>
          <tessellate>1</tessellate>
          <coordinates>
            -0.206712,51.607089,0
            -0.206822,51.60713,0
          </coordinates>
        </LineString>
      </Placemark>
      <Placemark>
        <name>Line 15</name>
        <styleUrl>#line-3F5BA9-4000-nodesc</styleUrl>
        <LineString>
          <tessellate>1</tessellate>
          <coordinates>
            -0.201745,51.605013,0
            -0.201842,51.605056,0
          </coordinates>
        </LineString>
      </Placemark>
      <Placemark>
        <name>Line 14</name>
        <styleUrl>#line-3F5BA9-4000-nodesc</styleUrl>
        <LineString>
          <tessellate>1</tessellate>
          <coordinates>
            -0.198116,51.603367,0
            -0.198202,51.603409,0
          </coordinates>
        </LineString>
      </Placemark>
      <Placemark>
        <name>Line 13</name>
        <styleUrl>#line-3F5BA9-4000-nodesc</styleUrl>
        <LineString>
          <tessellate>1</tessellate>
          <coordinates>
            -0.196816,51.602155,0
            -0.196846,51.602173,0
          </coordinates>
        </LineString>
      </Placemark>
      <Placemark>
        <name>Line 12</name>
        <styleUrl>#line-3F5BA9-4000-nodesc</styleUrl>
        <LineString>
          <tessellate>1</tessellate>
          <coordinates>
            -0.18562,51.597876,0
            -0.185707,51.597929,0
          </coordinates>
        </LineString>
      </Placemark>
      <Placemark>
        <name>Line 13</name>
        <styleUrl>#line-3F5BA9-4000-nodesc</styleUrl>
        <LineString>
          <tessellate>1</tessellate>
          <coordinates>
            -0.19372,51.601182,0
            -0.193896,51.601252,0
          </coordinates>
        </LineString>
      </Placemark>
      <Placemark>
        <name>Line 11</name>
        <styleUrl>#line-3F5BA9-4000-nodesc</styleUrl>
        <LineString>
          <tessellate>1</tessellate>
          <coordinates>
            -0.181626,51.596146,0
            -0.181666,51.596171,0
          </coordinates>
        </LineString>
      </Placemark>
      <Placemark>
        <name>Line 10</name>
        <styleUrl>#line-3F5BA9-4000-nodesc</styleUrl>
        <LineString>
          <tessellate>1</tessellate>
          <coordinates>
            -0.18393,51.594574,0
            -0.184193,51.594768,0
          </coordinates>
        </LineString>
      </Placemark>
      <Placemark>
        <name>Line 9</name>
        <styleUrl>#line-3F5BA9-4000-nodesc</styleUrl>
        <LineString>
          <tessellate>1</tessellate>
          <coordinates>
            -0.167749,51.638768,0
            -0.167646,51.638704,0
          </coordinates>
        </LineString>
      </Placemark>
      <Placemark>
        <name>Line 8</name>
        <styleUrl>#line-3F5BA9-4000-nodesc</styleUrl>
        <LineString>
          <tessellate>1</tessellate>
          <coordinates>
            -0.168464,51.639075,0
            -0.167788,51.63875,0
            -0.167776,51.638752,0
            -0.167749,51.638768,0
          </coordinates>
        </LineString>
      </Placemark>
      <Placemark>
        <name>Line 7</name>
        <styleUrl>#line-3F5BA9-4000-nodesc</styleUrl>
        <LineString>
          <tessellate>1</tessellate>
          <coordinates>
            -0.168577,51.638992,0
            -0.168464,51.639075,0
          </coordinates>
        </LineString>
      </Placemark>
      <Placemark>
        <name>Line 6</name>
        <styleUrl>#line-3F5BA9-4000-nodesc</styleUrl>
        <LineString>
          <tessellate>1</tessellate>
          <coordinates>
            -0.168577,51.638992,0
            -0.16863,51.638947,0
            -0.16881,51.639036,0
            -0.168926,51.639072,0
            -0.169092,51.6391,0
            -0.169199,51.639102,0
            -0.169374,51.639104,0
            -0.169462,51.639096,0
            -0.169701,51.63903,0
            -0.169883,51.638977,0
            -0.169964,51.638936,0
            -0.170184,51.638942,0
            -0.170189,51.638921,0
            -0.170267,51.638922,0
            -0.170291,51.638854,0
            -0.170414,51.638851,0
            -0.170508,51.638954,0
            -0.170559,51.639011,0
            -0.170511,51.639107,0
            -0.170444,51.63914,0
            -0.170272,51.639204,0
            -0.170406,51.639327,0
            -0.170323,51.639408,0
            -0.170157,51.63949,0
            -0.169964,51.639583,0
            -0.169746,51.639673,0
            -0.169612,51.639735,0
            -0.169687,51.639805,0
            -0.169829,51.639919,0
            -0.169961,51.639981,0
          </coordinates>
        </LineString>
      </Placemark>
      <Placemark>
        <name>Line 5</name>
        <styleUrl>#line-3F5BA9-4000-nodesc</styleUrl>
        <LineString>
          <tessellate>1</tessellate>
          <coordinates>
            -0.178903,51.639992,0
            -0.178559,51.639883,0
            -0.177952,51.639711,0
            -0.177535,51.639601,0
            -0.177287,51.63954,0
            -0.17731,51.639502,0
            -0.177183,51.639477,0
            -0.177164,51.639502,0
            -0.176995,51.639449,0
            -0.176668,51.639358,0
            -0.17669,51.639307,0
            -0.176373,51.639202,0
            -0.176381,51.639174,0
            -0.176102,51.639162,0
            -0.175327,51.639107,0
            -0.174661,51.639093,0
            -0.173859,51.63909,0
            -0.17363,51.639111,0
            -0.173267,51.639136,0
            -0.172832,51.639176,0
            -0.172357,51.639238,0
            -0.171747,51.639347,0
            -0.171042,51.639541,0
            -0.170641,51.639682,0
            -0.170126,51.639894,0
            -0.169961,51.639981,0
          </coordinates>
        </LineString>
      </Placemark>
      <Placemark>
        <name>Line 4</name>
        <styleUrl>#line-3F5BA9-4000-nodesc</styleUrl>
        <LineString>
          <tessellate>1</tessellate>
          <coordinates>
            -0.179812,51.639815,0
            -0.179893,51.639991,0
            -0.179963,51.640239,0
            -0.179813,51.640249,0
            -0.179834,51.640324,0
            -0.179217,51.640157,0
            -0.179295,51.640061,0
            -0.17952,51.640041,0
            -0.179512,51.639988,0
            -0.17956,51.639943,0
            -0.179434,51.639889,0
            -0.179491,51.639873,0
            -0.179472,51.639796,0
            -0.179408,51.639774,0
            -0.179316,51.639901,0
            -0.179212,51.640066,0
            -0.179185,51.640059,0
            -0.179177,51.640074,0
            -0.178903,51.639992,0
          </coordinates>
        </LineString>
      </Placemark>
      <Placemark>
        <name>Line 3</name>
        <styleUrl>#line-3F5BA9-4000-nodesc</styleUrl>
        <LineString>
          <tessellate>1</tessellate>
          <coordinates>
            -0.180062,51.639732,0
            -0.18004,51.639709,0
            -0.179782,51.639745,0
            -0.179812,51.639815,0
          </coordinates>
        </LineString>
      </Placemark>
      <Placemark>
        <name>Line 2</name>
        <styleUrl>#line-3F5BA9-4000-nodesc</styleUrl>
        <LineString>
          <tessellate>1</tessellate>
          <coordinates>
            -0.180647,51.639817,0
            -0.180104,51.63973,0
            -0.180062,51.639732,0
          </coordinates>
        </LineString>
      </Placemark>
      <Placemark>
        <name>LINK E2</name>
        <styleUrl>#line-3F5BA9-6000-nodesc</styleUrl>
        <LineString>
          <tessellate>1</tessellate>
          <coordinates>
            -0.284235,51.62013,0
            -0.284329,51.62002,0
          </coordinates>
        </LineString>
      </Placemark>
    </Folder>
    <Folder>
      <name>Borehamwood / Bushey Eruv</name>
      <Placemark>
        <name>Bushey Eruv Map</name>
        <styleUrl>#poly-009D57-4000-0-nodesc</styleUrl>
        <Polygon>
          <outerBoundaryIs>
            <LinearRing>
              <tessellate>1</tessellate>
              <coordinates>
                -0.349808,51.631226,0
                -0.349409,51.630778,0
                -0.34911,51.630892,0
                -0.348976,51.630762,0
                -0.348857,51.630655,0
                -0.348194,51.630044,0
                -0.347845,51.629778,0
                -0.347846,51.629514,0
                -0.347665,51.629696,0
                -0.347722,51.629914,0
                -0.347518,51.630027,0
                -0.346509,51.630447,0
                -0.346118,51.630595,0
                -0.345694,51.630617,0
                -0.34534,51.63077,0
                -0.34516,51.6306,0
                -0.345045,51.63043,0
                -0.345067,51.630347,0
                -0.344992,51.630269,0
                -0.344853,51.630344,0
                -0.34464,51.630377,0
                -0.344439,51.630457,0
                -0.34432,51.630481,0
                -0.344363,51.630565,0
                -0.344438,51.630649,0
                -0.344514,51.630633,0
                -0.344878,51.630597,0
                -0.345013,51.630853,0
                -0.344594,51.63099,0
                -0.344691,51.631208,0
                -0.343156,51.631612,0
                -0.341885,51.631805,0
                -0.341912,51.631696,0
                -0.341998,51.631522,0
                -0.341896,51.631309,0
                -0.341456,51.631383,0
                -0.341075,51.631622,0
                -0.341316,51.631912,0
                -0.34108,51.631979,0
                -0.340834,51.631554,0
                -0.340624,51.631256,0
                -0.34108,51.631128,0
                -0.341453,51.63104,0
                -0.341774,51.63095,0
                -0.341606,51.63075,0
                -0.341494,51.630673,0
                -0.34048,51.630943,0
                -0.340396,51.630858,0
                -0.340124,51.630942,0
                -0.340024,51.630833,0
                -0.339578,51.630432,0
                -0.3391,51.630045,0
                -0.338398,51.629401,0
                -0.338312,51.629195,0
                -0.337433,51.628902,0
                -0.337361,51.627958,0
                -0.338715,51.627127,0
                -0.340309,51.625398,0
                -0.335343,51.625192,0
                -0.328866,51.625146,0
                -0.329179,51.625938,0
                -0.329515,51.626804,0
                -0.331075,51.626856,0
                -0.332206,51.628133,0
                -0.335466,51.628752,0
                -0.334821,51.630325,0
                -0.334748,51.630546,0
                -0.334852,51.630697,0
                -0.33471,51.63107,0
                -0.335298,51.631221,0
                -0.335036,51.631535,0
                -0.334426,51.631897,0
                -0.333345,51.631689,0
                -0.333173,51.632025,0
                -0.333002,51.632029,0
                -0.333023,51.632448,0
                -0.333061,51.633304,0
                -0.333007,51.633723,0
                -0.332798,51.63414,0
                -0.332622,51.634646,0
                -0.333048,51.634786,0
                -0.333545,51.635,0
                -0.333369,51.635122,0
                -0.333,51.63543,0
                -0.332803,51.635312,0
                -0.33247,51.635147,0
                -0.332682,51.634855,0
                -0.332508,51.634782,0
                -0.331945,51.635345,0
                -0.331422,51.635799,0
                -0.331323,51.635914,0
                -0.331226,51.636067,0
                -0.331215,51.636204,0
                -0.331357,51.636234,0
                -0.331449,51.63628,0
                -0.331553,51.636357,0
                -0.331821,51.636554,0
                -0.331725,51.636587,0
                -0.332712,51.637419,0
                -0.332773,51.637533,0
                -0.332448,51.637714,0
                -0.331927,51.638009,0
                -0.331353,51.638284,0
                -0.331076,51.638395,0
                -0.330993,51.638433,0
                -0.330947,51.638483,0
                -0.330778,51.638673,0
                -0.330628,51.639135,0
                -0.330512,51.639611,0
                -0.330459,51.63982,0
                -0.330435,51.639926,0
                -0.330271,51.640006,0
                -0.329906,51.640076,0
                -0.329998,51.640469,0
                -0.329858,51.640512,0
                -0.329831,51.641534,0
                -0.329778,51.641537,0
                -0.329719,51.641604,0
                -0.329719,51.641694,0
                -0.329617,51.641714,0
                -0.329676,51.64178,0
                -0.329893,51.641799,0
                -0.330078,51.641923,0
                -0.330384,51.641887,0
                -0.330561,51.64195,0
                -0.33095,51.641902,0
                -0.331128,51.641859,0
                -0.331424,51.64171,0
                -0.331473,51.641674,0
                -0.331542,51.641674,0
                -0.331602,51.641594,0
                -0.332755,51.641095,0
                -0.333154,51.641311,0
                -0.333511,51.641507,0
                -0.334327,51.642015,0
                -0.335158,51.642593,0
                -0.336223,51.643277,0
                -0.336896,51.643005,0
                -0.337009,51.642719,0
                -0.33732,51.642706,0
                -0.337758,51.64258,0
                -0.338245,51.642514,0
                -0.338662,51.642514,0
                -0.338919,51.642503,0
                -0.339128,51.642486,0
                -0.339418,51.64231,0
                -0.339696,51.642453,0
                -0.339962,51.642552,0
                -0.340103,51.642496,0
                -0.340134,51.642518,0
                -0.340271,51.642562,0
                -0.340277,51.642628,0
                -0.34026,51.642746,0
                -0.340871,51.642609,0
                -0.341048,51.642469,0
                -0.342116,51.642862,0
                -0.342051,51.642912,0
                -0.341574,51.643185,0
                -0.341295,51.643407,0
                -0.341027,51.643578,0
                -0.341091,51.643801,0
                -0.341558,51.644042,0
                -0.341797,51.644173,0
                -0.341987,51.644287,0
                -0.342096,51.644309,0
                -0.342129,51.644424,0
                -0.342324,51.644434,0
                -0.342554,51.644354,0
                -0.342434,51.64423,0
                -0.34254,51.644174,0
                -0.343945,51.643512,0
                -0.344519,51.644024,0
                -0.344251,51.644063,0
                -0.344036,51.644149,0
                -0.343811,51.64428,0
                -0.343634,51.644377,0
                -0.343473,51.64435,0
                -0.343172,51.64445,0
                -0.343846,51.644926,0
                -0.344166,51.645204,0
                -0.344327,51.645353,0
                -0.344509,51.645507,0
                -0.34468,51.645469,0
                -0.344811,51.645359,0
                -0.344723,51.645229,0
                -0.344347,51.644806,0
                -0.344084,51.644605,0
                -0.343897,51.644517,0
                -0.344189,51.644448,0
                -0.344406,51.644384,0
                -0.344559,51.644317,0
                -0.344728,51.644234,0
                -0.344894,51.644563,0
                -0.34512,51.644843,0
                -0.345293,51.645122,0
                -0.345556,51.645078,0
                -0.345723,51.645314,0
                -0.346155,51.645892,0
                -0.346716,51.646947,0
                -0.346631,51.647031,0
                -0.346708,51.647105,0
                -0.34681,51.64755,0
                -0.346752,51.647613,0
                -0.346855,51.648177,0
                -0.347113,51.648163,0
                -0.347132,51.648984,0
                -0.347169,51.649144,0
                -0.34725,51.64931,0
                -0.3474,51.649436,0
                -0.347664,51.649946,0
                -0.348027,51.650608,0
                -0.348068,51.650679,0
                -0.348116,51.650728,0
                -0.348469,51.651094,0
                -0.348734,51.651368,0
                -0.348796,51.651434,0
                -0.348844,51.65148,0
                -0.349063,51.65179,0
                -0.349132,51.651936,0
                -0.349041,51.652126,0
                -0.349138,51.652179,0
                -0.349277,51.65218,0
                -0.34945,51.652173,0
                -0.34961,51.652136,0
                -0.349873,51.652186,0
                -0.35006,51.652352,0
                -0.350216,51.652558,0
                -0.350524,51.652881,0
                -0.350689,51.653029,0
                -0.35047,51.6531,0
                -0.350286,51.653162,0
                -0.350359,51.65325,0
                -0.350897,51.653118,0
                -0.350972,51.653124,0
                -0.351048,51.653247,0
                -0.351117,51.653304,0
                -0.351187,51.65337,0
                -0.351241,51.653447,0
                -0.351402,51.653564,0
                -0.35189,51.653407,0
                -0.351847,51.65336,0
                -0.35171,51.653046,0
                -0.352131,51.652905,0
                -0.352335,51.653108,0
                -0.352547,51.653312,0
                -0.352682,51.653388,0
                -0.352625,51.653477,0
                -0.352485,51.653683,0
                -0.352676,51.653863,0
                -0.352979,51.654159,0
                -0.353183,51.654099,0
                -0.353625,51.65391,0
                -0.353671,51.653733,0
                -0.353958,51.65365,0
                -0.3544,51.65375,0
                -0.354679,51.65383,0
                -0.354738,51.653963,0
                -0.355017,51.654279,0
                -0.35522,51.654525,0
                -0.354855,51.654628,0
                -0.354892,51.654644,0
                -0.354958,51.654612,0
                -0.35507,51.654594,0
                -0.35521,51.654582,0
                -0.355542,51.654445,0
                -0.355724,51.654362,0
                -0.355594,51.654234,0
                -0.355398,51.654046,0
                -0.35521,51.65388,0
                -0.355175,51.653832,0
                -0.355393,51.653807,0
                -0.355602,51.65378,0
                -0.355967,51.653677,0
                -0.35639,51.653497,0
                -0.356954,51.653191,0
                -0.357568,51.653008,0
                -0.358204,51.652745,0
                -0.358401,51.652663,0
                -0.358544,51.652552,0
                -0.359003,51.652262,0
                -0.35962,51.651706,0
                -0.36003,51.65122,0
                -0.360553,51.650834,0
                -0.360851,51.650643,0
                -0.360698,51.650551,0
                -0.36083,51.650452,0
                -0.360977,51.650546,0
                -0.361251,51.65036,0
                -0.361524,51.650351,0
                -0.361787,51.650202,0
                -0.364823,51.651633,0
                -0.365574,51.652056,0
                -0.365617,51.65246,0
                -0.365687,51.652469,0
                -0.365751,51.653095,0
                -0.366105,51.653803,0
                -0.366164,51.654046,0
                -0.3661,51.654372,0
                -0.366111,51.654486,0
                -0.366186,51.654692,0
                -0.366508,51.655084,0
                -0.36794,51.655897,0
                -0.369812,51.656516,0
                -0.370145,51.656299,0
                -0.371593,51.655464,0
                -0.372038,51.655246,0
                -0.372256,51.655137,0
                -0.37243,51.654995,0
                -0.372795,51.654822,0
                -0.373294,51.654585,0
                -0.374989,51.654056,0
                -0.375123,51.65389,0
                -0.375756,51.653777,0
                -0.376158,51.653357,0
                -0.376296,51.653358,0
                -0.376075,51.653619,0
                -0.375889,51.653842,0
                -0.376014,51.653919,0
                -0.3763,51.653968,0
                -0.376876,51.65407,0
                -0.377451,51.653786,0
                -0.377676,51.653484,0
                -0.377908,51.653104,0
                -0.378184,51.652754,0
                -0.378497,51.652786,0
                -0.37883,51.652365,0
                -0.378242,51.652206,0
                -0.377863,51.652132,0
                -0.377773,51.651973,0
                -0.377725,51.65177,0
                -0.37787,51.65164,0
                -0.377736,51.65145,0
                -0.377261,51.651171,0
                -0.377452,51.651038,0
                -0.377554,51.650968,0
                -0.378087,51.651369,0
                -0.378326,51.651114,0
                -0.378422,51.650971,0
                -0.377816,51.650748,0
                -0.378036,51.650545,0
                -0.378562,51.650754,0
                -0.378787,51.650512,0
                -0.379044,51.650265,0
                -0.379178,51.650129,0
                -0.379334,51.649932,0
                -0.379608,51.64948,0
                -0.379688,51.6494,0
                -0.379393,51.649273,0
                -0.378567,51.648917,0
                -0.379179,51.648344,0
                -0.378835,51.648196,0
                -0.378957,51.648075,0
                -0.378731,51.647939,0
                -0.378267,51.647707,0
                -0.378028,51.647846,0
                -0.37707,51.647466,0
                -0.377108,51.646754,0
                -0.377014,51.646739,0
                -0.377022,51.646604,0
                -0.37629,51.646547,0
                -0.375541,51.646457,0
                -0.374372,51.646286,0
                -0.373213,51.646108,0
                -0.371931,51.645835,0
                -0.371314,51.645762,0
                -0.370461,51.645668,0
                -0.370078,51.645611,0
                -0.369696,51.645534,0
                -0.368633,51.645338,0
                -0.368071,51.645267,0
                -0.367432,51.645187,0
                -0.367162,51.644976,0
                -0.366784,51.644861,0
                -0.366529,51.64481,0
                -0.366599,51.644424,0
                -0.366669,51.643788,0
                -0.366856,51.643839,0
                -0.367516,51.643861,0
                -0.36779,51.643804,0
                -0.367854,51.643528,0
                -0.367374,51.643521,0
                -0.36721,51.643605,0
                -0.366982,51.6436,0
                -0.36698,51.643242,0
                -0.366996,51.643195,0
                -0.367114,51.643192,0
                -0.367339,51.643205,0
                -0.367522,51.643235,0
                -0.367682,51.643358,0
                -0.367868,51.643448,0
                -0.368004,51.643312,0
                -0.368063,51.643205,0
                -0.367924,51.642972,0
                -0.367645,51.642879,0
                -0.367516,51.642899,0
                -0.367414,51.642889,0
                -0.367355,51.642842,0
                -0.36727,51.642846,0
                -0.36728,51.642972,0
                -0.367149,51.642962,0
                -0.367076,51.643,0
                -0.36695,51.643009,0
                -0.36683,51.643072,0
                -0.366808,51.643225,0
                -0.366803,51.643638,0
                -0.366663,51.643698,0
                -0.366567,51.643571,0
                -0.366518,51.643402,0
                -0.366486,51.643265,0
                -0.366559,51.642752,0
                -0.366089,51.642772,0
                -0.366014,51.642932,0
                -0.365966,51.643077,0
                -0.36602,51.643375,0
                -0.365982,51.643478,0
                -0.365912,51.643561,0
                -0.365859,51.643761,0
                -0.365859,51.643788,0
                -0.365832,51.643831,0
                -0.365826,51.643931,0
                -0.365794,51.644111,0
                -0.365596,51.644503,0
                -0.365499,51.644706,0
                -0.364931,51.644515,0
                -0.364872,51.64426,0
                -0.363788,51.64421,0
                -0.363356,51.64417,0
                -0.363284,51.644129,0
                -0.363305,51.64407,0
                -0.362849,51.644001,0
                -0.36275,51.644232,0
                -0.361572,51.643938,0
                -0.361358,51.643838,0
                -0.360982,51.643498,0
                -0.360323,51.642756,0
                -0.360006,51.642443,0
                -0.359539,51.642007,0
                -0.3591,51.641559,0
                -0.358654,51.641248,0
                -0.359067,51.641104,0
                -0.358987,51.640728,0
                -0.358708,51.640529,0
                -0.358418,51.640505,0
                -0.357978,51.640524,0
                -0.357968,51.640775,0
                -0.358193,51.640921,0
                -0.358204,51.640955,0
                -0.358268,51.640978,0
                -0.358316,51.640985,0
                -0.358354,51.640998,0
                -0.358526,51.640995,0
                -0.358493,51.641025,0
                -0.358284,51.641161,0
                -0.35771,51.640682,0
                -0.357978,51.640425,0
                -0.358013,51.640247,0
                -0.358016,51.640162,0
                -0.358542,51.640116,0
                -0.35899,51.640098,0
                -0.358999,51.640008,0
                -0.358982,51.639783,0
                -0.358847,51.639538,0
                -0.358619,51.639755,0
                -0.358161,51.63975,0
                -0.357903,51.63981,0
                -0.357651,51.639869,0
                -0.357362,51.640026,0
                -0.357238,51.639743,0
                -0.357126,51.639483,0
                -0.356691,51.63925,0
                -0.356291,51.638727,0
                -0.356106,51.638276,0
                -0.357321,51.638166,0
                -0.357934,51.638124,0
                -0.35846,51.638069,0
                -0.358665,51.638065,0
                -0.358638,51.637898,0
                -0.358627,51.637723,0
                -0.358642,51.63755,0
                -0.358678,51.637205,0
                -0.358751,51.636525,0
                -0.358649,51.636437,0
                -0.358699,51.63624,0
                -0.358357,51.636206,0
                -0.357921,51.636169,0
                -0.357343,51.636074,0
                -0.356632,51.635944,0
                -0.356083,51.635875,0
                -0.356048,51.635945,0
                -0.355132,51.635813,0
                -0.355162,51.635648,0
                -0.354137,51.63552,0
                -0.353773,51.635598,0
                -0.353537,51.635019,0
                -0.353429,51.634972,0
                -0.353284,51.634612,0
                -0.353118,51.634529,0
                -0.35293,51.634569,0
                -0.35278,51.634646,0
                -0.350436,51.636107,0
                -0.349873,51.635854,0
                -0.3499,51.635781,0
                -0.351015,51.635152,0
                -0.352517,51.634266,0
                -0.352668,51.633913,0
                -0.352517,51.633537,0
                -0.352094,51.633171,0
                -0.352528,51.633041,0
                -0.352426,51.632923,0
                -0.351997,51.632844,0
                -0.351799,51.632731,0
                -0.351514,51.632635,0
                -0.35145,51.632531,0
                -0.351318,51.632459,0
                -0.351208,51.63238,0
                -0.349808,51.631226,0
              </coordinates>
            </LinearRing>
          </outerBoundaryIs>
          <innerBoundaryIs>
            <LinearRing>
              <tessellate>1</tessellate>
              <coordinates>
                -0.3504291,51.6317603,0
                -0.3504331,51.6317587,0
                -0.349808,51.631226,0
                -0.3504291,51.6317603,0
              </coordinates>
            </LinearRing>
          </innerBoundaryIs>
          <innerBoundaryIs>
            <LinearRing>
              <tessellate>1</tessellate>
              <coordinates>
                -0.350227,51.631839,0
                -0.350756,51.63231,0
                -0.350952,51.63221,0
                -0.3504291,51.6317603,0
                -0.350227,51.631839,0
              </coordinates>
            </LinearRing>
          </innerBoundaryIs>
        </Polygon>
      </Placemark>
      <Placemark>
        <name>Borehamwood Eruv Boundary</name>
        <styleUrl>#poly-3F5BA9-4000-0-nodesc</styleUrl>
        <Polygon>
          <outerBoundaryIs>
            <LinearRing>
              <tessellate>1</tessellate>
              <coordinates>
                -0.29755,51.66845,0
                -0.29759,51.66816,0
                -0.28569,51.65836,0
                -0.28607,51.65822,0
                -0.28611,51.65814,0
                -0.28561,51.65762,0
                -0.28657,51.65719,0
                -0.28596,51.65659,0
                -0.28867,51.65553,0
                -0.28794,51.65456,0
                -0.28658,51.65176,0
                -0.28639,51.65169,0
                -0.286653,51.651645,0
                -0.286921,51.652031,0
                -0.28779,51.65184,0
                -0.28833,51.65179,0
                -0.28859,51.65168,0
                -0.28782,51.65113,0
                -0.28786,51.6511,0
                -0.28867,51.65169,0
                -0.28871,51.6518,0
                -0.28902,51.65186,0
                -0.2907,51.65171,0
                -0.29031,51.65104,0
                -0.28995,51.65108,0
                -0.28972,51.6509,0
                -0.28919,51.65111,0
                -0.28885,51.65121,0
                -0.28883,51.65118,0
                -0.28912,51.65106,0
                -0.28878,51.65069,0
                -0.289571,51.650327,0
                -0.288842,51.649688,0
                -0.288541,51.649182,0
                -0.288155,51.648769,0
                -0.28715,51.64907,0
                -0.28621,51.64813,0
                -0.28615,51.64803,0
                -0.28653,51.64784,0
                -0.286,51.64711,0
                -0.28491,51.64524,0
                -0.28443,51.6442,0
                -0.27935,51.6449,0
                -0.27819,51.64466,0
                -0.27813,51.64488,0
                -0.27828,51.64675,0
                -0.27758,51.64703,0
                -0.27672,51.64717,0
                -0.27698,51.64765,0
                -0.27737,51.6482,0
                -0.27833,51.65015,0
                -0.28042,51.65324,0
                -0.28013,51.65335,0
                -0.27896,51.65179,0
                -0.27846,51.65101,0
                -0.27595,51.64675,0
                -0.27466,51.64729,0
                -0.27286,51.64851,0
                -0.27267,51.64858,0
                -0.27174,51.64786,0
                -0.27131,51.64761,0
                -0.27074,51.64796,0
                -0.27043,51.64777,0
                -0.26988,51.64725,0
                -0.27075,51.64682,0
                -0.26975,51.64648,0
                -0.2678,51.64704,0
                -0.26722,51.64738,0
                -0.26554,51.64731,0
                -0.26471,51.64807,0
                -0.26435,51.64784,0
                -0.26381,51.64782,0
                -0.26307,51.64763,0
                -0.2627,51.6477,0
                -0.2613,51.64636,0
                -0.26159,51.64625,0
                -0.2616,51.64609,0
                -0.2613,51.64574,0
                -0.25701,51.64722,0
                -0.25611,51.64748,0
                -0.25602,51.64756,0
                -0.25625,51.64782,0
                -0.25606,51.64794,0
                -0.25559,51.6479,0
                -0.2554,51.64825,0
                -0.25222,51.64779,0
                -0.25202,51.64809,0
                -0.25171,51.64806,0
                -0.25135,51.64896,0
                -0.25037,51.65319,0
                -0.25107,51.6532,0
                -0.25114,51.65306,0
                -0.25167,51.65308,0
                -0.25168,51.65329,0
                -0.25194,51.65331,0
                -0.25198,51.65305,0
                -0.25314,51.65316,0
                -0.25389,51.65316,0
                -0.25375,51.65362,0
                -0.25339,51.65563,0
                -0.25388,51.65565,0
                -0.25377,51.65612,0
                -0.25389,51.65665,0
                -0.25423,51.65683,0
                -0.2539,51.65723,0
                -0.2528,51.65794,0
                -0.25223,51.65818,0
                -0.2528,51.6593,0
                -0.25319,51.65981,0
                -0.25406,51.66057,0
                -0.2543,51.66091,0
                -0.25498,51.66247,0
                -0.25633,51.66504,0
                -0.25632,51.6654,0
                -0.25619,51.66564,0
                -0.25513,51.66652,0
                -0.25607,51.66741,0
                -0.25663,51.66846,0
                -0.257031,51.668955,0
                -0.25715,51.66887,0
                -0.25832,51.66846,0
                -0.25872,51.6686,0
                -0.26033,51.66823,0
                -0.26095,51.66796,0
                -0.26228,51.66717,0
                -0.26258,51.66683,0
                -0.26301,51.66648,0
                -0.26519,51.66569,0
                -0.26605,51.66531,0
                -0.2668,51.66532,0
                -0.26686,51.66526,0
                -0.26746,51.66578,0
                -0.26899,51.66799,0
                -0.26969,51.66887,0
                -0.26946,51.66903,0
                -0.27011,51.66985,0
                -0.27146,51.67126,0
                -0.27228,51.67234,0
                -0.272276,51.672422,0
                -0.272405,51.672542,0
                -0.272555,51.672702,0
                -0.272663,51.673021,0
                -0.27186,51.67324,0
                -0.27209,51.67358,0
                -0.272813,51.673593,0
                -0.273049,51.673566,0
                -0.273221,51.673726,0
                -0.27338,51.67401,0
                -0.27427,51.67476,0
                -0.2742,51.67504,0
                -0.27494,51.67476,0
                -0.27573,51.67439,0
                -0.27659,51.67372,0
                -0.27713,51.67311,0
                -0.27756,51.67219,0
                -0.27763,51.67189,0
                -0.27836,51.67188,0
                -0.27909,51.67206,0
                -0.27919,51.67283,0
                -0.27979,51.67252,0
                -0.28067,51.67231,0
                -0.28246,51.6718,0
                -0.28304,51.67189,0
                -0.28418,51.67178,0
                -0.28486,51.67166,0
                -0.28575,51.6713,0
                -0.28606,51.67131,0
                -0.28699,51.6711,0
                -0.28805,51.67077,0
                -0.2897,51.67052,0
                -0.28978,51.67015,0
                -0.29025,51.66989,0
                -0.29126,51.67002,0
                -0.29405,51.66867,0
                -0.29476,51.66927,0
                -0.29586,51.66878,0
                -0.29755,51.66845,0
              </coordinates>
            </LinearRing>
          </outerBoundaryIs>
        </Polygon>
      </Placemark>
    </Folder>
    <Folder>
      <name>Pinner Eruv</name>
      <Placemark>
        <name>Line 3</name>
        <styleUrl>#line-FF5252-7588-nodesc</styleUrl>
        <LineString>
          <tessellate>1</tessellate>
          <coordinates>
            -0.387944,51.6104726,0
            -0.3880969,51.6104626,0
            -0.3881183,51.6104601,0
            -0.3880687,51.6102743,0
            -0.3881036,51.6102727,0
            -0.3881063,51.6102377,0
            -0.3882658,51.6102235,0
            -0.3883329,51.6102635,0
            -0.388813,51.6102152,0
            -0.3889605,51.6101069,0
            -0.3889364,51.6096955,0
            -0.3889069,51.6096955,0
            -0.3888828,51.6095156,0
            -0.3888935,51.6093107,0
            -0.3889847,51.6084712,0
            -0.3889632,51.6082846,0
            -0.3890142,51.6081614,0
            -0.38921,51.6077549,0
            -0.3895748,51.6071186,0
            -0.3896391,51.6069754,0
            -0.3897679,51.6068721,0
            -0.3899476,51.6067122,0
            -0.3900871,51.6067438,0
            -0.39002,51.6066639,0
            -0.391522,51.606279,0
            -0.393118,51.6058509,0
            -0.3942552,51.6055461,0
            -0.3945905,51.6054678,0
            -0.3946146,51.6054911,0
            -0.394671,51.6054695,0
            -0.3946817,51.6055011,0
            -0.3955722,51.6054578,0
            -0.3958538,51.6053562,0
            -0.3958592,51.6051829,0
            -0.395776,51.6051713,0
            -0.3957304,51.6050946,0
            -0.395768,51.6050896,0
            -0.3957197,51.604993,0
            -0.3969106,51.6047865,0
            -0.3958404,51.6049722,0
            -0.3957787,51.6048897,0
            -0.3960422,51.6047198,0
            -0.3960034,51.6046111,0
            -0.3956647,51.6046523,0
            -0.3956017,51.604405,0
            -0.3956982,51.6043833,0
            -0.395658,51.6042884,0
            -0.3955695,51.6042917,0
            -0.3953549,51.6036503,0
            -0.3952959,51.6034904,0
            -0.3952798,51.6034221,0
            -0.395261,51.6032921,0
            -0.3952718,51.6031955,0
            -0.3953201,51.6031422,0
            -0.3953408,51.6031226,0
            -0.3953791,51.6030989,0
            -0.3956312,51.6030289,0
            -0.395827,51.6029823,0
            -0.3961945,51.6028973,0
            -0.3967309,51.602769,0
            -0.3968945,51.6027274,0
            -0.3970045,51.6027016,0
            -0.3969187,51.6026041,0
            -0.3969133,51.6025849,0
            -0.3969616,51.6025716,0
            -0.3969428,51.6025383,0
            -0.3970286,51.6025075,0
            -0.3968315,51.6022184,0
            -0.39657,51.6018469,0
            -0.3965874,51.6018394,0
            -0.3965136,51.6016962,0
            -0.3964238,51.6017161,0
            -0.3964171,51.601707,0
            -0.3963675,51.6016203,0
            -0.3961247,51.6016728,0
            -0.395949,51.6015304,0
            -0.3958565,51.6014604,0
            -0.3957961,51.6014238,0
            -0.3957371,51.6014063,0
            -0.3956795,51.6014029,0
            -0.3956285,51.6014063,0
            -0.395599,51.6014088,0
            -0.3955615,51.6014113,0
            -0.3955159,51.6014138,0
            -0.3954904,51.6014179,0
            -0.3954381,51.6014088,0
            -0.3953683,51.6011239,0
            -0.3953362,51.6010972,0
            -0.3952999,51.6010947,0
            -0.3952906,51.6010989,0
            -0.3952745,51.6011014,0
            -0.3952651,51.6011031,0
            -0.3952557,51.6011089,0
          </coordinates>
        </LineString>
      </Placemark>
      <Placemark>
        <name>Line 4</name>
        <styleUrl>#line-FF5252-6038-nodesc</styleUrl>
        <LineString>
          <tessellate>1</tessellate>
          <coordinates>
            -0.3952557,51.6011089,0
            -0.3952342,51.6011172,0
            -0.3952342,51.6011347,0
            -0.3952369,51.6011464,0
            -0.3952946,51.6013171,0
            -0.3952758,51.6013213,0
            -0.3952825,51.6013438,0
          </coordinates>
        </LineString>
      </Placemark>
      <Placemark>
        <name>Line 5</name>
        <styleUrl>#line-FF5252-4875-nodesc</styleUrl>
        <LineString>
          <tessellate>1</tessellate>
          <coordinates>
            -0.3952825,51.6013438,0
            -0.3952731,51.6013538,0
            -0.3952879,51.6013929,0
            -0.3952517,51.6014279,0
            -0.3951658,51.6014396,0
            -0.3946576,51.6015121,0
            -0.3945972,51.6014837,0
            -0.3945529,51.6013396,0
            -0.3945181,51.601318,0
            -0.3945583,51.6012305,0
            -0.3945422,51.6011897,0
            -0.3943156,51.6009348,0
            -0.3944457,51.6008223,0
            -0.394109,51.6004416,0
            -0.3939763,51.6002884,0
            -0.3937496,51.6000335,0
            -0.3935672,51.5998519,0
            -0.3933486,51.5996744,0
            -0.3931837,51.5995586,0
            -0.3935404,51.5993537,0
            -0.3935981,51.5993829,0
            -0.3937697,51.5993271,0
            -0.39381,51.5993446,0
            -0.3939924,51.5992729,0
            -0.3940701,51.5992329,0
            -0.3940889,51.5992213,0
            -0.3940594,51.5991971,0
            -0.3940165,51.5992013,0
            -0.3934653,51.598928,0
            -0.3936678,51.5987931,0
            -0.3935739,51.5987506,0
            -0.3935203,51.5987872,0
            -0.3934827,51.5987781,0
            -0.3933392,51.5988855,0
            -0.393177,51.5988072,0
          </coordinates>
        </LineString>
      </Placemark>
      <Placemark>
        <name>Line 6</name>
        <styleUrl>#line-FF5252-5456-nodesc</styleUrl>
        <LineString>
          <tessellate>1</tessellate>
          <coordinates>
            -0.393177,51.5988072,0
            -0.3931743,51.5987856,0
            -0.3932615,51.5987264,0
            -0.393244,51.5987073,0
            -0.3933419,51.5986298,0
            -0.393405,51.5986665,0
            -0.3935578,51.5985623,0
            -0.3934559,51.5984982,0
          </coordinates>
        </LineString>
      </Placemark>
      <Placemark>
        <name>Line 7</name>
        <styleUrl>#line-FF5252-4100-nodesc</styleUrl>
        <LineString>
          <tessellate>1</tessellate>
          <coordinates>
            -0.3934559,51.5984982,0
            -0.3932682,51.5983399,0
            -0.3932226,51.5983174,0
            -0.3934009,51.5982074,0
            -0.3932534,51.5981225,0
            -0.3932346,51.5981066,0
            -0.3932601,51.5980875,0
            -0.3932172,51.5980717,0
            -0.393126,51.5980891,0
            -0.3931126,51.5980775,0
            -0.3931086,51.5980625,0
            -0.3930308,51.5978934,0
            -0.3929463,51.5977176,0
            -0.3928779,51.597591,0
            -0.3927773,51.5974027,0
            -0.3926875,51.5974144,0
            -0.3926016,51.5972861,0
            -0.3926003,51.5972519,0
            -0.3926325,51.5972311,0
            -0.3928806,51.5971461,0
          </coordinates>
        </LineString>
      </Placemark>
      <Placemark>
        <name>Line 8</name>
        <styleUrl>#line-FF5252-4488-nodesc</styleUrl>
        <LineString>
          <tessellate>1</tessellate>
          <coordinates>
            -0.3928806,51.5971461,0
            -0.3927076,51.5969978,0
            -0.3926325,51.5968745,0
            -0.3924045,51.5968545,0
            -0.3923991,51.5968312,0
            -0.392206,51.5968212,0
            -0.3921872,51.5967846,0
            -0.3920156,51.5967746,0
            -0.3920692,51.5966796,0
          </coordinates>
        </LineString>
      </Placemark>
      <Placemark>
        <name>Line 10</name>
        <styleUrl>#line-FF5252-3713-nodesc</styleUrl>
        <LineString>
          <tessellate>1</tessellate>
          <coordinates>
            -0.3920692,51.5966796,0
            -0.3920531,51.5965313,0
            -0.3921711,51.5965313,0
            -0.3921872,51.5964996,0
            -0.3923616,51.5965363,0
            -0.3924099,51.5965463,0
            -0.3924179,51.5965113,0
            -0.3924555,51.596508,0
            -0.3924233,51.5964363,0
            -0.3924394,51.5963863,0
            -0.3924474,51.596368,0
            -0.392485,51.596288,0
            -0.3931206,51.5963564,0
            -0.3931341,51.5962955,0
            -0.3931676,51.5962964,0
            -0.3932574,51.5960706,0
            -0.3933781,51.5959581,0
            -0.3934667,51.5958748,0
            -0.3934921,51.5958982,0
            -0.3935699,51.5958573,0
            -0.3936732,51.5959256,0
          </coordinates>
        </LineString>
      </Placemark>
      <Placemark>
        <name>Line 11</name>
        <styleUrl>#line-FF5252-5263-nodesc</styleUrl>
        <LineString>
          <tessellate>1</tessellate>
          <coordinates>
            -0.3936732,51.5959256,0
            -0.3937027,51.5959531,0
            -0.3936785,51.5959631,0
            -0.3937939,51.5960198,0
            -0.3938663,51.5960364,0
            -0.3939092,51.5959581,0
            -0.3940514,51.5959915,0
            -0.3941399,51.5958632,0
            -0.3940782,51.5958665,0
            -0.3940085,51.5957482,0
            -0.3938368,51.5957799,0
            -0.3937617,51.5956899,0
            -0.3936625,51.5956982,0
            -0.3934586,51.5955782,0
            -0.3934398,51.5955283,0
            -0.3937081,51.5954583,0
            -0.3940433,51.595365,0
            -0.3948158,51.5950534,0
            -0.3951001,51.5948034,0
            -0.3953227,51.5945202,0
            -0.3954649,51.5941969,0
            -0.3954005,51.5938987,0
            -0.3954139,51.593772,0
            -0.3953388,51.5936987,0
            -0.3952315,51.5935338,0
            -0.3951806,51.5933938,0
            -0.3951484,51.5933255,0
            -0.3953147,51.5932771,0
            -0.3952906,51.5931888,0
            -0.3955132,51.5931522,0
          </coordinates>
        </LineString>
      </Placemark>
      <Placemark>
        <name>Line 14</name>
        <styleUrl>#line-FF5252-2938-nodesc</styleUrl>
        <LineString>
          <tessellate>1</tessellate>
          <coordinates>
            -0.3955132,51.5931522,0
            -0.3955427,51.593083,0
            -0.3956339,51.5930939,0
            -0.3956661,51.5930689,0
            -0.3955963,51.592988,0
          </coordinates>
        </LineString>
      </Placemark>
      <Placemark>
        <name>Line 15</name>
        <styleUrl>#line-FF5252-2744-nodesc</styleUrl>
        <LineString>
          <tessellate>1</tessellate>
          <coordinates>
            -0.3955963,51.592988,0
            -0.3954796,51.5928881,0
          </coordinates>
        </LineString>
      </Placemark>
      <Placemark>
        <name>Line 16</name>
        <styleUrl>#line-FF5252-3906-nodesc</styleUrl>
        <LineString>
          <tessellate>1</tessellate>
          <coordinates>
            -0.3954796,51.5928881,0
            -0.395426,51.5928197,0
            -0.3957801,51.5927064,0
            -0.3957264,51.5926281,0
            -0.395658,51.5926414,0
            -0.3956392,51.5926156,0
            -0.3955628,51.5926323,0
            -0.3954703,51.5925323,0
            -0.3953455,51.5923715,0
            -0.3950197,51.5924698,0
          </coordinates>
        </LineString>
      </Placemark>
      <Placemark>
        <name>Line 17</name>
        <styleUrl>#line-FF5252-4100-nodesc</styleUrl>
        <LineString>
          <tessellate>1</tessellate>
          <coordinates>
            -0.3931904,51.5902977,0
            -0.3929543,51.5902844,0
            -0.3927988,51.5901177,0
            -0.3926164,51.5899411,0
            -0.3926674,51.5899228,0
            -0.3926298,51.5898778,0
            -0.3925654,51.5898894,0
            -0.3924581,51.5899244,0
            -0.3923696,51.5898111,0
            -0.392257,51.5898444,0
            -0.3922999,51.5894762,0
            -0.3923321,51.5893229,0
            -0.3922409,51.5892495,0
            -0.3920907,51.5892429,0
            -0.3919619,51.5893195,0
            -0.3918171,51.5895362,0
            -0.3918386,51.5897528,0
            -0.391506,51.5896761,0
            -0.3914255,51.5896495,0
            -0.3906959,51.5897461,0
            -0.3899771,51.5898161,0
            -0.3893816,51.5897528,0
            -0.3886628,51.5896561,0
            -0.3878099,51.5898728,0
            -0.3877401,51.5898794,0
            -0.3876919,51.5898794,0
            -0.387606,51.5898794,0
            -0.3875309,51.5899028,0
            -0.3874505,51.5899128,0
            -0.3873968,51.5899428,0
            -0.3873378,51.5899528,0
            -0.3872949,51.5899494,0
            -0.3871769,51.5899794,0
            -0.3872037,51.5897528,0
            -0.3872466,51.5896928,0
            -0.3872627,51.5894828,0
            -0.3873271,51.5892195,0
          </coordinates>
        </LineString>
      </Placemark>
      <Placemark>
        <name>Line 18</name>
        <styleUrl>#line-FF5252-3713-nodesc</styleUrl>
        <LineString>
          <tessellate>1</tessellate>
          <coordinates>
            -0.3873271,51.5892195,0
            -0.3880513,51.5887429,0
          </coordinates>
        </LineString>
      </Placemark>
      <Placemark>
        <name>Line 19</name>
        <styleUrl>#line-FF5252-4100-nodesc</styleUrl>
        <LineString>
          <tessellate>1</tessellate>
          <coordinates>
            -0.3913182,51.5874931,0
            -0.391286,51.5874531,0
            -0.3910983,51.5865731,0
            -0.3907979,51.5850066,0
          </coordinates>
        </LineString>
      </Placemark>
      <Placemark>
        <name>Line 22</name>
        <styleUrl>#line-FF5252-4681-nodesc</styleUrl>
        <LineString>
          <tessellate>1</tessellate>
          <coordinates>
            -0.3913182,51.5874931,0
            -0.3913745,51.5874981,0
            -0.3914604,51.5874914,0
            -0.3914657,51.5875264,0
            -0.3919834,51.5874764,0
            -0.3926137,51.5874114,0
            -0.392713,51.587763,0
            -0.3927264,51.5878164,0
            -0.3926727,51.587818,0
            -0.3926566,51.587868,0
            -0.3926834,51.5878947,0
            -0.3927103,51.5878897,0
            -0.3928766,51.5880413,0
            -0.3928551,51.5880597,0
            -0.3929517,51.5881147,0
            -0.3927344,51.588288,0
            -0.3925681,51.5884396,0
            -0.3924286,51.5884296,0
            -0.3920746,51.5884196,0
            -0.3917527,51.5884763,0
            -0.391565,51.588573,0
            -0.3913879,51.5887429,0
            -0.3912967,51.5887896,0
            -0.3912002,51.5888163,0
            -0.3910929,51.5888329,0
            -0.3909588,51.5888562,0
            -0.3908515,51.5889029,0
            -0.390771,51.5889429,0
            -0.390712,51.5889696,0
            -0.3906262,51.5890062,0
            -0.3905457,51.5890296,0
            -0.390476,51.5890329,0
            -0.3903633,51.5890396,0
            -0.3902453,51.5890396,0
            -0.3901005,51.5890729,0
            -0.3900629,51.5890929,0
            -0.3900093,51.5891395,0
            -0.3899449,51.5891462,0
            -0.3898966,51.5891562,0
            -0.3897947,51.5891662,0
            -0.3897357,51.5891529,0
            -0.389623,51.5891329,0
            -0.3894567,51.5891162,0
            -0.3894031,51.5891096,0
            -0.3893226,51.5890962,0
            -0.3892046,51.5890829,0
            -0.3891456,51.5890729,0
            -0.38899,51.5890429,0
            -0.388931,51.5890362,0
            -0.3888452,51.5890229,0
            -0.3886467,51.5889929,0
            -0.3884751,51.5889562,0
            -0.3883731,51.5889362,0
            -0.388298,51.5889262,0
            -0.388003,51.5888962,0
            -0.3879654,51.5888762,0
            -0.3879279,51.5888596,0
          </coordinates>
        </LineString>
      </Placemark>
      <Placemark>
        <name>Line 23</name>
        <styleUrl>#line-FF5252-4681-nodesc</styleUrl>
        <LineString>
          <tessellate>1</tessellate>
          <coordinates>
            -0.3907979,51.5849916,0
            -0.3908005,51.5849799,0
            -0.3909963,51.5849266,0
            -0.3909427,51.5848116,0
            -0.3910044,51.5846466,0
            -0.3907281,51.5847149,0
            -0.3906369,51.5843833,0
          </coordinates>
        </LineString>
      </Placemark>
      <Placemark>
        <name>Line 24</name>
        <styleUrl>#line-FF5252-5069-nodesc</styleUrl>
        <LineString>
          <tessellate>1</tessellate>
          <coordinates>
            -0.3906369,51.5843833,0
            -0.3907335,51.5843749,0
            -0.3907523,51.5843399,0
            -0.3907093,51.5840583,0
            -0.3906879,51.5840549,0
            -0.3906396,51.5839233,0
            -0.3905833,51.5833766,0
            -0.3905645,51.5829233,0
            -0.3905913,51.5827699,0
            -0.3906369,51.5827416,0
            -0.3906181,51.5825516,0
            -0.3905672,51.5824233,0
            -0.3905296,51.5822699,0
            -0.3905055,51.5820016,0
            -0.3904679,51.5820016,0
            -0.3904545,51.5817533,0
          </coordinates>
        </LineString>
      </Placemark>
      <Placemark>
        <name>Line 25</name>
        <styleUrl>#line-FF5252-3325-nodesc</styleUrl>
        <LineString>
          <tessellate>1</tessellate>
          <coordinates>
            -0.3904545,51.5817533,0
            -0.3904411,51.5815516,0
          </coordinates>
        </LineString>
      </Placemark>
      <Placemark>
        <name>Line 27</name>
        <styleUrl>#line-FF5252-3519-nodesc</styleUrl>
        <LineString>
          <tessellate>1</tessellate>
          <coordinates>
            -0.3904411,51.5815516,0
            -0.3885341,51.5815566,0
            -0.3877509,51.5814899,0
            -0.3860557,51.5813099,0
            -0.3840816,51.5810899,0
            -0.3816998,51.5808832,0
            -0.3819144,51.5804165,0
            -0.3821719,51.5803432,0
            -0.3871715,51.5807699,0
            -0.3878689,51.5807365,0
            -0.3878045,51.5805899,0
            -0.3872895,51.5806099,0
            -0.3868175,51.5792364,0
            -0.3869033,51.5792231,0
            -0.3868604,51.5791298,0
          </coordinates>
        </LineString>
      </Placemark>
      <Placemark>
        <name>Line 28</name>
        <styleUrl>#line-FF5252-3325-nodesc</styleUrl>
        <LineString>
          <tessellate>1</tessellate>
          <coordinates>
            -0.3868604,51.5791298,0
            -0.3865653,51.5784064,0
            -0.3865653,51.5781597,0
            -0.3864956,51.5781497,0
            -0.386517,51.577853,0
            -0.3865331,51.5776563,0
          </coordinates>
        </LineString>
      </Placemark>
      <Placemark>
        <name>Line 29</name>
        <styleUrl>#line-FF5252-3325-nodesc</styleUrl>
        <LineString>
          <tessellate>1</tessellate>
          <coordinates>
            -0.3865331,51.5776563,0
            -0.3864956,51.5776396,0
            -0.3851867,51.5776263,0
            -0.3842479,51.5776096,0
            -0.3837651,51.5775796,0
            -0.383454,51.5776163,0
            -0.3833896,51.5774496,0
            -0.383513,51.5773762,0
            -0.3833681,51.5772796,0
            -0.383116,51.5772996,0
            -0.3830731,51.5773396,0
            -0.383057,51.5774629,0
            -0.3831857,51.5774863,0
            -0.3832394,51.5774996,0
            -0.383293,51.5776796,0
            -0.3826815,51.5778896,0
            -0.3825366,51.577993,0
            -0.3824669,51.5780263,0
            -0.3824294,51.5780097,0
            -0.3824776,51.5779196,0
            -0.3825635,51.5776596,0
          </coordinates>
        </LineString>
      </Placemark>
      <Placemark>
        <name>Line 30</name>
        <styleUrl>#line-FF5252-3325-nodesc</styleUrl>
        <LineString>
          <tessellate>1</tessellate>
          <coordinates>
            -0.3825635,51.5776596,0
            -0.3823811,51.5776446,0
          </coordinates>
        </LineString>
      </Placemark>
      <Placemark>
        <name>Line 31</name>
        <styleUrl>#line-FF5252-3519-nodesc</styleUrl>
        <LineString>
          <tessellate>1</tessellate>
          <coordinates>
            -0.3823811,51.5776663,0
            -0.382247,51.5780497,0
            -0.3814584,51.5779563,0
            -0.3810668,51.577823,0
            -0.3803962,51.5776363,0
            -0.3803372,51.5775596,0
            -0.380407,51.5771996,0
            -0.3822899,51.5773996,0
            -0.3824186,51.5770429,0
            -0.380584,51.5768662,0
            -0.3797632,51.5767662,0
            -0.3795755,51.5767262,0
            -0.3796345,51.5768095,0
            -0.3796667,51.5769062,0
            -0.3796935,51.5769595,0
            -0.3798598,51.5770895,0
            -0.3799403,51.5771495,0
            -0.3799832,51.5771962,0
            -0.3800368,51.5772562,0
            -0.3800207,51.5775663,0
          </coordinates>
        </LineString>
      </Placemark>
      <Placemark>
        <name>Line 32</name>
        <styleUrl>#line-FF5252-2744-nodesc</styleUrl>
        <LineString>
          <tessellate>1</tessellate>
          <coordinates>
            -0.3800207,51.5775663,0
            -0.3781325,51.5771962,0
            -0.3774458,51.5770195,0
            -0.3762656,51.5768128,0
            -0.3746939,51.5766195,0
            -0.3740072,51.5766295,0
            -0.3736371,51.5766628,0
            -0.3731704,51.5767295,0
            -0.372988,51.5762161,0
            -0.3731167,51.5761694,0
            -0.3731221,51.5760661,0
            -0.3730577,51.5759827,0
            -0.3729934,51.5759627,0
            -0.3728646,51.5759527,0
            -0.3728485,51.5756093,0
          </coordinates>
        </LineString>
      </Placemark>
      <Placemark>
        <name>Line 33</name>
        <styleUrl>#line-FF5252-2938-nodesc</styleUrl>
        <LineString>
          <tessellate>1</tessellate>
          <coordinates>
            -0.3728485,51.5756093,0
            -0.3710192,51.5752359,0
            -0.3707939,51.5751692,0
          </coordinates>
        </LineString>
      </Placemark>
      <Placemark>
        <name>Line 34</name>
        <styleUrl>#line-FF5252-2744-nodesc</styleUrl>
        <LineString>
          <tessellate>1</tessellate>
          <coordinates>
            -0.3707939,51.5751692,0
            -0.3704587,51.5750709,0
          </coordinates>
        </LineString>
      </Placemark>
      <Placemark>
        <name>Line 36</name>
        <styleUrl>#line-FF5252-3519-nodesc</styleUrl>
        <LineString>
          <tessellate>1</tessellate>
          <coordinates>
            -0.3704587,51.5750709,0
            -0.3700791,51.5750409,0
            -0.3700523,51.5750892,0
            -0.3698927,51.5750634,0
            -0.3698914,51.5750117,0
            -0.3688332,51.5749292,0
            -0.368616,51.5749742,0
            -0.368616,51.5750159,0
            -0.369359,51.5750726,0
          </coordinates>
        </LineString>
      </Placemark>
      <Placemark>
        <name>Line 37</name>
        <styleUrl>#line-FF5252-3325-nodesc</styleUrl>
        <LineString>
          <tessellate>1</tessellate>
          <coordinates>
            -0.369359,51.5750726,0
            -0.3693187,51.5750859,0
            -0.3691953,51.5751692,0
            -0.3691685,51.5752493,0
            -0.3691363,51.5752859,0
            -0.3685677,51.5753926,0
            -0.3659767,51.5756427,0
            -0.3639489,51.575816,0
            -0.3636056,51.5758694,0
            -0.3636217,51.575986,0
            -0.3636914,51.5764061,0
            -0.3637666,51.5765528,0
            -0.3640777,51.5765195,0
            -0.3639328,51.5759694,0
            -0.3646785,51.5759094,0
          </coordinates>
        </LineString>
      </Placemark>
      <Placemark>
        <name>Line 38</name>
        <styleUrl>#line-FF5252-3519-nodesc</styleUrl>
        <LineString>
          <tessellate>1</tessellate>
          <coordinates>
            -0.3646785,51.5759094,0
            -0.3646731,51.575936,0
            -0.365113,51.5774263,0
            -0.3640616,51.5775463,0
            -0.3639328,51.5767762,0
            -0.363788,51.5767328,0
            -0.3636432,51.5767428,0
            -0.3635412,51.5768162,0
            -0.3637934,51.5776529,0
          </coordinates>
        </LineString>
      </Placemark>
      <Placemark>
        <name>Line 39</name>
        <styleUrl>#line-FF5252-3906-nodesc</styleUrl>
        <LineString>
          <tessellate>1</tessellate>
          <coordinates>
            -0.3637934,51.5776529,0
            -0.3642064,51.5792864,0
            -0.3642547,51.5793765,0
            -0.3641528,51.5794198,0
            -0.3628224,51.5782197,0
            -0.3624737,51.5779696,0
          </coordinates>
        </LineString>
      </Placemark>
      <Placemark>
        <name>Line 40</name>
        <styleUrl>#line-FF5252-2356-nodesc</styleUrl>
        <LineString>
          <tessellate>1</tessellate>
          <coordinates>
            -0.3624737,51.5779696,0
            -0.3629136,51.5777496,0
            -0.3630048,51.5776029,0
            -0.3629404,51.5766261,0
            -0.3628653,51.5762261,0
            -0.3629243,51.5760761,0
            -0.3627259,51.5759994,0
            -0.3623503,51.5761594,0
            -0.360682,51.5768928,0
            -0.3604943,51.5769895,0
            -0.3604835,51.5770929,0
            -0.3609931,51.5775963,0
            -0.361551,51.5781863,0
            -0.3612077,51.578323,0
            -0.3611165,51.5783064,0
          </coordinates>
        </LineString>
      </Placemark>
      <Placemark>
        <name>Line 41</name>
        <styleUrl>#line-FF5252-2938-nodesc</styleUrl>
        <LineString>
          <tessellate>1</tessellate>
          <coordinates>
            -0.3611165,51.5783064,0
            -0.3609569,51.5783655,0
            -0.3608644,51.5784314,0
            -0.3608349,51.578558,0
            -0.3608859,51.5787047,0
            -0.3609368,51.5788497,0
            -0.360961,51.5788981,0
            -0.3610066,51.5789514,0
            -0.3613257,51.5788114,0
          </coordinates>
        </LineString>
      </Placemark>
      <Placemark>
        <name>Line 42</name>
        <styleUrl>#line-FF5252-2744-nodesc</styleUrl>
        <LineString>
          <tessellate>1</tessellate>
          <coordinates>
            -0.3613257,51.5788114,0
            -0.3619856,51.5793798,0
            -0.3619587,51.5794181,0
            -0.3620499,51.5794915,0
            -0.3621599,51.5794415,0
            -0.3622994,51.5795398,0
            -0.3617013,51.5798148,0
            -0.3615698,51.5798548,0
            -0.3614813,51.5798865,0
            -0.3611836,51.5799065,0
            -0.3604487,51.5798298,0
            -0.3598371,51.5797732,0
            -0.359408,51.5797165,0
            -0.3592873,51.5797498,0
            -0.3592014,51.5798598,0
            -0.3590432,51.5802132,0
            -0.3587696,51.5808199,0
            -0.3585872,51.5811432,0
            -0.3585577,51.5811832,0
            -0.3586006,51.5813132,0
            -0.359475,51.5815632,0
            -0.3612748,51.5821666,0
            -0.3629538,51.5827533,0
            -0.3629914,51.5827049,0
            -0.3633696,51.5828283,0
          </coordinates>
        </LineString>
      </Placemark>
      <Placemark>
        <name>Line 43</name>
        <styleUrl>#line-FF5252-3131-nodesc</styleUrl>
        <LineString>
          <tessellate>1</tessellate>
          <coordinates>
            -0.3633696,51.5828283,0
            -0.3628814,51.5834533,0
            -0.3625166,51.5833099,0
            -0.3624845,51.5834333,0
          </coordinates>
        </LineString>
      </Placemark>
      <Placemark>
        <name>Line 44</name>
        <styleUrl>#line-FF5252-2938-nodesc</styleUrl>
        <LineString>
          <tessellate>1</tessellate>
          <coordinates>
            -0.3624845,51.5834333,0
            -0.3627366,51.5835433,0
            -0.3623235,51.5841199,0
            -0.3620338,51.5840433,0
            -0.3619641,51.5841133,0
            -0.3623021,51.5842399,0
            -0.3620258,51.5845516,0
            -0.3622726,51.5846349,0
          </coordinates>
        </LineString>
      </Placemark>
      <Placemark>
        <name>Line 45</name>
        <styleUrl>#line-FF5252-2938-nodesc</styleUrl>
        <LineString>
          <tessellate>1</tessellate>
          <coordinates>
            -0.3622726,51.5846349,0
            -0.3623369,51.5846583,0
            -0.3617817,51.5853099,0
            -0.36183,51.5853382,0
            -0.3617495,51.5854249,0
          </coordinates>
        </LineString>
      </Placemark>
      <Placemark>
        <name>Line 46</name>
        <styleUrl>#line-FF5252-4294-nodesc</styleUrl>
        <LineString>
          <tessellate>1</tessellate>
          <coordinates>
            -0.3617495,51.5854249,0
            -0.3616878,51.5854199,0
            -0.3613874,51.5857632,0
            -0.3613499,51.5858515,0
            -0.3613365,51.5859482,0
            -0.3618568,51.5864932,0
            -0.3626856,51.5873881,0
            -0.3627285,51.5873381,0
            -0.3636593,51.5878647,0
            -0.3639945,51.5880363,0
            -0.3647375,51.5883513,0
            -0.364818,51.588393,0
          </coordinates>
        </LineString>
      </Placemark>
      <Placemark>
        <name>Line 47</name>
        <styleUrl>#line-FF5252-3906-nodesc</styleUrl>
        <LineString>
          <tessellate>1</tessellate>
          <coordinates>
            -0.3653035,51.5888912,0
            -0.3655341,51.5886363,0
            -0.3647992,51.588383,0
          </coordinates>
        </LineString>
      </Placemark>
      <Placemark>
        <name>Line 48</name>
        <styleUrl>#line-FF5252-3519-nodesc</styleUrl>
        <LineString>
          <tessellate>1</tessellate>
          <coordinates>
            -0.3653035,51.5888912,0
            -0.365105,51.5890829,0
            -0.3650594,51.5890846,0
            -0.3646865,51.5897645,0
            -0.3644049,51.5902794,0
            -0.3643352,51.590331,0
            -0.3645954,51.5904927,0
          </coordinates>
        </LineString>
      </Placemark>
      <Placemark>
        <name>Line 49</name>
        <styleUrl>#line-FF5252-3906-nodesc</styleUrl>
        <LineString>
          <tessellate>1</tessellate>
          <coordinates>
            -0.3645954,51.5904927,0
            -0.3645685,51.5905693,0
            -0.364134,51.5904993,0
            -0.3641099,51.5905527,0
            -0.364126,51.5905743,0
            -0.364075,51.5905893,0
            -0.3642225,51.590841,0
            -0.364311,51.5909876,0
            -0.3649494,51.5919224,0
            -0.3651881,51.592329,0
          </coordinates>
        </LineString>
      </Placemark>
      <Placemark>
        <name>Line 41</name>
        <styleUrl>#line-FF5252-3962-nodesc</styleUrl>
        <LineString>
          <tessellate>1</tessellate>
          <coordinates>
            -0.3950197,51.5924698,0
            -0.3947158,51.592568,0
          </coordinates>
        </LineString>
      </Placemark>
      <Placemark>
        <name>Line 42</name>
        <styleUrl>#line-FF5252-6535-nodesc</styleUrl>
        <LineString>
          <tessellate>1</tessellate>
          <coordinates>
            -0.3947158,51.592568,0
            -0.3947043,51.5925544,0
            -0.3951156,51.5924227,0
            -0.3953075,51.5923688,0
            -0.3954046,51.5923434,0
          </coordinates>
        </LineString>
      </Placemark>
      <Placemark>
        <name>Line 43</name>
        <styleUrl>#line-FF5252-4009-nodesc</styleUrl>
        <LineString>
          <tessellate>1</tessellate>
          <coordinates>
            -0.3954046,51.5923434,0
            -0.3956398,51.5922847,0
            -0.3956373,51.5921894,0
            -0.3956078,51.5921117,0
            -0.3955798,51.5920871,0
            -0.3955249,51.5920633,0
            -0.3954738,51.5920577,0
            -0.395286,51.5921061,0
            -0.395226,51.5921442,0
            -0.3952554,51.5922164,0
            -0.3950842,51.5922609,0
            -0.3950548,51.5922489,0
            -0.3950061,51.5922105,0
            -0.3949627,51.5922304,0
            -0.3948924,51.5921669,0
            -0.3948592,51.5921479,0
            -0.3947775,51.5920249,0
            -0.3948618,51.5920431,0
            -0.3948797,51.5920241,0
            -0.3950508,51.59194,0
            -0.3951121,51.591932,0
            -0.395153,51.5919836,0
            -0.3954148,51.5919177,0
            -0.3954819,51.5918947,0
            -0.3954793,51.5916979,0
            -0.3954755,51.591538,0
            -0.3953874,51.5915499,0
            -0.395321,51.5913071,0
            -0.3953784,51.5912684,0
            -0.395321,51.5911565,0
            -0.3953669,51.5911375,0
            -0.3953095,51.5910256,0
            -0.3954487,51.59096,0
            -0.3954308,51.590914,0
            -0.3954448,51.5907592,0
            -0.3952635,51.5907632,0
            -0.3952622,51.5908029,0
            -0.3952724,51.5908029,0
            -0.3952775,51.5908299,0
            -0.3952098,51.5908291,0
            -0.3951779,51.5907902,0
            -0.3950898,51.5908148,0
            -0.3951191,51.5908783,0
            -0.3950438,51.5908981,0
            -0.3950272,51.5908862,0
            -0.394607,51.591006,0
            -0.393997,51.5912099,0
            -0.3936693,51.5913126,0
            -0.3936374,51.5912832,0
          </coordinates>
        </LineString>
      </Placemark>
      <Placemark>
        <name>Line 44</name>
        <styleUrl>#line-FF5252-3960-nodesc</styleUrl>
        <LineString>
          <tessellate>1</tessellate>
          <coordinates>
            -0.3936374,51.5912832,0
            -0.3934751,51.5911992,0
            -0.3932337,51.5912738,0
            -0.393304,51.5913429,0
            -0.3931775,51.5913857,0
            -0.393281,51.5914651,0
            -0.3932159,51.5914817,0
            -0.3932695,51.5915357,0
            -0.3932171,51.5915523,0
            -0.3932555,51.5915849,0
            -0.3931916,51.5916079,0
            -0.3933921,51.5918507,0
            -0.3928877,51.5920309,0
            -0.3927766,51.5919325,0
            -0.3924291,51.5920523,0
            -0.3923614,51.5919777,0
            -0.3927497,51.5918452,0
            -0.3926794,51.5917405,0
            -0.3927918,51.5916996,0
            -0.392696,51.5915869,0
            -0.3928225,51.5915425,0
            -0.3927203,51.5914366,0
            -0.392802,51.5913985,0
            -0.392765,51.5913517,0
            -0.3928314,51.5913342,0
            -0.3927803,51.5912517,0
            -0.3928033,51.5908934,0
            -0.3928659,51.5905231,0
            -0.3929055,51.5903084,0
            -0.393198,51.5903219,0
            -0.3931904,51.5902977,0
          </coordinates>
        </LineString>
      </Placemark>
      <Placemark>
        <name>Line 45</name>
        <styleUrl>#line-FF5252-2854-nodesc</styleUrl>
        <LineString>
          <tessellate>1</tessellate>
          <coordinates>
            -0.3651881,51.592329,0
            -0.3654867,51.5927545,0
            -0.3660612,51.5936248,0
            -0.3661709,51.5934653,0
            -0.3665528,51.5933383,0
            -0.3667252,51.5935708,0
            -0.3669283,51.5935272,0
            -0.3669869,51.5936248,0
            -0.3670482,51.593639,0
            -0.3672666,51.5936795,0
            -0.3672552,51.5937001,0
            -0.3667877,51.593616,0
            -0.3665616,51.5936049,0
            -0.3664262,51.59362,0
            -0.3662908,51.5936549,0
            -0.3666682,51.5941887,0
            -0.3667934,51.5941554,0
            -0.3670419,51.5940958,0
            -0.3672666,51.5940982,0
            -0.367471,51.5941292,0
            -0.3674925,51.594076,0
            -0.3677198,51.5941046,0
            -0.3679114,51.5941665,0
            -0.3680458,51.5942534,0
            -0.3682488,51.594528,0
            -0.3683801,51.5944986,0
            -0.3683393,51.5944423,0
            -0.3683776,51.5944407,0
            -0.3683801,51.5944304,0
            -0.3683686,51.594405,0
            -0.3684606,51.5943843,0
            -0.3685002,51.5944415,0
            -0.3689638,51.5943423,0
            -0.3692356,51.5943867,0
            -0.3694553,51.5945732,0
            -0.3695166,51.5945462,0
            -0.3696577,51.5946609,0
            -0.3696909,51.5947529,0
            -0.3695721,51.5948616,0
            -0.3695415,51.5948894,0
            -0.3694214,51.5949163,0
            -0.3692477,51.5949148,0
            -0.3692056,51.5947918,0
            -0.3690797,51.5947005,0
            -0.3691729,51.594649,0
            -0.3690874,51.594591,0
            -0.3689801,51.5946434,0
            -0.3689596,51.5946339,0
            -0.368906,51.5946188,0
            -0.3688945,51.5946014,0
            -0.3688536,51.5946133,0
            -0.3688294,51.5945641,0
            -0.3687233,51.594591,0
            -0.3684892,51.5946339,0
            -0.3684623,51.5946037,0
            -0.3683244,51.594641,0
            -0.3685351,51.5949687,0
            -0.3689133,51.5955202,0
            -0.3690474,51.5958081,0
            -0.3690563,51.5959073,0
            -0.3690103,51.596011,0
            -0.3688762,51.5961649,0
            -0.3687868,51.5962728,0
            -0.3685701,51.5964106,0
            -0.3685113,51.5963289,0
            -0.3682967,51.5963821,0
            -0.3683082,51.5963924,0
            -0.3681499,51.5964289,0
            -0.3683018,51.5966526,0
            -0.3683402,51.5967182,0
          </coordinates>
        </LineString>
      </Placemark>
      <Placemark>
        <name>Line 46</name>
        <styleUrl>#line-FF5252-3296-nodesc</styleUrl>
        <LineString>
          <tessellate>1</tessellate>
          <coordinates>
            -0.3683402,51.5967182,0
            -0.3683668,51.5967512,0
            -0.3681829,51.5967862,0
            -0.368469,51.5972003,0
            -0.3691652,51.5982619,0
            -0.3694664,51.5985857,0
            -0.3695532,51.5986587,0
            -0.3698189,51.5988539,0
            -0.3706379,51.5993498,0
            -0.3718304,51.6000238,0
            -0.3729779,51.6006831,0
            -0.3741725,51.6013718,0
            -0.3747754,51.6017717,0
            -0.3750717,51.6019843,0
          </coordinates>
        </LineString>
      </Placemark>
      <Placemark>
        <name>Line 47</name>
        <styleUrl>#line-FF5252-3222-nodesc</styleUrl>
        <LineString>
          <tessellate>1</tessellate>
          <coordinates>
            -0.3750717,51.6019843,0
            -0.3748254,51.6021328,0
          </coordinates>
        </LineString>
      </Placemark>
      <Placemark>
        <name>Line 48</name>
        <styleUrl>#line-FF5252-2854-nodesc</styleUrl>
        <LineString>
          <tessellate>1</tessellate>
          <coordinates>
            -0.3748254,51.6021328,0
            -0.3746282,51.6022476,0
            -0.3744022,51.602388,0
            -0.3738579,51.6028786,0
            -0.3733492,51.6032917,0
            -0.3729829,51.6035495,0
            -0.3726094,51.6038385,0
            -0.372389,51.6040395,0
            -0.3725818,51.6041454,0
            -0.3727721,51.6042708,0
            -0.3725677,51.6044207,0
            -0.371947,51.6047926,0
            -0.3715005,51.6050691,0
            -0.3709657,51.6054106,0
            -0.3709415,51.605421,0
            -0.371174,51.6055717,0
            -0.3714588,51.6058181,0
            -0.3714397,51.6058244,0
            -0.3714281,51.605872,0
            -0.3709351,51.6060354,0
            -0.3702026,51.6062793,0
            -0.3700075,51.6063269,0
            -0.3698044,51.6060747,0
            -0.3696358,51.6061158,0
            -0.3697431,51.60623,0
            -0.3697163,51.6062498,0
            -0.3697955,51.6063551,0
            -0.3697622,51.6063662,0
            -0.3697916,51.6064035,0
            -0.3694327,51.6065177,0
            -0.369494,51.6065907,0
          </coordinates>
        </LineString>
      </Placemark>
      <Placemark>
        <name>Line 49</name>
        <styleUrl>#line-FF5252-3490-nodesc</styleUrl>
        <LineString>
          <tessellate>1</tessellate>
          <coordinates>
            -0.369494,51.6065907,0
            -0.3696862,51.6066376,0
            -0.3697622,51.606615,0
            -0.369803,51.6066015,0
            -0.3698164,51.6066189,0
            -0.369915,51.6066108,0
            -0.3702215,51.6069995,0
            -0.3707608,51.6076498,0
            -0.3711693,51.6081363,0
            -0.3713333,51.60837,0
            -0.3713767,51.6083621,0
            -0.3714061,51.6084057,0
            -0.3713921,51.6084367,0
            -0.3713716,51.6084438,0
            -0.3717574,51.6085747,0
          </coordinates>
        </LineString>
      </Placemark>
      <Placemark>
        <name>Line 50</name>
        <styleUrl>#line-FF5252-3592-nodesc</styleUrl>
        <LineString>
          <tessellate>1</tessellate>
          <coordinates>
            -0.3717574,51.6085747,0
            -0.3723658,51.6083891,0
            -0.3724488,51.6084843,0
            -0.3724628,51.6084787,0
            -0.372413,51.6083764,0
            -0.3727732,51.6082709,0
            -0.3735553,51.608016,0
            -0.3738225,51.608342,0
            -0.3738608,51.6083848,0
            -0.373953,51.608482,0
            -0.3737384,51.6089001,0
            -0.3736273,51.6088585,0
            -0.373437,51.6091996,0
            -0.3733565,51.6091813,0
            -0.373322,51.609267,0
            -0.3733744,51.6092773,0
            -0.373216,51.6096172,0
            -0.3728645,51.610239,0
            -0.3726033,51.6107345,0
            -0.3724565,51.6109731,0
            -0.3724041,51.611238,0
            -0.3721858,51.6116852,0
            -0.3721947,51.6117341,0
            -0.3723199,51.6117547,0
            -0.3723709,51.6118023,0
            -0.3724233,51.6117817,0
            -0.3723761,51.6117008,0
            -0.3724067,51.6116968,0
            -0.3724105,51.6116865,0
            -0.3724156,51.6116754,0
            -0.3724374,51.6115898,0
            -0.3725395,51.6113692,0
            -0.3727065,51.6114338,0
            -0.3729606,51.611517,0
            -0.3729338,51.6115884,0
            -0.3731178,51.6115789,0
            -0.3731719,51.6116255,0
            -0.3731783,51.6116842,0
            -0.3732741,51.6116794,0
            -0.373292,51.6116461,0
            -0.3734899,51.6116263,0
            -0.3734797,51.6115858,0
            -0.3737301,51.6115081,0
            -0.3741337,51.6111216,0
            -0.3743029,51.6109678,0
            -0.3744434,51.6107734,0
            -0.3746069,51.6108285,0
          </coordinates>
        </LineString>
      </Placemark>
      <Placemark>
        <name>Line 54</name>
        <styleUrl>#line-FF5252-3592-nodesc</styleUrl>
        <LineString>
          <tessellate>1</tessellate>
          <coordinates>
            -0.3746069,51.6108285,0
            -0.3746887,51.6107293,0
            -0.374621,51.610704,0
            -0.3746363,51.6106714,0
            -0.374621,51.6105913,0
            -0.3748739,51.6103375,0
            -0.3751983,51.6099538,0
            -0.3754135,51.6096706,0
            -0.3753548,51.6096532,0
            -0.3755936,51.6092394,0
            -0.3758146,51.6092894,0
            -0.3764947,51.6094726,0
            -0.376496,51.6094663,0
            -0.3767847,51.6095218,0
            -0.3773381,51.6096162,0
            -0.3781814,51.6097529,0
            -0.3790046,51.6098838,0
            -0.3794842,51.6099358,0
            -0.3794944,51.6099802,0
            -0.3795786,51.6099612,0
            -0.3795736,51.6099278,0
            -0.3802499,51.6098668,0
            -0.3802537,51.6098406,0
            -0.3802869,51.6098223,0
            -0.3804862,51.6097692,0
            -0.380803,51.6099477,0
            -0.3808669,51.6099207,0
            -0.3809052,51.6098993,0
            -0.3809448,51.6098969,0
            -0.3809946,51.6099643,0
            -0.3810329,51.6099659,0
          </coordinates>
        </LineString>
      </Placemark>
      <Placemark>
        <name>Line 55</name>
        <styleUrl>#line-FF5252-3776-nodesc</styleUrl>
        <LineString>
          <tessellate>1</tessellate>
          <coordinates>
            -0.3810329,51.6099659,0
            -0.3814825,51.6099038,0
            -0.381434,51.6098419,0
            -0.3816767,51.609807,0
            -0.3819347,51.6100672,0
            -0.3820011,51.610064,0
            -0.382111,51.6100989,0
            -0.3821443,51.6100921,0
            -0.3821002,51.6100088,0
            -0.382136,51.6099787,0
            -0.3822702,51.609955,0
            -0.3834785,51.610166,0
            -0.383527,51.6101692,0
            -0.3835551,51.6101486,0
            -0.3838617,51.6101946,0
            -0.3853452,51.610404,0
            -0.3858267,51.6104452,0
            -0.387035,51.6103263,0
            -0.3878772,51.6102501,0
            -0.387944,51.6104726,0
          </coordinates>
        </LineString>
      </Placemark>
      <Placemark>
        <name>Line 53</name>
        <styleUrl>#line-880E4F-5069-nodesc</styleUrl>
        <LineString>
          <tessellate>1</tessellate>
          <coordinates>
            -0.1507439,51.55506,0
            -0.1506196,51.555134,0
            -0.150523,51.5551665,0
            -0.1503554,51.5552091,0
            -0.1500993,51.5552749,0
            -0.149945,51.5553133,0
            -0.149819,51.5553642,0
            -0.1496232,51.5553291,0
            -0.1495776,51.5553533,0
            -0.1496178,51.5553958,0
            -0.1492704,51.5554967,0
            -0.1491873,51.5555159,0
            -0.1491618,51.5554959,0
            -0.149084,51.5555301,0
            -0.148506,51.555721,0
            -0.1484899,51.5557027,0
            -0.1481667,51.5558194,0
            -0.1479267,51.5559078,0
            -0.1476356,51.5560287,0
            -0.1471542,51.5562755,0
          </coordinates>
        </LineString>
      </Placemark>
    </Folder>
    <Folder>
      <name>Chigwell Eruv</name>
      <Placemark>
        <name>Eruv Boundary</name>
        <description>This is the approximate boundary of the Eruv.  If you live on or near the boundary, please check with Rabbi Davis whether your home is within the Eruv.</description>
        <styleUrl>#poly-CE93D8-3000-0</styleUrl>
        <Polygon>
          <outerBoundaryIs>
            <LinearRing>
              <tessellate>1</tessellate>
              <coordinates>
                0.093078,51.613866,0
                0.092645,51.613713,0
                0.092231,51.613588,0
                0.091822,51.613468,0
                0.091806,51.613485,0
                0.090745,51.613846,0
                0.089454,51.614143,0
                0.087346,51.614892,0
                0.086504,51.614629,0
                0.085697,51.614839,0
                0.084152,51.615692,0
                0.080912,51.61603,0
                0.080571,51.616222,0
                0.080152,51.616363,0
                0.077436,51.617281,0
                0.077186,51.616758,0
                0.078868,51.614321,0
                0.080906,51.611471,0
                0.080172,51.611296,0
                0.080123,51.610986,0
                0.080426,51.610869,0
                0.080857,51.610921,0
                0.081255,51.611,0
                0.081358,51.610892,0
                0.081603,51.610846,0
                0.081791,51.610628,0
                0.077382,51.610022,0
                0.074346,51.609036,0
                0.073053,51.608739,0
                0.071626,51.608535,0
                0.070317,51.608494,0
                0.069003,51.608416,0
                0.065588,51.607765,0
                0.06518,51.607925,0
                0.06497,51.607897,0
                0.063236,51.607656,0
                0.063286,51.608134,0
                0.062465,51.608542,0
                0.061702,51.60788,0
                0.06157,51.607109,0
                0.06183,51.606944,0
                0.062592,51.607046,0
                0.063021,51.60686,0
                0.063461,51.606774,0
                0.064443,51.606184,0
                0.064566,51.606034,0
                0.064497,51.605811,0
                0.064346,51.605591,0
                0.064282,51.605271,0
                0.064024,51.604552,0
                0.064051,51.603839,0
                0.064234,51.603202,0
                0.064337,51.603198,0
                0.064725,51.602958,0
                0.065446,51.602469,0
                0.06676,51.601903,0
                0.067345,51.60192,0
                0.067866,51.602033,0
                0.068107,51.601963,0
                0.068327,51.601896,0
                0.070076,51.601953,0
                0.071041,51.602253,0
                0.071535,51.602846,0
                0.072028,51.602713,0
                0.071873,51.602173,0
                0.073219,51.602406,0
                0.074153,51.602313,0
                0.075014,51.602296,0
                0.075563,51.602319,0
                0.075629,51.602313,0
                0.076317,51.601493,0
                0.076667,51.601007,0
                0.076915,51.600707,0
                0.075284,51.600054,0
                0.075814,51.59957,0
                0.076322,51.598394,0
                0.07739,51.59793,0
                0.076176,51.597094,0
                0.075677,51.595727,0
                0.077116,51.595515,0
                0.077614,51.595432,0
                0.077737,51.595548,0
                0.077884,51.595584,0
                0.078917,51.595567,0
                0.078866,51.595247,0
                0.078721,51.595167,0
                0.078686,51.595072,0
                0.078702,51.594895,0
                0.081539,51.594277,0
                0.082888,51.594048,0
                0.084227,51.593912,0
                0.084753,51.593884,0
                0.085182,51.594002,0
                0.085546,51.593951,0
                0.08611,51.59393,0
                0.086322,51.593816,0
                0.086491,51.593606,0
                0.088028,51.594142,0
                0.087793,51.594467,0
                0.089451,51.59495,0
                0.091066,51.595408,0
                0.092496,51.599852,0
                0.092821,51.600984,0
                0.092953,51.602162,0
                0.093085,51.603357,0
                0.093336,51.604468,0
                0.095331,51.609389,0
                0.095504,51.610291,0
                0.095632,51.610434,0
                0.094655,51.611668,0
                0.093405,51.613353,0
                0.093078,51.613866,0
              </coordinates>
            </LinearRing>
          </outerBoundaryIs>
        </Polygon>
      </Placemark>
      <Placemark>
        <name>Shul</name>
        <styleUrl>#icon-1675-0288D1-nodesc</styleUrl>
        <Point>
          <coordinates>
            0.085172,51.608286,0
          </coordinates>
        </Point>
      </Placemark>
    </Folder>
    <Folder>
      <name>Edgware, Belmont and Stanmore Eruvin</name>
      <Placemark>
        <name>Area</name>
        <styleUrl>#poly-A61B4A-4000-0-nodesc</styleUrl>
        <Polygon>
          <outerBoundaryIs>
            <LinearRing>
              <tessellate>1</tessellate>
              <coordinates>
                -0.280269,51.6281847,0
                -0.280476,51.6281857,0
                -0.2805,51.6277377,0
                -0.280559,51.6271457,0
                -0.280481,51.6267177,0
                -0.279958,51.6255667,0
                -0.279588,51.6248407,0
                -0.279628,51.6247847,0
                -0.280492,51.6242967,0
                -0.280554,51.6242247,0
                -0.280551,51.6241297,0
                -0.280191,51.6235607,0
                -0.279478,51.6222997,0
                -0.279507,51.6219507,0
                -0.281824,51.6225787,0
                -0.282669,51.6227937,0
                -0.282489,51.6231247,0
                -0.283122,51.6232647,0
                -0.283362,51.6228457,0
                -0.283796,51.6229497,0
                -0.28388,51.6229507,0
                -0.284028,51.6227517,0
                -0.28345,51.6225617,0
                -0.282776,51.6223997,0
                -0.282763,51.6221137,0
                -0.282713,51.6217897,0
                -0.28263,51.6216377,0
                -0.280979,51.6199987,0
                -0.281876,51.6196847,0
                -0.282154,51.6196287,0
                -0.285079,51.6219117,0
                -0.285795,51.6215797,0
                -0.285755,51.6214757,0
                -0.285397,51.6210187,0
                -0.285066,51.6207257,0
                -0.284267,51.6201067,0
                -0.284361,51.6199967,0
                -0.283944,51.6196217,0
                -0.285107,51.6192617,0
                -0.284757,51.6191227,0
                -0.284158,51.6185957,0
                -0.287098,51.6180917,0
                -0.287167,51.6180427,0
                -0.28736,51.6180067,0
                -0.287342,51.6178827,0
                -0.286865,51.6179937,0
                -0.286477,51.6175327,0
                -0.285443,51.6166417,0
                -0.285703,51.6165327,0
                -0.285654,51.6164677,0
                -0.285781,51.6163907,0
                -0.285989,51.6162727,0
                -0.285886,51.6162027,0
                -0.285932,51.6161677,0
                -0.284683,51.6153307,0
                -0.284538,51.6154047,0
                -0.284043,51.6151137,0
                -0.284285,51.6149597,0
                -0.283955,51.6147617,0
                -0.281778,51.6156367,0
                -0.280428,51.6147437,0
                -0.281195,51.6144947,0
                -0.28211,51.6141427,0
                -0.282106,51.6140177,0
                -0.282456,51.6138707,0
                -0.282273,51.6137327,0
                -0.282178,51.6137697,0
                -0.28208,51.6136607,0
                -0.282233,51.6135507,0
                -0.282239,51.6135087,0
                -0.281915,51.6132327,0
                -0.281842,51.6131767,0
                -0.281922,51.6131357,0
                -0.281395,51.6126507,0
                -0.281149,51.6127547,0
                -0.281034,51.6128037,0
                -0.280929,51.6127187,0
                -0.28102,51.6125947,0
                -0.281157,51.6125337,0
                -0.281195,51.6125107,0
                -0.281098,51.6124007,0
                -0.280519,51.6118477,0
                -0.28046,51.6118807,0
                -0.28035,51.6119387,0
                -0.280192,51.6118937,0
                -0.279801,51.6121787,0
                -0.279118,51.6118357,0
                -0.279019,51.6118977,0
                -0.278727,51.6117307,0
                -0.278225,51.6120737,0
                -0.278024,51.6119737,0
                -0.277949,51.6119147,0
                -0.278067,51.6117807,0
                -0.277815,51.6116807,0
                -0.277008,51.6125967,0
                -0.276903,51.6127507,0
                -0.276769,51.6128867,0
                -0.276152,51.6134817,0
                -0.276082,51.6134967,0
                -0.275795,51.6133697,0
                -0.275575,51.6135997,0
                -0.275849,51.6137627,0
                -0.275798,51.6138647,0
                -0.275702,51.6141357,0
                -0.27547,51.6140977,0
                -0.275365,51.6140787,0
                -0.275207,51.6140037,0
                -0.275098,51.6139777,0
                -0.274982,51.6140567,0
                -0.274824,51.6140097,0
                -0.274052,51.6141617,0
                -0.273985,51.6140507,0
                -0.273733,51.6138987,0
                -0.273076,51.6135717,0
                -0.272469,51.6132797,0
                -0.271842,51.6129737,0
                -0.271474,51.6127737,0
                -0.271681,51.6126437,0
                -0.271662,51.6125617,0
                -0.270224,51.6120577,0
                -0.270125,51.6120837,0
                -0.270216,51.6122857,0
                -0.269967,51.6124107,0
                -0.268851,51.6126167,0
                -0.266488,51.6128107,0
                -0.265434,51.6127887,0
                -0.265431,51.6127417,0
                -0.265477,51.6125267,0
                -0.265555,51.6122587,0
                -0.265343,51.6122537,0
                -0.265329,51.6122987,0
                -0.264747,51.6122587,0
                -0.264138,51.6122357,0
                -0.262414,51.6123507,0
                -0.260977,51.6124457,0
                -0.259665,51.6125587,0
                -0.258326,51.6126227,0
                -0.25633,51.6128737,0
                -0.256255,51.6128437,0
                -0.256237,51.6127917,0
                -0.256186,51.6127467,0
                -0.256086,51.6127467,0
                -0.256001,51.6128017,0
                -0.255789,51.6127617,0
                -0.255706,51.6127087,0
                -0.25544,51.6126957,0
                -0.255405,51.6127367,0
                -0.255048,51.6127457,0
                -0.254973,51.6127617,0
                -0.254912,51.6127957,0
                -0.25482,51.6129537,0
                -0.253992,51.6129387,0
                -0.252814,51.6128767,0
                -0.252707,51.6128767,0
                -0.252669,51.6128987,0
                -0.252565,51.6129867,0
                -0.252334,51.6133927,0
                -0.251792,51.6142107,0
                -0.251484,51.6141447,0
                -0.251216,51.6139987,0
                -0.250927,51.6138667,0
                -0.250731,51.6137617,0
                -0.250655,51.6137047,0
                -0.250558,51.6135877,0
                -0.250354,51.6137867,0
                -0.250478,51.6138447,0
                -0.250802,51.6140307,0
                -0.251293,51.6142597,0
                -0.251374,51.6142757,0
                -0.251519,51.6144757,0
                -0.252506,51.6155717,0
                -0.25334,51.6164117,0
                -0.253973,51.6169627,0
                -0.254032,51.6170137,0
                -0.254031,51.6170907,0
                -0.254088,51.6171607,0
                -0.25401,51.6173687,0
                -0.253985,51.6174097,0
                -0.253933,51.6174567,0
                -0.253973,51.6174817,0
                -0.254008,51.6174607,0
                -0.254051,51.6174587,0
                -0.254107,51.6172707,0
                -0.254179,51.6170677,0
                -0.254394,51.6171337,0
                -0.255129,51.6173657,0
                -0.255856,51.6175507,0
                -0.255748,51.6177387,0
                -0.255523,51.6181027,0
                -0.255338,51.6182867,0
                -0.255276,51.6182967,0
                -0.255228,51.6183467,0
                -0.2553,51.6184017,0
                -0.255394,51.6183977,0
                -0.255424,51.6183467,0
                -0.255609,51.6181497,0
                -0.255799,51.6178837,0
                -0.256438,51.6168287,0
                -0.257961,51.6172357,0
                -0.256521,51.6191157,0
                -0.256416,51.6192637,0
                -0.256473,51.6193587,0
                -0.256752,51.6195457,0
                -0.257134,51.6198107,0
                -0.256951,51.6199367,0
                -0.256606,51.6201327,0
                -0.25592,51.6204317,0
                -0.255673,51.6204887,0
                -0.255791,51.6206497,0
                -0.256717,51.6202717,0
                -0.257013,51.6205197,0
                -0.257167,51.6206247,0
                -0.257503,51.6209247,0
                -0.257599,51.6211977,0
                -0.257782,51.6213037,0
                -0.258038,51.6213687,0
                -0.258178,51.6216217,0
                -0.259222,51.6216587,0
                -0.259216,51.6218167,0
                -0.259219,51.6220437,0
                -0.259396,51.6222427,0
                -0.260933,51.6240867,0
                -0.261065,51.6241727,0
                -0.261234,51.6242197,0
                -0.261483,51.6241347,0
                -0.262191,51.6238887,0
                -0.262427,51.6237687,0
                -0.262567,51.6236147,0
                -0.262663,51.6233817,0
                -0.262642,51.6231287,0
                -0.262116,51.6225297,0
                -0.261837,51.6223767,0
                -0.261569,51.6223027,0
                -0.260517,51.6222027,0
                -0.260238,51.6221967,0
                -0.259777,51.6223497,0
                -0.259453,51.6219847,0
                -0.25945,51.6216337,0
                -0.260002,51.6216437,0
                -0.261032,51.6217307,0
                -0.262438,51.6219237,0
                -0.263158,51.6220207,0
                -0.263164,51.6220637,0
                -0.263332,51.6220867,0
                -0.26334,51.6221247,0
                -0.264264,51.6222387,0
                -0.264314,51.6221657,0
                -0.265313,51.6222667,0
                -0.266472,51.6223497,0
                -0.266445,51.6227627,0
                -0.265453,51.6227427,0
                -0.264948,51.6227757,0
                -0.264734,51.6228627,0
                -0.26453,51.6230757,0
                -0.264337,51.6238017,0
                -0.263994,51.6244617,0
                -0.262956,51.6257757,0
                -0.262867,51.6260267,0
                -0.262652,51.6260977,0
                -0.262846,51.6263257,0
                -0.26365,51.6272587,0
                -0.263618,51.6274047,0
                -0.263843,51.6277177,0
                -0.263908,51.6277917,0
                -0.264004,51.6277917,0
                -0.264187,51.6277647,0
                -0.264165,51.6279247,0
                -0.264568,51.6285827,0
                -0.265109,51.6292227,0
                -0.265284,51.6293717,0
                -0.265463,51.6294367,0
                -0.265498,51.6295267,0
                -0.265603,51.6295697,0
                -0.266751,51.6309747,0
                -0.267073,51.6313277,0
                -0.267309,51.6314477,0
                -0.26748,51.6314657,0
                -0.267483,51.6315887,0
                -0.267565,51.6318947,0
                -0.267767,51.6318827,0
                -0.267786,51.6317377,0
                -0.267963,51.6317277,0
                -0.268253,51.6317207,0
                -0.268516,51.6317257,0
                -0.268628,51.6317267,0
                -0.268894,51.6317407,0
                -0.268704,51.6315007,0
                -0.268575,51.6313147,0
                -0.268671,51.6312807,0
                -0.268789,51.6311747,0
                -0.268915,51.6310497,0
                -0.269017,51.6310647,0
                -0.26916,51.6311117,0
                -0.269208,51.6311017,0
                -0.269412,51.6312807,0
                -0.269908,51.6318887,0
                -0.270297,51.6318907,0
                -0.270345,51.6318137,0
                -0.271118,51.6314877,0
                -0.271364,51.6314547,0
                -0.272223,51.6312607,0
                -0.272394,51.6312007,0
                -0.272469,51.6311077,0
                -0.272308,51.6304957,0
                -0.272019,51.6297357,0
                -0.272048,51.6296827,0
                -0.272346,51.6294797,0
                -0.27244,51.6295277,0
                -0.272817,51.6293657,0
                -0.273008,51.6290927,0
                -0.273027,51.6290217,0
                -0.272968,51.6287657,0
                -0.275173,51.6285707,0
                -0.276782,51.6283377,0
                -0.276965,51.6287307,0
                -0.276976,51.6287857,0
                -0.277072,51.6288007,0
                -0.277158,51.6287487,0
                -0.277094,51.6286767,0
                -0.276943,51.6283237,0
                -0.278113,51.6282177,0
                -0.27896,51.6281777,0
                -0.280269,51.6281847,0
              </coordinates>
            </LinearRing>
          </outerBoundaryIs>
        </Polygon>
      </Placemark>
      <Placemark>
        <name>Line 1</name>
        <styleUrl>#line-DB4436-4000-nodesc</styleUrl>
        <LineString>
          <tessellate>1</tessellate>
          <coordinates>
            -0.294641,51.60746,0
            -0.294249,51.603669,0
            -0.294099,51.602906,0
            -0.294871,51.602826,0
          </coordinates>
        </LineString>
      </Placemark>
      <Placemark>
        <name>Line 2</name>
        <styleUrl>#line-DB4436-4000-nodesc</styleUrl>
        <LineString>
          <tessellate>1</tessellate>
          <coordinates>
            -0.294871,51.602826,0
            -0.294292,51.60128,0
          </coordinates>
        </LineString>
      </Placemark>
      <Placemark>
        <name>Line 3</name>
        <styleUrl>#line-DB4436-4000-nodesc</styleUrl>
        <LineString>
          <tessellate>1</tessellate>
          <coordinates>
            -0.294292,51.60128,0
            -0.293734,51.59952,0
            -0.29618,51.599347,0
          </coordinates>
        </LineString>
      </Placemark>
      <Placemark>
        <name>Line 4</name>
        <styleUrl>#line-DB4436-4000-nodesc</styleUrl>
        <LineString>
          <tessellate>1</tessellate>
          <coordinates>
            -0.29618,51.599347,0
            -0.296652,51.599254,0
            -0.296824,51.59968,0
            -0.301437,51.598974,0
          </coordinates>
        </LineString>
      </Placemark>
      <Placemark>
        <name>Line 7</name>
        <styleUrl>#line-DB4436-4000-nodesc</styleUrl>
        <LineString>
          <tessellate>1</tessellate>
          <coordinates>
            -0.301437,51.598974,0
            -0.300558,51.597234,0
            -0.303841,51.596655,0
            -0.304828,51.598061,0
            -0.30516,51.597681,0
            -0.308121,51.597094,0
          </coordinates>
        </LineString>
      </Placemark>
      <Placemark>
        <name>Line 9</name>
        <styleUrl>#line-DB4436-4000-nodesc</styleUrl>
        <LineString>
          <tessellate>1</tessellate>
          <coordinates>
            -0.308121,51.597094,0
            -0.308465,51.597421,0
            -0.309227,51.597154,0
            -0.308862,51.596768,0
            -0.312037,51.595928,0
          </coordinates>
        </LineString>
      </Placemark>
      <Placemark>
        <name>Line 10</name>
        <styleUrl>#line-DB4436-4000-nodesc</styleUrl>
        <LineString>
          <tessellate>1</tessellate>
          <coordinates>
            -0.312037,51.595928,0
            -0.31178,51.595462,0
            -0.313003,51.595268,0
            -0.313883,51.597281,0
            -0.31738,51.596655,0
          </coordinates>
        </LineString>
      </Placemark>
      <Placemark>
        <name>Line 11</name>
        <styleUrl>#line-DB4436-4000-nodesc</styleUrl>
        <LineString>
          <tessellate>1</tessellate>
          <coordinates>
            -0.31738,51.596655,0
            -0.317284,51.596181,0
            -0.317938,51.596068,0
          </coordinates>
        </LineString>
      </Placemark>
      <Placemark>
        <name>Line 12</name>
        <styleUrl>#line-DB4436-4000-nodesc</styleUrl>
        <LineString>
          <tessellate>1</tessellate>
          <coordinates>
            -0.317938,51.596068,0
            -0.317928,51.595935,0
            -0.318249,51.595955,0
            -0.318485,51.595928,0
            -0.318346,51.595535,0
            -0.320191,51.595242,0
            -0.320288,51.595668,0
            -0.320728,51.595588,0
          </coordinates>
        </LineString>
      </Placemark>
      <Placemark>
        <name>Line 13</name>
        <styleUrl>#line-DB4436-4000-nodesc</styleUrl>
        <LineString>
          <tessellate>1</tessellate>
          <coordinates>
            -0.320728,51.595588,0
            -0.321608,51.595462,0
            -0.3215,51.596815,0
            -0.321339,51.597874,0
            -0.321136,51.598694,0
            -0.320932,51.5993,0
            -0.320524,51.599987,0
            -0.320234,51.600493,0
            -0.320116,51.600853,0
          </coordinates>
        </LineString>
      </Placemark>
      <Placemark>
        <name>Line 14</name>
        <styleUrl>#line-DB4436-4000-nodesc</styleUrl>
        <LineString>
          <tessellate>1</tessellate>
          <coordinates>
            -0.320116,51.600853,0
            -0.321136,51.600647,0
            -0.321758,51.60036,0
            -0.32223,51.60052,0
            -0.323077,51.601879,0
          </coordinates>
        </LineString>
      </Placemark>
      <Placemark>
        <name>Line 15</name>
        <styleUrl>#line-DB4436-4000-nodesc</styleUrl>
        <LineString>
          <tessellate>1</tessellate>
          <coordinates>
            -0.323077,51.601879,0
            -0.324472,51.601513,0
            -0.325062,51.60164,0
            -0.324697,51.602046,0
          </coordinates>
        </LineString>
      </Placemark>
      <Placemark>
        <name>Line 16</name>
        <styleUrl>#line-DB4436-4000-nodesc</styleUrl>
        <LineString>
          <tessellate>1</tessellate>
          <coordinates>
            -0.324697,51.602046,0
            -0.323507,51.602346,0
            -0.324204,51.603332,0
            -0.324258,51.603539,0
            -0.324054,51.604625,0
          </coordinates>
        </LineString>
      </Placemark>
      <Placemark>
        <name>Line 17</name>
        <styleUrl>#line-DB4436-4000-nodesc</styleUrl>
        <LineString>
          <tessellate>1</tessellate>
          <coordinates>
            -0.324054,51.604625,0
            -0.324622,51.604558,0
            -0.326875,51.603912,0
            -0.326757,51.603792,0
            -0.327154,51.603632,0
            -0.327648,51.603998,0
          </coordinates>
        </LineString>
      </Placemark>
      <Placemark>
        <name>Line 18</name>
        <styleUrl>#line-DB4436-4000-nodesc</styleUrl>
        <LineString>
          <tessellate>1</tessellate>
          <coordinates>
            -0.327648,51.603998,0
            -0.327262,51.604125,0
            -0.327444,51.604325,0
          </coordinates>
        </LineString>
      </Placemark>
      <Placemark>
        <name>Line 20</name>
        <styleUrl>#line-DB4436-4000-nodesc</styleUrl>
        <LineString>
          <tessellate>1</tessellate>
          <coordinates>
            -0.327444,51.604325,0
            -0.326275,51.604698,0
            -0.326468,51.604958,0
            -0.327111,51.604831,0
            -0.327283,51.605078,0
            -0.326468,51.605478,0
            -0.327305,51.606038,0
            -0.327884,51.605671,0
            -0.328399,51.606224,0
            -0.328699,51.606537,0
            -0.32886,51.607264,0
            -0.329075,51.608709,0
            -0.328656,51.608743,0
            -0.328871,51.609296,0
            -0.3293,51.609262,0
            -0.329322,51.609969,0
            -0.328817,51.610029,0
            -0.329118,51.610628,0
            -0.329493,51.610828,0
            -0.330083,51.611494,0
            -0.330577,51.612101,0
            -0.330845,51.612014,0
            -0.331103,51.612594,0
            -0.330695,51.612667,0
            -0.330995,51.613373,0
            -0.330116,51.613493,0
          </coordinates>
        </LineString>
      </Placemark>
      <Placemark>
        <name>Line 21</name>
        <styleUrl>#line-F8971B-4000-nodesc</styleUrl>
        <LineString>
          <tessellate>1</tessellate>
          <coordinates>
            -0.28058,51.611061,0
            -0.279293,51.609649,0
            -0.279551,51.609502,0
            -0.279357,51.609329,0
            -0.279615,51.609196,0
            -0.279357,51.608916,0
            -0.281482,51.60757,0
            -0.283112,51.606864,0
            -0.288144,51.603732,0
            -0.294099,51.602906,0
          </coordinates>
        </LineString>
      </Placemark>
      <Placemark>
        <name>Line 1</name>
        <styleUrl>#line-3F5BA9-4000-nodesc</styleUrl>
        <LineString>
          <tessellate>1</tessellate>
          <coordinates>
            -0.330148,51.613706,0
            -0.330116,51.613493,0
            -0.329794,51.612554,0
            -0.329558,51.612087,0
            -0.329204,51.611648,0
            -0.328968,51.611574,0
            -0.328474,51.611048,0
            -0.328528,51.610855,0
            -0.328345,51.610302,0
            -0.327616,51.610402,0
            -0.3265,51.610675,0
            -0.326242,51.610195,0
            -0.327498,51.609949,0
            -0.327154,51.609329,0
            -0.32591,51.609496,0
            -0.324504,51.609769,0
            -0.32356,51.609902,0
            -0.321876,51.609942,0
            -0.320578,51.609889,0
          </coordinates>
        </LineString>
      </Placemark>
      <Placemark>
        <name>Line 2</name>
        <styleUrl>#line-3F5BA9-4000-nodesc</styleUrl>
        <LineString>
          <tessellate>1</tessellate>
          <coordinates>
            -0.320578,51.609889,0
            -0.317938,51.609689,0
            -0.316726,51.609662,0
            -0.316662,51.610082,0
            -0.316039,51.610089,0
            -0.315835,51.610415,0
            -0.315728,51.610768,0
            -0.315492,51.610921,0
            -0.313153,51.610608,0
            -0.31325,51.610209,0
            -0.313046,51.610102,0
            -0.312252,51.610115,0
            -0.311973,51.608556,0
            -0.312563,51.60855,0
            -0.312724,51.607923,0
            -0.313529,51.60697,0
            -0.313035,51.606611,0
            -0.312467,51.606451,0
            -0.311898,51.606471,0
            -0.311201,51.606617,0
            -0.310825,51.605398,0
            -0.31001,51.605524,0
            -0.307982,51.606044,0
          </coordinates>
        </LineString>
      </Placemark>
      <Placemark>
        <name>Line 7</name>
        <styleUrl>#line-3F5BA9-4000-nodesc</styleUrl>
        <LineString>
          <tessellate>1</tessellate>
          <coordinates>
            -0.322831,51.619882,0
            -0.322659,51.619922,0
            -0.323753,51.6216,0
            -0.32429,51.622573,0
            -0.324118,51.623132,0
            -0.324075,51.623412,0
            -0.324247,51.623958,0
            -0.324225,51.624265,0
            -0.323989,51.624451,0
            -0.323775,51.624611,0
            -0.323539,51.624784,0
            -0.32326,51.624877,0
            -0.322938,51.624904,0
            -0.322573,51.624971,0
            -0.322251,51.625064,0
            -0.321865,51.625184,0
          </coordinates>
        </LineString>
      </Placemark>
      <Placemark>
        <name>Line 4</name>
        <styleUrl>#line-3F5BA9-4000-nodesc</styleUrl>
        <LineString>
          <tessellate>1</tessellate>
          <coordinates>
            -0.301105,51.610848,0
            -0.301073,51.611115,0
            -0.299903,51.611381,0
            -0.299056,51.611628,0
            -0.298895,51.611554,0
            -0.298508,51.610975,0
            -0.3003,51.610528,0
            -0.300236,51.610435,0
            -0.298433,51.610888,0
            -0.298047,51.610315,0
            -0.298144,51.610189,0
            -0.299903,51.609895,0
            -0.300139,51.609942,0
            -0.300193,51.609855,0
            -0.3,51.609729,0
            -0.29912,51.607357,0
            -0.296845,51.607463,0
            -0.296845,51.607637,0
            -0.294592,51.60769,0
            -0.294641,51.60746,0
          </coordinates>
        </LineString>
      </Placemark>
      <Placemark>
        <name>Line 8</name>
        <styleUrl>#line-3F5BA9-4000-nodesc</styleUrl>
        <LineString>
          <tessellate>1</tessellate>
          <coordinates>
            -0.321865,51.625184,0
            -0.322058,51.625477,0
            -0.320706,51.625956,0
            -0.320449,51.625677,0
            -0.321543,51.62525,0
            -0.320899,51.624718,0
            -0.320492,51.624997,0
            -0.320621,51.624478,0
            -0.319827,51.624718,0
            -0.31929,51.624598,0
            -0.318775,51.624611,0
            -0.318689,51.624877,0
            -0.318003,51.625224,0
            -0.31738,51.625464,0
            -0.317059,51.62537,0
            -0.316737,51.625557,0
            -0.316114,51.625264,0
            -0.313411,51.622546,0
            -0.312595,51.62192,0
            -0.312016,51.62204,0
            -0.310299,51.621227,0
            -0.309334,51.620548,0
            -0.308797,51.620788,0
            -0.308304,51.620401,0
            -0.307896,51.620561,0
            -0.308132,51.620854,0
            -0.306823,51.621254,0
            -0.30633,51.620841,0
            -0.305386,51.621107,0
            -0.30442,51.621307,0
            -0.304656,51.621813,0
            -0.303733,51.621987,0
          </coordinates>
        </LineString>
      </Placemark>
      <Placemark>
        <name>Line 6</name>
        <styleUrl>#line-3F5BA9-4000-nodesc</styleUrl>
        <LineString>
          <tessellate>1</tessellate>
          <coordinates>
            -0.294641,51.60746,0
            -0.294335,51.607477,0
            -0.294678,51.609942,0
            -0.292232,51.609929,0
            -0.290773,51.607717,0
            -0.289786,51.607863,0
            -0.290215,51.609089,0
            -0.28985,51.609276,0
            -0.289528,51.608823,0
            -0.289142,51.608783,0
            -0.288906,51.608836,0
            -0.288262,51.608223,0
            -0.286911,51.608676,0
            -0.287061,51.608876,0
            -0.286803,51.608929,0
            -0.286674,51.608716,0
            -0.285902,51.608769,0
            -0.285087,51.608836,0
            -0.284507,51.608996,0
            -0.283756,51.609262,0
            -0.282769,51.609649,0
          </coordinates>
        </LineString>
      </Placemark>
      <Placemark>
        <name>Line 9</name>
        <styleUrl>#line-3F5BA9-4000-nodesc</styleUrl>
        <LineString>
          <tessellate>1</tessellate>
          <coordinates>
            -0.303733,51.621987,0
            -0.303519,51.62152,0
            -0.298519,51.62236,0
            -0.299678,51.624345,0
            -0.298047,51.624331,0
            -0.297704,51.624797,0
            -0.297253,51.624971,0
            -0.296974,51.624851,0
            -0.296566,51.625037,0
            -0.29736,51.62573,0
            -0.296223,51.62613,0
            -0.296695,51.627701,0
            -0.295751,51.627728,0
            -0.295386,51.626729,0
            -0.2947,51.626809,0
            -0.294507,51.626489,0
            -0.293777,51.626289,0
            -0.293777,51.62585,0
            -0.293992,51.625637,0
            -0.293648,51.625477,0
            -0.293734,51.625357,0
            -0.292296,51.624784,0
          </coordinates>
        </LineString>
      </Placemark>
      <Placemark>
        <name>Line 11</name>
        <styleUrl>#line-3F5BA9-4000-nodesc</styleUrl>
        <LineString>
          <tessellate>1</tessellate>
          <coordinates>
            -0.282769,51.609649,0
            -0.282984,51.609969,0
            -0.282383,51.610115,0
            -0.282125,51.610035,0
            -0.282362,51.609662,0
            -0.282061,51.609622,0
            -0.281632,51.610222,0
            -0.280581,51.611061,0
            -0.280988,51.611474,0
            -0.281632,51.611275,0
            -0.281546,51.611075,0
            -0.282018,51.611021,0
            -0.282319,51.611261,0
            -0.282512,51.611434,0
            -0.280752,51.612234,0
          </coordinates>
        </LineString>
      </Placemark>
      <Placemark>
        <name>Line 10</name>
        <styleUrl>#line-3F5BA9-4000-nodesc</styleUrl>
        <LineString>
          <tessellate>1</tessellate>
          <coordinates>
            -0.292296,51.624784,0
            -0.290387,51.624278,0
            -0.288413,51.623932,0
            -0.28867,51.623572,0
            -0.288391,51.623425,0
            -0.287876,51.623532,0
            -0.287426,51.623559,0
            -0.286503,51.623372,0
            -0.285559,51.623119,0
            -0.285387,51.623385,0
            -0.283848,51.622974,0
          </coordinates>
        </LineString>
      </Placemark>
      <Placemark>
        <name>Line 12</name>
        <styleUrl>#line-3F5BA9-4000-nodesc</styleUrl>
        <LineString>
          <tessellate>1</tessellate>
          <coordinates>
            -0.330148,51.613706,0
            -0.32856,51.613873,0
            -0.328195,51.613953,0
            -0.328109,51.613846,0
            -0.327938,51.613873,0
            -0.327895,51.614019,0
            -0.326071,51.614326,0
            -0.324376,51.614672,0
            -0.323217,51.614952,0
            -0.322723,51.615125,0
            -0.323324,51.615738,0
            -0.324247,51.616085,0
            -0.324998,51.616378,0
            -0.325341,51.616804,0
            -0.325963,51.616644,0
            -0.326135,51.616924,0
            -0.324354,51.617284,0
            -0.323925,51.616644,0
            -0.323474,51.616378,0
            -0.322702,51.616218,0
            -0.32238,51.616205,0
            -0.322702,51.616564,0
            -0.322552,51.616684,0
            -0.323024,51.617217,0
            -0.322316,51.61771,0
            -0.322702,51.617843,0
            -0.322595,51.619109,0
            -0.322831,51.619882,0
          </coordinates>
        </LineString>
      </Placemark>
      <Placemark>
        <name>Line 3</name>
        <styleUrl>#line-3F5BA9-4000-nodesc</styleUrl>
        <LineString>
          <tessellate>1</tessellate>
          <coordinates>
            -0.307982,51.606044,0
            -0.308518,51.60773,0
            -0.30913,51.609236,0
            -0.308722,51.609336,0
            -0.308808,51.609522,0
            -0.306823,51.609902,0
            -0.306094,51.609869,0
            -0.306201,51.609376,0
            -0.306072,51.609109,0
            -0.3056,51.609216,0
            -0.305707,51.609476,0
            -0.305622,51.609862,0
            -0.30515,51.609822,0
            -0.303057,51.610502,0
            -0.30221,51.610935,0
            -0.301598,51.610762,0
            -0.301105,51.610848,0
          </coordinates>
        </LineString>
      </Placemark>
    </Folder>
    <Folder>
      <name>Brondesbury Park</name>
      <Placemark>
        <name>Line 5</name>
        <styleUrl>#line-673AB7-5000-nodesc</styleUrl>
        <LineString>
          <tessellate>1</tessellate>
          <coordinates>
            -0.212166,51.558296,0
            -0.212574,51.558089,0
          </coordinates>
        </LineString>
      </Placemark>
      <Placemark>
        <name>Line 6</name>
        <styleUrl>#line-673AB7-4000-nodesc</styleUrl>
        <LineString>
          <tessellate>1</tessellate>
          <coordinates>
            -0.212574,51.558089,0
            -0.212726,51.558016,0
            -0.212707,51.557995,0
            -0.212994,51.55786,0
            -0.212911,51.557795,0
          </coordinates>
        </LineString>
      </Placemark>
      <Placemark>
        <name>Line 7</name>
        <styleUrl>#line-673AB7-4000-nodesc</styleUrl>
        <LineString>
          <tessellate>1</tessellate>
          <coordinates>
            -0.212911,51.557795,0
            -0.212184,51.557085,0
            -0.211672,51.556476,0
          </coordinates>
        </LineString>
      </Placemark>
      <Placemark>
        <name>Line 10</name>
        <styleUrl>#line-673AB7-5000-nodesc</styleUrl>
        <LineString>
          <tessellate>1</tessellate>
          <coordinates>
            -0.211672,51.556476,0
            -0.211634,51.55649,0
            -0.211405,51.556234,0
            -0.211243,51.556074,0
            -0.211304,51.55605,0
            -0.211212,51.555942,0
            -0.211167,51.555961,0
            -0.21115,51.555948,0
            -0.211133,51.55594,0
            -0.211097,51.555952,0
            -0.211095,51.555968,0
            -0.211021,51.555998,0
            -0.210989,51.556008,0
            -0.210863,51.555889,0
            -0.210792,51.555819,0
            -0.210933,51.555751,0
            -0.211021,51.555817,0
            -0.211233,51.555725,0
          </coordinates>
        </LineString>
      </Placemark>
      <Placemark>
        <name>Line 11</name>
        <styleUrl>#line-673AB7-5000-nodesc</styleUrl>
        <LineString>
          <tessellate>1</tessellate>
          <coordinates>
            -0.211233,51.555725,0
            -0.209994,51.554624,0
            -0.208797,51.553552,0
            -0.207421,51.552346,0
            -0.207221,51.55219,0
            -0.207304,51.552146,0
            -0.207136,51.552,0
          </coordinates>
        </LineString>
      </Placemark>
      <Placemark>
        <name>Line 12</name>
        <styleUrl>#line-673AB7-4000-nodesc</styleUrl>
        <LineString>
          <tessellate>1</tessellate>
          <coordinates>
            -0.207136,51.552,0
            -0.207016,51.552066,0
            -0.206993,51.552049,0
          </coordinates>
        </LineString>
      </Placemark>
      <Placemark>
        <name>Line 13</name>
        <styleUrl>#line-673AB7-4000-nodesc</styleUrl>
        <LineString>
          <tessellate>1</tessellate>
          <coordinates>
            -0.206993,51.552049,0
            -0.206846,51.551946,0
          </coordinates>
        </LineString>
      </Placemark>
      <Placemark>
        <name>Line 14</name>
        <styleUrl>#line-673AB7-4000-nodesc</styleUrl>
        <LineString>
          <tessellate>1</tessellate>
          <coordinates>
            -0.206846,51.551946,0
            -0.206786,51.551904,0
            -0.206858,51.551866,0
            -0.20676,51.551798,0
            -0.206784,51.551787,0
            -0.206762,51.551769,0
            -0.206788,51.551758,0
            -0.206657,51.551663,0
            -0.206523,51.551735,0
            -0.206386,51.551634,0
            -0.20653,51.551583,0
            -0.206267,51.551356,0
            -0.205756,51.550938,0
            -0.20554,51.551028,0
            -0.205509,51.551063,0
            -0.20548,51.551021,0
            -0.205333,51.551078,0
            -0.205396,51.551127,0
            -0.205308,51.551164,0
            -0.205186,51.551063,0
            -0.205086,51.551083,0
          </coordinates>
        </LineString>
      </Placemark>
      <Placemark>
        <name>Line 15</name>
        <styleUrl>#line-673AB7-3000-nodesc</styleUrl>
        <LineString>
          <tessellate>1</tessellate>
          <coordinates>
            -0.205086,51.551083,0
            -0.204927,51.551096,0
            -0.204926,51.551077,0
            -0.204823,51.551086,0
            -0.204728,51.551093,0
            -0.204626,51.5511,0
            -0.204528,51.551105,0
            -0.204467,51.551109,0
          </coordinates>
        </LineString>
      </Placemark>
      <Placemark>
        <name>Line 16</name>
        <styleUrl>#line-673AB7-5000-nodesc</styleUrl>
        <LineString>
          <tessellate>1</tessellate>
          <coordinates>
            -0.204467,51.551109,0
            -0.204193,51.550956,0
          </coordinates>
        </LineString>
      </Placemark>
      <Placemark>
        <name>Line 17</name>
        <styleUrl>#line-673AB7-3000-nodesc</styleUrl>
        <LineString>
          <tessellate>1</tessellate>
          <coordinates>
            -0.204193,51.550956,0
            -0.204183,51.550952,0
            -0.204034,51.550892,0
            -0.203786,51.550796,0
            -0.203408,51.55065,0
            -0.203242,51.550574,0
            -0.203225,51.550589,0
            -0.203125,51.550544,0
            -0.203136,51.550531,0
            -0.202779,51.550388,0
            -0.202589,51.55034,0
            -0.202452,51.550284,0
            -0.202306,51.550223,0
            -0.202253,51.550201,0
            -0.202148,51.550121,0
            -0.202097,51.550045,0
            -0.20212,51.549997,0
            -0.202145,51.549939,0
            -0.202115,51.549898,0
            -0.20193,51.549911,0
            -0.20187,51.549902,0
            -0.201833,51.54989,0
            -0.201708,51.549844,0
          </coordinates>
        </LineString>
      </Placemark>
      <Placemark>
        <name>Line 18</name>
        <styleUrl>#line-673AB7-2000-nodesc</styleUrl>
        <LineString>
          <tessellate>1</tessellate>
          <coordinates>
            -0.201708,51.549844,0
            -0.201712,51.549823,0
            -0.201181,51.549642,0
            -0.201168,51.549659,0
            -0.200488,51.549444,0
            -0.199582,51.549178,0
          </coordinates>
        </LineString>
      </Placemark>
      <Placemark>
        <name>Line 19</name>
        <styleUrl>#line-673AB7-4000-nodesc</styleUrl>
        <LineString>
          <tessellate>1</tessellate>
          <coordinates>
            -0.199582,51.549178,0
            -0.199578,51.549168,0
            -0.199389,51.549115,0
            -0.199074,51.549029,0
            -0.19912,51.548949,0
            -0.199118,51.548932,0
            -0.198977,51.548896,0
            -0.198933,51.548953,0
            -0.198706,51.548902,0
            -0.198567,51.549081,0
            -0.198092,51.548958,0
            -0.197054,51.548752,0
            -0.195984,51.548555,0
            -0.195254,51.548458,0
            -0.195424,51.54798,0
            -0.194865,51.5479,0
            -0.194742,51.547883,0
            -0.19468,51.547875,0
            -0.194637,51.547879,0
            -0.194512,51.547896,0
            -0.194421,51.547903,0
            -0.19437,51.547898,0
          </coordinates>
        </LineString>
      </Placemark>
      <Placemark>
        <name>Line 20</name>
        <styleUrl>#line-673AB7-3000-nodesc</styleUrl>
        <LineString>
          <tessellate>1</tessellate>
          <coordinates>
            -0.19437,51.547898,0
            -0.194237,51.547883,0
            -0.193928,51.547941,0
            -0.193927,51.547949,0
            -0.193498,51.548019,0
            -0.193496,51.548034,0
            -0.193481,51.548034,0
          </coordinates>
        </LineString>
      </Placemark>
      <Placemark>
        <name>Line 21</name>
        <styleUrl>#line-673AB7-3000-nodesc</styleUrl>
        <LineString>
          <tessellate>1</tessellate>
          <coordinates>
            -0.193481,51.548034,0
            -0.193462,51.548032,0
            -0.193262,51.548048,0
            -0.193254,51.548062,0
            -0.193198,51.548058,0
            -0.193017,51.548075,0
            -0.19259,51.548086,0
            -0.19203,51.548073,0
            -0.192031,51.548164,0
            -0.192033,51.54819,0
            -0.191968,51.548188,0
            -0.191965,51.548165,0
            -0.191186,51.548122,0
          </coordinates>
        </LineString>
      </Placemark>
      <Placemark>
        <name>Line 22</name>
        <styleUrl>#line-673AB7-4000-nodesc</styleUrl>
        <LineString>
          <tessellate>1</tessellate>
          <coordinates>
            -0.191186,51.548122,0
            -0.190941,51.548045,0
          </coordinates>
        </LineString>
      </Placemark>
      <Placemark>
        <name>Line 23</name>
        <styleUrl>#line-673AB7-4000-nodesc</styleUrl>
        <LineString>
          <tessellate>1</tessellate>
          <coordinates>
            -0.190941,51.548045,0
            -0.190952,51.548044,0
            -0.19095,51.548015,0
          </coordinates>
        </LineString>
      </Placemark>
      <Placemark>
        <name>Line 24</name>
        <styleUrl>#line-673AB7-3000-nodesc</styleUrl>
        <LineString>
          <tessellate>1</tessellate>
          <coordinates>
            -0.19095,51.548015,0
            -0.190939,51.548014,0
            -0.190954,51.547772,0
          </coordinates>
        </LineString>
      </Placemark>
      <Placemark>
        <name>Line 25</name>
        <styleUrl>#line-673AB7-4000-nodesc</styleUrl>
        <LineString>
          <tessellate>1</tessellate>
          <coordinates>
            -0.190954,51.547772,0
            -0.190944,51.547772,0
            -0.190956,51.54759,0
            -0.190957,51.54745,0
            -0.190884,51.547448,0
            -0.190831,51.547438,0
            -0.190818,51.547439,0
            -0.19067,51.54749,0
          </coordinates>
        </LineString>
      </Placemark>
      <Placemark>
        <name>Line 26</name>
        <styleUrl>#line-673AB7-4000-nodesc</styleUrl>
        <LineString>
          <tessellate>1</tessellate>
          <coordinates>
            -0.19067,51.54749,0
            -0.190658,51.54747,0
          </coordinates>
        </LineString>
      </Placemark>
      <Placemark>
        <name>Line 27</name>
        <styleUrl>#line-673AB7-5000-nodesc</styleUrl>
        <LineString>
          <tessellate>1</tessellate>
          <coordinates>
            -0.190658,51.54747,0
            -0.190732,51.547451,0
            -0.19091,51.5474,0
            -0.190963,51.547382,0
            -0.190987,51.547369,0
            -0.190983,51.547111,0
            -0.19094,51.547101,0
            -0.190845,51.54711,0
            -0.190773,51.547117,0
          </coordinates>
        </LineString>
      </Placemark>
      <Placemark>
        <name>Line 28</name>
        <styleUrl>#line-673AB7-4000-nodesc</styleUrl>
        <LineString>
          <tessellate>1</tessellate>
          <coordinates>
            -0.190773,51.547117,0
            -0.1909,51.546985,0
          </coordinates>
        </LineString>
      </Placemark>
      <Placemark>
        <name>Line 29</name>
        <styleUrl>#line-673AB7-4000-nodesc</styleUrl>
        <LineString>
          <tessellate>1</tessellate>
          <coordinates>
            -0.1909,51.546985,0
            -0.19099,51.546975,0
            -0.190997,51.546899,0
            -0.191008,51.546738,0
            -0.191008,51.546643,0
            -0.19101,51.546452,0
            -0.190303,51.546485,0
            -0.18974,51.546512,0
            -0.18956,51.546519,0
            -0.189461,51.54653,0
            -0.18918,51.546545,0
            -0.189184,51.546553,0
            -0.188899,51.54657,0
            -0.188723,51.546582,0
            -0.188668,51.546582,0
            -0.188666,51.54655,0
            -0.188651,51.546543,0
            -0.188599,51.546542,0
            -0.188417,51.546458,0
            -0.188359,51.546435,0
            -0.188071,51.546372,0
            -0.18796,51.546368,0
            -0.187256,51.54645,0
          </coordinates>
        </LineString>
      </Placemark>
      <Placemark>
        <name>Line 30</name>
        <styleUrl>#line-673AB7-4000-nodesc</styleUrl>
        <LineString>
          <tessellate>1</tessellate>
          <coordinates>
            -0.187256,51.54645,0
            -0.187324,51.546694,0
            -0.187342,51.546764,0
            -0.186164,51.546904,0
            -0.186131,51.546888,0
            -0.18583,51.546926,0
            -0.184454,51.547077,0
            -0.184193,51.547075,0
            -0.183125,51.547112,0
            -0.18285,51.547097,0
            -0.182325,51.547091,0
            -0.182027,51.547062,0
            -0.181876,51.547035,0
            -0.181903,51.546935,0
            -0.18161,51.546881,0
            -0.181354,51.546812,0
            -0.181195,51.546763,0
            -0.180894,51.546667,0
            -0.180733,51.546626,0
            -0.180401,51.546736,0
            -0.180487,51.546838,0
            -0.18055,51.546854,0
            -0.181426,51.547105,0
            -0.181797,51.547178,0
            -0.182164,51.54722,0
            -0.18215,51.547279,0
            -0.181733,51.547245,0
            -0.181321,51.547154,0
            -0.180696,51.546969,0
            -0.180444,51.54689,0
            -0.180395,51.546856,0
            -0.180316,51.54676,0
          </coordinates>
        </LineString>
      </Placemark>
      <Placemark>
        <name>Line 31</name>
        <styleUrl>#line-673AB7-3000-nodesc</styleUrl>
        <LineString>
          <tessellate>1</tessellate>
          <coordinates>
            -0.180316,51.54676,0
            -0.180074,51.546629,0
          </coordinates>
        </LineString>
      </Placemark>
      <Placemark>
        <name>Line 32</name>
        <styleUrl>#line-673AB7-5000-nodesc</styleUrl>
        <LineString>
          <tessellate>1</tessellate>
          <coordinates>
            -0.180074,51.546629,0
            -0.17992,51.546681,0
            -0.179483,51.546396,0
            -0.179141,51.54618,0
            -0.179389,51.546064,0
          </coordinates>
        </LineString>
      </Placemark>
      <Placemark>
        <name>Line 33</name>
        <styleUrl>#line-673AB7-4000-nodesc</styleUrl>
        <LineString>
          <tessellate>1</tessellate>
          <coordinates>
            -0.179389,51.546064,0
            -0.17937,51.546062,0
            -0.179102,51.546012,0
          </coordinates>
        </LineString>
      </Placemark>
      <Placemark>
        <name>Line 36</name>
        <styleUrl>#line-673AB7-3000-nodesc</styleUrl>
        <LineString>
          <tessellate>1</tessellate>
          <coordinates>
            -0.178974,51.546063,0
            -0.178736,51.545849,0
            -0.178705,51.545819,0
            -0.178543,51.545688,0
            -0.178294,51.54555,0
            -0.178122,51.545473,0
            -0.177963,51.545409,0
            -0.177876,51.545375,0
            -0.17795,51.545292,0
          </coordinates>
        </LineString>
      </Placemark>
      <Placemark>
        <name>Line 37</name>
        <styleUrl>#line-673AB7-3000-nodesc</styleUrl>
        <LineString>
          <tessellate>1</tessellate>
          <coordinates>
            -0.177685,51.545226,0
            -0.17795,51.545292,0
          </coordinates>
        </LineString>
      </Placemark>
      <Placemark>
        <name>Line 38</name>
        <styleUrl>#line-673AB7-3000-nodesc</styleUrl>
        <LineString>
          <tessellate>1</tessellate>
          <coordinates>
            -0.177684,51.545223,0
            -0.177774,51.545126,0
            -0.1776,51.54505,0
            -0.177574,51.545071,0
            -0.177346,51.544986,0
            -0.176913,51.54483,0
            -0.176469,51.544595,0
            -0.176082,51.54434,0
            -0.175928,51.544174,0
            -0.176186,51.544096,0
            -0.176347,51.544035,0
            -0.176367,51.544004,0
            -0.176372,51.543957,0
            -0.176316,51.543894,0
            -0.176231,51.543824,0
            -0.17615,51.543719,0
            -0.176137,51.543624,0
          </coordinates>
        </LineString>
      </Placemark>
      <Placemark>
        <name>Line 39</name>
        <styleUrl>#line-673AB7-3000-nodesc</styleUrl>
        <LineString>
          <tessellate>1</tessellate>
          <coordinates>
            -0.176137,51.543624,0
            -0.175927,51.543482,0
          </coordinates>
        </LineString>
      </Placemark>
      <Placemark>
        <name>Line 40</name>
        <styleUrl>#line-673AB7-3000-nodesc</styleUrl>
        <LineString>
          <tessellate>1</tessellate>
          <coordinates>
            -0.175927,51.543482,0
            -0.175964,51.543496,0
            -0.176351,51.54346,0
            -0.176365,51.543392,0
          </coordinates>
        </LineString>
      </Placemark>
      <Placemark>
        <name>Line 41</name>
        <styleUrl>#line-673AB7-3000-nodesc</styleUrl>
        <LineString>
          <tessellate>1</tessellate>
          <coordinates>
            -0.176365,51.543392,0
            -0.176537,51.54318,0
          </coordinates>
        </LineString>
      </Placemark>
      <Placemark>
        <name>Line 43</name>
        <styleUrl>#line-673AB7-4000-nodesc</styleUrl>
        <LineString>
          <tessellate>1</tessellate>
          <coordinates>
            -0.176536,51.543184,0
            -0.176591,51.543185,0
            -0.176575,51.54331,0
            -0.176523,51.543303,0
            -0.176526,51.543428,0
            -0.176774,51.543359,0
            -0.177284,51.543215,0
            -0.177253,51.543186,0
            -0.177433,51.543116,0
            -0.177483,51.543084,0
            -0.177634,51.543013,0
            -0.177556,51.54295,0
            -0.177584,51.542936,0
            -0.17764,51.542972,0
            -0.177854,51.542834,0
            -0.178248,51.542588,0
            -0.178483,51.542423,0
            -0.178671,51.542302,0
            -0.178716,51.542266,0
            -0.178834,51.542172,0
            -0.178845,51.542177,0
            -0.178946,51.542088,0
            -0.178952,51.542096,0
            -0.179027,51.542038,0
            -0.178957,51.541973,0
            -0.178668,51.542006,0
            -0.178654,51.541952,0
            -0.17877,51.54194,0
          </coordinates>
        </LineString>
      </Placemark>
      <Placemark>
        <name>Line 44</name>
        <styleUrl>#line-673AB7-4000-nodesc</styleUrl>
        <LineString>
          <tessellate>1</tessellate>
          <coordinates>
            -0.17877,51.54194,0
            -0.178644,51.541756,0
          </coordinates>
        </LineString>
      </Placemark>
      <Placemark>
        <name>Line 45</name>
        <styleUrl>#line-673AB7-3000-nodesc</styleUrl>
        <LineString>
          <tessellate>1</tessellate>
          <coordinates>
            -0.178644,51.541756,0
            -0.179192,51.541685,0
            -0.179168,51.541597,0
            -0.179141,51.541597,0
            -0.179131,51.541569,0
            -0.179062,51.541574,0
            -0.17904,51.541514,0
            -0.179046,51.541493,0
            -0.17919,51.541474,0
            -0.17919,51.541489,0
            -0.17922,51.541488,0
            -0.179233,51.541506,0
          </coordinates>
        </LineString>
      </Placemark>
      <Placemark>
        <name>Line 46</name>
        <styleUrl>#line-673AB7-3000-nodesc</styleUrl>
        <LineString>
          <tessellate>1</tessellate>
          <coordinates>
            -0.179233,51.541506,0
            -0.17944,51.541459,0
          </coordinates>
        </LineString>
      </Placemark>
      <Placemark>
        <name>Line 47</name>
        <styleUrl>#line-673AB7-3000-nodesc</styleUrl>
        <LineString>
          <tessellate>1</tessellate>
          <coordinates>
            -0.17944,51.541459,0
            -0.179545,51.541644,0
            -0.180296,51.541439,0
            -0.180392,51.54141,0
            -0.18193,51.541009,0
            -0.182645,51.540832,0
            -0.183837,51.540547,0
            -0.18457,51.540375,0
            -0.185942,51.540071,0
            -0.186326,51.539977,0
            -0.186582,51.539918,0
            -0.186783,51.539858,0
            -0.186848,51.539842,0
            -0.186853,51.539856,0
            -0.187044,51.539811,0
          </coordinates>
        </LineString>
      </Placemark>
      <Placemark>
        <name>Line 48</name>
        <styleUrl>#line-673AB7-3000-nodesc</styleUrl>
        <LineString>
          <tessellate>1</tessellate>
          <coordinates>
            -0.187044,51.539811,0
            -0.187029,51.539795,0
            -0.187072,51.539784,0
            -0.186959,51.539649,0
          </coordinates>
        </LineString>
      </Placemark>
      <Placemark>
        <name>Line 49</name>
        <styleUrl>#line-673AB7-3000-nodesc</styleUrl>
        <LineString>
          <tessellate>1</tessellate>
          <coordinates>
            -0.186959,51.539649,0
            -0.187143,51.539583,0
          </coordinates>
        </LineString>
      </Placemark>
      <Placemark>
        <name>Line 50</name>
        <styleUrl>#line-673AB7-4000-nodesc</styleUrl>
        <LineString>
          <tessellate>1</tessellate>
          <coordinates>
            -0.187143,51.539583,0
            -0.187099,51.539543,0
            -0.187091,51.539526,0
            -0.187142,51.539513,0
            -0.187264,51.539472,0
            -0.187396,51.539423,0
            -0.187562,51.539357,0
            -0.188036,51.539178,0
            -0.188264,51.539092,0
            -0.188601,51.538957,0
            -0.188964,51.538815,0
            -0.189022,51.538872,0
            -0.189048,51.538861,0
            -0.189076,51.538887,0
            -0.189107,51.538877,0
            -0.189178,51.538952,0
            -0.189204,51.538944,0
            -0.189228,51.538968,0
            -0.1894,51.538906,0
          </coordinates>
        </LineString>
      </Placemark>
      <Placemark>
        <name>Line 51</name>
        <styleUrl>#line-673AB7-3000-nodesc</styleUrl>
        <LineString>
          <tessellate>1</tessellate>
          <coordinates>
            -0.1894,51.538906,0
            -0.189653,51.538798,0
            -0.189856,51.538716,0
            -0.190027,51.538646,0
            -0.189999,51.538606,0
            -0.190047,51.538598,0
            -0.190051,51.538377,0
          </coordinates>
        </LineString>
      </Placemark>
      <Placemark>
        <name>Line 52</name>
        <styleUrl>#line-673AB7-3000-nodesc</styleUrl>
        <LineString>
          <tessellate>1</tessellate>
          <coordinates>
            -0.179102,51.546012,0
            -0.178974,51.546063,0
          </coordinates>
        </LineString>
      </Placemark>
      <Placemark>
        <name>Line 53</name>
        <styleUrl>#line-673AB7-3000-nodesc</styleUrl>
        <LineString>
          <tessellate>1</tessellate>
          <coordinates>
            -0.190051,51.538377,0
            -0.190062,51.53838,0
            -0.190191,51.538449,0
          </coordinates>
        </LineString>
      </Placemark>
      <Placemark>
        <name>Line 54</name>
        <styleUrl>#line-673AB7-4000-nodesc</styleUrl>
        <LineString>
          <tessellate>1</tessellate>
          <coordinates>
            -0.190191,51.538449,0
            -0.190229,51.538569,0
            -0.190257,51.538576,0
            -0.190288,51.538582,0
            -0.190306,51.538574,0
            -0.190638,51.538437,0
            -0.191051,51.538266,0
            -0.191064,51.53826,0
            -0.191067,51.53825,0
            -0.191062,51.538237,0
            -0.191042,51.538221,0
            -0.190952,51.538192,0
            -0.190873,51.538157,0
            -0.19084,51.538112,0
            -0.19109,51.538021,0
            -0.191183,51.537966,0
            -0.191206,51.537948,0
            -0.19122,51.537923,0
            -0.191235,51.537903,0
            -0.191268,51.537881,0
            -0.191302,51.537864,0
            -0.191404,51.537822,0
            -0.191962,51.537588,0
            -0.192214,51.537492,0
            -0.192351,51.537436,0
            -0.192446,51.537398,0
            -0.192466,51.537385,0
            -0.192475,51.537374,0
            -0.192473,51.537365,0
            -0.192397,51.537299,0
          </coordinates>
        </LineString>
      </Placemark>
      <Placemark>
        <name>Line 56</name>
        <styleUrl>#line-673AB7-3000-nodesc</styleUrl>
        <LineString>
          <tessellate>1</tessellate>
          <coordinates>
            -0.19279,51.537178,0
            -0.193377,51.537661,0
            -0.193651,51.537545,0
            -0.19362,51.537528,0
            -0.193753,51.537475,0
            -0.193774,51.537488,0
            -0.195444,51.53687,0
            -0.197143,51.536241,0
            -0.198853,51.535632,0
            -0.199794,51.535325,0
            -0.199729,51.535238,0
            -0.200449,51.535111,0
            -0.20057,51.53511,0
            -0.200709,51.535079,0
            -0.201404,51.53491,0
            -0.201925,51.534802,0
            -0.202444,51.534719,0
            -0.202835,51.53466,0
            -0.202896,51.534718,0
            -0.202967,51.534792,0
          </coordinates>
        </LineString>
      </Placemark>
      <Placemark>
        <name>Line 48</name>
        <styleUrl>#line-673AB7-3000-nodesc</styleUrl>
        <LineString>
          <tessellate>1</tessellate>
          <coordinates>
            -0.202963,51.534787,0
            -0.203071,51.534959,0
            -0.204187,51.534619,0
            -0.204222,51.534688,0
            -0.204508,51.534595,0
          </coordinates>
        </LineString>
      </Placemark>
      <Placemark>
        <name>Line 49</name>
        <styleUrl>#line-673AB7-3000-nodesc</styleUrl>
        <LineString>
          <tessellate>1</tessellate>
          <coordinates>
            -0.204508,51.534595,0
            -0.204533,51.53459,0
            -0.20441,51.534386,0
          </coordinates>
        </LineString>
      </Placemark>
      <Placemark>
        <name>Line 51</name>
        <styleUrl>#line-673AB7-3000-nodesc</styleUrl>
        <LineString>
          <tessellate>1</tessellate>
          <coordinates>
            -0.204657,51.53441,0
            -0.204729,51.534559,0
            -0.204934,51.53452,0
          </coordinates>
        </LineString>
      </Placemark>
      <Placemark>
        <name>Line 52</name>
        <styleUrl>#line-673AB7-3000-nodesc</styleUrl>
        <LineString>
          <tessellate>1</tessellate>
          <coordinates>
            -0.205126,51.53449,0
            -0.205102,51.534455,0
            -0.205657,51.534366,0
            -0.20627,51.534283,0
            -0.206727,51.534216,0
            -0.207556,51.534077,0
            -0.208518,51.533903,0
            -0.209522,51.533712,0
            -0.210169,51.533588,0
            -0.210795,51.533458,0
            -0.212262,51.533147,0
            -0.213225,51.532944,0
            -0.214319,51.532708,0
            -0.215427,51.53247,0
            -0.215305,51.532236,0
            -0.215854,51.532122,0
            -0.215895,51.532192,0
            -0.215937,51.532183,0
            -0.216018,51.532351,0
            -0.217011,51.532134,0
          </coordinates>
        </LineString>
      </Placemark>
      <Placemark>
        <name>Line 53</name>
        <styleUrl>#line-673AB7-3000-nodesc</styleUrl>
        <LineString>
          <tessellate>1</tessellate>
          <coordinates>
            -0.217011,51.532134,0
            -0.217058,51.532126,0
            -0.217088,51.532163,0
            -0.217198,51.532141,0
            -0.217185,51.532121,0
            -0.217374,51.532077,0
            -0.217293,51.531968,0
            -0.217182,51.531822,0
          </coordinates>
        </LineString>
      </Placemark>
      <Placemark>
        <name>Line 54</name>
        <styleUrl>#line-673AB7-3000-nodesc</styleUrl>
        <LineString>
          <tessellate>1</tessellate>
          <coordinates>
            -0.217182,51.531822,0
            -0.217404,51.531774,0
          </coordinates>
        </LineString>
      </Placemark>
      <Placemark>
        <name>Line 55</name>
        <styleUrl>#line-673AB7-3000-nodesc</styleUrl>
        <LineString>
          <tessellate>1</tessellate>
          <coordinates>
            -0.217404,51.531774,0
            -0.217592,51.532039,0
            -0.21764,51.532026,0
            -0.217816,51.531983,0
          </coordinates>
        </LineString>
      </Placemark>
      <Placemark>
        <name>Line 56</name>
        <styleUrl>#line-673AB7-2000-nodesc</styleUrl>
        <LineString>
          <tessellate>1</tessellate>
          <coordinates>
            -0.217816,51.531983,0
            -0.217982,51.531941,0
          </coordinates>
        </LineString>
      </Placemark>
      <Placemark>
        <name>Line 57</name>
        <styleUrl>#line-673AB7-2000-nodesc</styleUrl>
        <LineString>
          <tessellate>1</tessellate>
          <coordinates>
            -0.217977,51.531942,0
            -0.21797,51.531923,0
            -0.218053,51.531906,0
            -0.219545,51.531556,0
            -0.220524,51.531324,0
            -0.22127,51.531251,0
          </coordinates>
        </LineString>
      </Placemark>
      <Placemark>
        <name>Line 58</name>
        <styleUrl>#line-673AB7-2000-nodesc</styleUrl>
        <LineString>
          <tessellate>1</tessellate>
          <coordinates>
            -0.22127,51.531251,0
            -0.221753,51.531191,0
            -0.221777,51.531231,0
            -0.221927,51.531213,0
            -0.221914,51.531153,0
            -0.221924,51.531144,0
            -0.221933,51.531181,0
            -0.22208,51.531164,0
            -0.223055,51.531056,0
            -0.223844,51.530973,0
            -0.224839,51.530882,0
          </coordinates>
        </LineString>
      </Placemark>
      <Placemark>
        <name>Line 59</name>
        <styleUrl>#line-673AB7-3000-nodesc</styleUrl>
        <LineString>
          <tessellate>1</tessellate>
          <coordinates>
            -0.224839,51.530882,0
            -0.224825,51.530797,0
            -0.224846,51.530796,0
            -0.224849,51.53082,0
            -0.225096,51.530799,0
            -0.225182,51.530791,0
            -0.225206,51.530779,0
            -0.225223,51.530761,0
          </coordinates>
        </LineString>
      </Placemark>
      <Placemark>
        <name>Line 60</name>
        <styleUrl>#line-673AB7-3000-nodesc</styleUrl>
        <LineString>
          <tessellate>1</tessellate>
          <coordinates>
            -0.225223,51.530761,0
            -0.225274,51.530714,0
            -0.225321,51.53066,0
            -0.225241,51.530658,0
            -0.225245,51.530638,0
          </coordinates>
        </LineString>
      </Placemark>
      <Placemark>
        <name>Line 61</name>
        <styleUrl>#line-673AB7-3000-nodesc</styleUrl>
        <LineString>
          <tessellate>1</tessellate>
          <coordinates>
            -0.225245,51.530638,0
            -0.22527,51.530634,0
            -0.225257,51.530588,0
            -0.225334,51.530581,0
            -0.225324,51.530488,0
            -0.225138,51.530497,0
            -0.225138,51.530479,0
            -0.225027,51.530477,0
            -0.224964,51.530208,0
          </coordinates>
        </LineString>
      </Placemark>
      <Placemark>
        <name>Line 62</name>
        <styleUrl>#line-673AB7-3000-nodesc</styleUrl>
        <LineString>
          <tessellate>1</tessellate>
          <coordinates>
            -0.224964,51.530208,0
            -0.22506,51.530031,0
          </coordinates>
        </LineString>
      </Placemark>
      <Placemark>
        <name>Line 63</name>
        <styleUrl>#line-673AB7-3000-nodesc</styleUrl>
        <LineString>
          <tessellate>1</tessellate>
          <coordinates>
            -0.22506,51.530031,0
            -0.225438,51.529991,0
            -0.225414,51.53002,0
            -0.225414,51.530049,0
            -0.225455,51.530051,0
            -0.225455,51.530073,0
            -0.225954,51.530089,0
            -0.226543,51.530091,0
            -0.226605,51.530091,0
            -0.226605,51.530011,0
            -0.226668,51.530007,0
            -0.226678,51.5301,0
            -0.226887,51.530091,0
            -0.22697,51.530085,0
            -0.226965,51.530064,0
            -0.227021,51.53006,0
            -0.227024,51.530076,0
            -0.227331,51.530056,0
            -0.227536,51.53005,0
            -0.227537,51.530083,0
            -0.227808,51.530112,0
          </coordinates>
        </LineString>
      </Placemark>
      <Placemark>
        <name>Line 64</name>
        <styleUrl>#line-673AB7-3000-nodesc</styleUrl>
        <LineString>
          <tessellate>1</tessellate>
          <coordinates>
            -0.227808,51.530112,0
            -0.227823,51.530087,0
            -0.227858,51.530069,0
            -0.227904,51.530054,0
            -0.227941,51.530053,0
            -0.228011,51.530066,0
            -0.228038,51.530079,0
            -0.228066,51.530112,0
            -0.228067,51.53015,0
            -0.228354,51.530205,0
            -0.228411,51.530218,0
          </coordinates>
        </LineString>
      </Placemark>
      <Placemark>
        <name>Line 65</name>
        <styleUrl>#line-673AB7-3000-nodesc</styleUrl>
        <LineString>
          <tessellate>1</tessellate>
          <coordinates>
            -0.228411,51.530218,0
            -0.228491,51.530228,0
            -0.228531,51.530128,0
            -0.228579,51.53001,0
            -0.228708,51.529846,0
            -0.22875,51.529826,0
            -0.228734,51.529917,0
            -0.22919,51.529969,0
            -0.229204,51.530097,0
            -0.228644,51.530055,0
            -0.228532,51.530274,0
          </coordinates>
        </LineString>
      </Placemark>
      <Placemark>
        <name>Line 66</name>
        <styleUrl>#line-673AB7-3000-nodesc</styleUrl>
        <LineString>
          <tessellate>1</tessellate>
          <coordinates>
            -0.228532,51.530274,0
            -0.229065,51.530566,0
            -0.229183,51.530588,0
            -0.230159,51.530799,0
            -0.230195,51.530824,0
            -0.230366,51.530879,0
            -0.230447,51.530785,0
            -0.230517,51.530722,0
            -0.230684,51.530663,0
            -0.230663,51.530627,0
            -0.230742,51.530592,0
            -0.2308,51.530574,0
            -0.230867,51.530566,0
          </coordinates>
        </LineString>
      </Placemark>
      <Placemark>
        <name>Line 68</name>
        <styleUrl>#line-673AB7-3000-nodesc</styleUrl>
        <LineString>
          <tessellate>1</tessellate>
          <coordinates>
            -0.230867,51.530566,0
            -0.23115,51.530546,0
            -0.231527,51.53052,0
            -0.231836,51.530506,0
            -0.232185,51.530485,0
            -0.232303,51.53048,0
            -0.232384,51.530479,0
            -0.232629,51.53057,0
          </coordinates>
        </LineString>
      </Placemark>
      <Placemark>
        <name>Line 69</name>
        <styleUrl>#line-673AB7-3000-nodesc</styleUrl>
        <LineString>
          <tessellate>1</tessellate>
          <coordinates>
            -0.232629,51.53057,0
            -0.232728,51.530456,0
            -0.232861,51.530499,0
            -0.23296,51.530397,0
            -0.233045,51.530408,0
            -0.233045,51.530425,0
            -0.233115,51.53043,0
            -0.233109,51.530484,0
            -0.233369,51.530486,0
            -0.234273,51.530515,0
            -0.235248,51.530567,0
            -0.236632,51.530642,0
          </coordinates>
        </LineString>
      </Placemark>
      <Placemark>
        <name>Line 70</name>
        <styleUrl>#line-673AB7-3000-nodesc</styleUrl>
        <LineString>
          <tessellate>1</tessellate>
          <coordinates>
            -0.236632,51.530642,0
            -0.236637,51.530663,0
            -0.236815,51.530672,0
            -0.236826,51.530679,0
            -0.23692,51.530681,0
          </coordinates>
        </LineString>
      </Placemark>
      <Placemark>
        <name>Line 71</name>
        <styleUrl>#line-673AB7-3000-nodesc</styleUrl>
        <LineString>
          <tessellate>1</tessellate>
          <coordinates>
            -0.23692,51.530681,0
            -0.237266,51.530893,0
          </coordinates>
        </LineString>
      </Placemark>
      <Placemark>
        <name>Line 72</name>
        <styleUrl>#line-673AB7-3000-nodesc</styleUrl>
        <LineString>
          <tessellate>1</tessellate>
          <coordinates>
            -0.239036,51.532386,0
            -0.239109,51.532342,0
            -0.239264,51.532287,0
            -0.239642,51.532189,0
            -0.239763,51.532144,0
            -0.23993,51.532135,0
            -0.240241,51.532124,0
            -0.240268,51.532043,0
            -0.240021,51.532015,0
            -0.239739,51.531963,0
            -0.239385,51.531893,0
            -0.238666,51.531648,0
            -0.237862,51.531326,0
            -0.237744,51.531211,0
            -0.237752,51.531178,0
            -0.237593,51.531178,0
            -0.237542,51.531117,0
            -0.23743,51.531082,0
            -0.237282,51.530991,0
            -0.237266,51.530893,0
          </coordinates>
        </LineString>
      </Placemark>
      <Placemark>
        <name>Line 73</name>
        <styleUrl>#line-673AB7-3000-nodesc</styleUrl>
        <LineString>
          <tessellate>1</tessellate>
          <coordinates>
            -0.239036,51.532386,0
            -0.239029,51.532402,0
            -0.239306,51.532467,0
            -0.239519,51.532528,0
            -0.239644,51.532602,0
            -0.240395,51.532989,0
            -0.240891,51.533318,0
            -0.241302,51.533563,0
            -0.241618,51.533394,0
            -0.241758,51.533314,0
            -0.241894,51.533278,0
          </coordinates>
        </LineString>
      </Placemark>
      <Placemark>
        <name>Line 75</name>
        <styleUrl>#line-673AB7-3000-nodesc</styleUrl>
        <LineString>
          <tessellate>1</tessellate>
          <coordinates>
            -0.241894,51.533278,0
            -0.24185,51.533195,0
            -0.241696,51.533005,0
            -0.241107,51.533029,0
            -0.241007,51.533052,0
            -0.241015,51.53308,0
            -0.241263,51.533218,0
            -0.241221,51.533277,0
            -0.240897,51.533061,0
            -0.240751,51.532989,0
            -0.240765,51.532953,0
            -0.240877,51.532952,0
          </coordinates>
        </LineString>
      </Placemark>
      <Placemark>
        <name>Line 76</name>
        <styleUrl>#line-673AB7-3000-nodesc</styleUrl>
        <LineString>
          <tessellate>1</tessellate>
          <coordinates>
            -0.240877,51.532952,0
            -0.240879,51.532965,0
            -0.24096,51.533012,0
            -0.24113,51.53298,0
            -0.241134,51.532923,0
            -0.241388,51.532918,0
          </coordinates>
        </LineString>
      </Placemark>
      <Placemark>
        <name>Line 77</name>
        <styleUrl>#line-673AB7-3000-nodesc</styleUrl>
        <LineString>
          <tessellate>1</tessellate>
          <coordinates>
            -0.241388,51.532918,0
            -0.241887,51.532878,0
            -0.241872,51.532894,0
            -0.241942,51.533004,0
            -0.241914,51.533011,0
            -0.242053,51.533235,0
            -0.242445,51.533138,0
            -0.242676,51.5331,0
            -0.242912,51.533073,0
            -0.243298,51.533043,0
            -0.243917,51.533016,0
            -0.244451,51.533013,0
            -0.244824,51.533028,0
          </coordinates>
        </LineString>
      </Placemark>
      <Placemark>
        <name>Line 78</name>
        <styleUrl>#line-673AB7-3000-nodesc</styleUrl>
        <LineString>
          <tessellate>1</tessellate>
          <coordinates>
            -0.244824,51.533028,0
            -0.244845,51.532876,0
            -0.245092,51.532876,0
            -0.245076,51.533044,0
            -0.245465,51.533074,0
          </coordinates>
        </LineString>
      </Placemark>
      <Placemark>
        <name>Line 79</name>
        <styleUrl>#line-673AB7-2000-nodesc</styleUrl>
        <LineString>
          <tessellate>1</tessellate>
          <coordinates>
            -0.245598,51.533094,0
            -0.245457,51.53309,0
            -0.245459,51.533073,0
          </coordinates>
        </LineString>
      </Placemark>
      <Placemark>
        <name>Line 80</name>
        <styleUrl>#line-673AB7-2000-nodesc</styleUrl>
        <LineString>
          <tessellate>1</tessellate>
          <coordinates>
            -0.245598,51.533094,0
            -0.245609,51.533097,0
            -0.245779,51.533092,0
            -0.245926,51.533076,0
            -0.246102,51.53304,0
            -0.246112,51.53305,0
            -0.246451,51.532992,0
          </coordinates>
        </LineString>
      </Placemark>
      <Placemark>
        <name>Line 81</name>
        <styleUrl>#line-673AB7-2000-nodesc</styleUrl>
        <LineString>
          <tessellate>1</tessellate>
          <coordinates>
            -0.246379,51.532803,0
            -0.246382,51.532862,0
            -0.246378,51.532891,0
            -0.246389,51.532912,0
            -0.246409,51.532947,0
            -0.246451,51.532992,0
          </coordinates>
        </LineString>
      </Placemark>
      <Placemark>
        <name>Line 82</name>
        <styleUrl>#line-673AB7-2000-nodesc</styleUrl>
        <LineString>
          <tessellate>1</tessellate>
          <coordinates>
            -0.246379,51.532803,0
            -0.246597,51.532824,0
          </coordinates>
        </LineString>
      </Placemark>
      <Placemark>
        <name>Line 83</name>
        <styleUrl>#line-673AB7-3000-nodesc</styleUrl>
        <LineString>
          <tessellate>1</tessellate>
          <coordinates>
            -0.246597,51.532824,0
            -0.246582,51.53275,0
            -0.24686,51.532775,0
            -0.247401,51.532871,0
            -0.247472,51.532935,0
            -0.247836,51.532999,0
            -0.248131,51.533064,0
            -0.248378,51.533124,0
            -0.248657,51.533199,0
            -0.249158,51.533328,0
            -0.249121,51.533382,0
            -0.249396,51.533463,0
            -0.249552,51.533516,0
            -0.249587,51.533524,0
            -0.249632,51.533531,0
            -0.249668,51.533532,0
            -0.249719,51.533532,0
            -0.249939,51.5336,0
            -0.24997,51.533679,0
            -0.25,51.533701,0
            -0.250175,51.533729,0
            -0.250098,51.533884,0
            -0.250069,51.533889,0
            -0.250055,51.533906,0
            -0.250043,51.533973,0
          </coordinates>
        </LineString>
      </Placemark>
      <Placemark>
        <name>Line 84</name>
        <styleUrl>#line-673AB7-2000-nodesc</styleUrl>
        <LineString>
          <tessellate>1</tessellate>
          <coordinates>
            -0.250043,51.533973,0
            -0.250262,51.534015,0
            -0.250737,51.5341,0
            -0.251655,51.534274,0
            -0.25204,51.534356,0
          </coordinates>
        </LineString>
      </Placemark>
      <Placemark>
        <name>Line 85</name>
        <styleUrl>#line-673AB7-3000-nodesc</styleUrl>
        <LineString>
          <tessellate>1</tessellate>
          <coordinates>
            -0.252035,51.534376,0
            -0.252099,51.53439,0
            -0.252166,51.534373,0
            -0.252198,51.53439,0
            -0.252184,51.534406,0
            -0.252247,51.534429,0
            -0.252372,51.53447,0
            -0.253134,51.534716,0
            -0.254128,51.535022,0
            -0.254447,51.535142,0
            -0.255331,51.535458,0
            -0.255343,51.535535,0
            -0.255373,51.535532,0
            -0.25538,51.535551,0
            -0.255359,51.535553,0
            -0.25538,51.535634,0
            -0.255473,51.536026,0
            -0.255611,51.53656,0
            -0.255648,51.536721,0
          </coordinates>
        </LineString>
      </Placemark>
      <Placemark>
        <name>Line 86</name>
        <styleUrl>#line-673AB7-2000-nodesc</styleUrl>
        <LineString>
          <tessellate>1</tessellate>
          <coordinates>
            -0.256028,51.536977,0
            -0.255915,51.536903,0
            -0.255648,51.536721,0
          </coordinates>
        </LineString>
      </Placemark>
      <Placemark>
        <name>Line 87</name>
        <styleUrl>#line-673AB7-3000-nodesc</styleUrl>
        <LineString>
          <tessellate>1</tessellate>
          <coordinates>
            -0.25604,51.536986,0
            -0.25606,51.537,0
            -0.256069,51.537008,0
            -0.256087,51.537012,0
            -0.256109,51.53701,0
            -0.256132,51.537004,0
            -0.256144,51.536996,0
          </coordinates>
        </LineString>
      </Placemark>
      <Placemark>
        <name>Line 88</name>
        <styleUrl>#line-673AB7-2000-nodesc</styleUrl>
        <LineString>
          <tessellate>1</tessellate>
          <coordinates>
            -0.25604,51.536986,0
            -0.256028,51.536977,0
          </coordinates>
        </LineString>
      </Placemark>
      <Placemark>
        <name>Line 89</name>
        <styleUrl>#line-673AB7-3000-nodesc</styleUrl>
        <LineString>
          <tessellate>1</tessellate>
          <coordinates>
            -0.256161,51.536988,0
            -0.256253,51.536964,0
          </coordinates>
        </LineString>
      </Placemark>
      <Placemark>
        <name>Line 90</name>
        <styleUrl>#line-673AB7-3000-nodesc</styleUrl>
        <LineString>
          <tessellate>1</tessellate>
          <coordinates>
            -0.256144,51.536996,0
            -0.256161,51.536988,0
          </coordinates>
        </LineString>
      </Placemark>
      <Placemark>
        <name>Line 91</name>
        <styleUrl>#line-673AB7-3000-nodesc</styleUrl>
        <LineString>
          <tessellate>1</tessellate>
          <coordinates>
            -0.256253,51.536964,0
            -0.256276,51.536962,0
            -0.256304,51.537063,0
            -0.256146,51.537128,0
          </coordinates>
        </LineString>
      </Placemark>
      <Placemark>
        <name>Line 93</name>
        <styleUrl>#line-673AB7-3000-nodesc</styleUrl>
        <LineString>
          <tessellate>1</tessellate>
          <coordinates>
            -0.256186,51.537191,0
            -0.256224,51.5373,0
            -0.256276,51.53748,0
            -0.256293,51.537586,0
            -0.256352,51.537854,0
            -0.256358,51.537889,0
            -0.256336,51.537922,0
          </coordinates>
        </LineString>
      </Placemark>
      <Placemark>
        <name>Line 94</name>
        <styleUrl>#line-673AB7-3000-nodesc</styleUrl>
        <LineString>
          <tessellate>1</tessellate>
          <coordinates>
            -0.256186,51.537191,0
            -0.256148,51.537125,0
          </coordinates>
        </LineString>
      </Placemark>
      <Placemark>
        <name>Line 95</name>
        <styleUrl>#line-673AB7-3000-nodesc</styleUrl>
        <LineString>
          <tessellate>1</tessellate>
          <coordinates>
            -0.256336,51.537922,0
            -0.256353,51.537943,0
            -0.256384,51.538082,0
            -0.256418,51.538252,0
            -0.25642,51.538288,0
            -0.25636,51.538353,0
            -0.256304,51.538424,0
            -0.256319,51.538438,0
            -0.256188,51.538571,0
            -0.256134,51.538647,0
            -0.255755,51.539134,0
            -0.255645,51.539281,0
          </coordinates>
        </LineString>
      </Placemark>
      <Placemark>
        <name>Line 96</name>
        <styleUrl>#line-673AB7-3000-nodesc</styleUrl>
        <LineString>
          <tessellate>1</tessellate>
          <coordinates>
            -0.255645,51.539281,0
            -0.255598,51.539264,0
            -0.255516,51.539356,0
            -0.255519,51.539379,0
            -0.255534,51.539387,0
            -0.255595,51.53941,0
            -0.25578,51.539351,0
            -0.255782,51.539364,0
            -0.255766,51.539369,0
            -0.255833,51.539478,0
            -0.255867,51.539504,0
            -0.255862,51.539609,0
            -0.255851,51.539947,0
            -0.255807,51.540308,0
            -0.255785,51.54044,0
            -0.255779,51.540477,0
          </coordinates>
        </LineString>
      </Placemark>
      <Placemark>
        <name>Line 97</name>
        <styleUrl>#line-673AB7-3000-nodesc</styleUrl>
        <LineString>
          <tessellate>1</tessellate>
          <coordinates>
            -0.255779,51.540477,0
            -0.255832,51.540477,0
            -0.255834,51.54053,0
            -0.255734,51.540524,0
            -0.255726,51.540602,0
            -0.255712,51.540705,0
          </coordinates>
        </LineString>
      </Placemark>
      <Placemark>
        <name>Line 98</name>
        <styleUrl>#line-673AB7-2000-nodesc</styleUrl>
        <LineString>
          <tessellate>1</tessellate>
          <coordinates>
            -0.25566,51.540888,0
            -0.255712,51.540705,0
          </coordinates>
        </LineString>
      </Placemark>
      <Placemark>
        <name>Line 99</name>
        <styleUrl>#line-673AB7-3000-nodesc</styleUrl>
        <LineString>
          <tessellate>1</tessellate>
          <coordinates>
            -0.255658,51.5409,0
            -0.255561,51.541028,0
            -0.255553,51.541067,0
            -0.255642,51.54108,0
            -0.255655,51.541047,0
            -0.255725,51.541067,0
            -0.255652,51.541397,0
            -0.255534,51.541369,0
            -0.255524,51.541404,0
            -0.255639,51.541522,0
            -0.255663,51.541484,0
            -0.255738,51.541522,0
            -0.255725,51.541576,0
            -0.255861,51.541574,0
            -0.255993,51.541594,0
            -0.255993,51.541649,0
            -0.256057,51.541656,0
            -0.256014,51.541776,0
            -0.255853,51.541774,0
            -0.255877,51.541843,0
            -0.255971,51.541834,0
            -0.256032,51.542254,0
          </coordinates>
        </LineString>
      </Placemark>
      <Placemark>
        <name>Line 100</name>
        <styleUrl>#line-673AB7-2000-nodesc</styleUrl>
        <LineString>
          <tessellate>1</tessellate>
          <coordinates>
            -0.255658,51.540904,0
            -0.255661,51.540883,0
          </coordinates>
        </LineString>
      </Placemark>
      <Placemark>
        <name>Line 101</name>
        <styleUrl>#line-673AB7-3000-nodesc</styleUrl>
        <LineString>
          <tessellate>1</tessellate>
          <coordinates>
            -0.256081,51.542382,0
            -0.256032,51.542254,0
          </coordinates>
        </LineString>
      </Placemark>
      <Placemark>
        <name>Line 102</name>
        <styleUrl>#line-673AB7-3000-nodesc</styleUrl>
        <LineString>
          <tessellate>1</tessellate>
          <coordinates>
            -0.256081,51.542382,0
            -0.256033,51.542428,0
            -0.255965,51.542475,0
            -0.255891,51.542511,0
            -0.255805,51.54252,0
            -0.255809,51.542546,0
            -0.255556,51.542575,0
            -0.255464,51.542578,0
            -0.255223,51.54254,0
            -0.255092,51.542543,0
            -0.254805,51.542586,0
            -0.254719,51.54261,0
            -0.254673,51.542661,0
            -0.254512,51.542838,0
            -0.254356,51.543018,0
            -0.254354,51.54307,0
            -0.25479,51.54322,0
            -0.254941,51.543077,0
            -0.254943,51.543038,0
            -0.255154,51.543053,0
            -0.255169,51.542964,0
            -0.255317,51.542979,0
            -0.255305,51.54308,0
            -0.255609,51.543102,0
            -0.255596,51.543222,0
            -0.255593,51.543267,0
          </coordinates>
        </LineString>
      </Placemark>
      <Placemark>
        <name>Line 103</name>
        <styleUrl>#line-673AB7-3000-nodesc</styleUrl>
        <LineString>
          <tessellate>1</tessellate>
          <coordinates>
            -0.255593,51.543267,0
            -0.255561,51.543269,0
            -0.255519,51.543488,0
            -0.255496,51.543613,0
            -0.255405,51.54402,0
            -0.255376,51.544221,0
            -0.255334,51.544292,0
            -0.255266,51.54439,0
            -0.255219,51.544438,0
            -0.255038,51.544645,0
            -0.255068,51.544671,0
            -0.255083,51.544695,0
            -0.255095,51.544723,0
            -0.255105,51.544757,0
            -0.255101,51.54479,0
            -0.255091,51.544816,0
            -0.255083,51.544837,0
            -0.254903,51.545192,0
            -0.254715,51.545592,0
            -0.254651,51.545706,0
            -0.254597,51.545776,0
            -0.254527,51.545826,0
            -0.254366,51.545903,0
          </coordinates>
        </LineString>
      </Placemark>
      <Placemark>
        <name>Line 101</name>
        <styleUrl>#line-673AB7-3000-nodesc</styleUrl>
        <LineString>
          <tessellate>1</tessellate>
          <coordinates>
            -0.254385,51.5459,0
            -0.254381,51.54597,0
            -0.254448,51.546033,0
            -0.254464,51.546028,0
            -0.254584,51.546126,0
            -0.254647,51.546168,0
            -0.254664,51.546216,0
            -0.254726,51.546259,0
          </coordinates>
        </LineString>
      </Placemark>
      <Placemark>
        <name>Line 102</name>
        <styleUrl>#line-673AB7-3000-nodesc</styleUrl>
        <LineString>
          <tessellate>1</tessellate>
          <coordinates>
            -0.254726,51.546259,0
            -0.254918,51.546398,0
          </coordinates>
        </LineString>
      </Placemark>
      <Placemark>
        <name>Line 103</name>
        <styleUrl>#line-673AB7-3000-nodesc</styleUrl>
        <LineString>
          <tessellate>1</tessellate>
          <coordinates>
            -0.254856,51.546501,0
            -0.25492,51.546395,0
          </coordinates>
        </LineString>
      </Placemark>
      <Placemark>
        <name>Line 104</name>
        <styleUrl>#line-673AB7-3000-nodesc</styleUrl>
        <LineString>
          <tessellate>1</tessellate>
          <coordinates>
            -0.254856,51.546501,0
            -0.254632,51.546306,0
            -0.254527,51.546502,0
            -0.25436,51.546798,0
            -0.254143,51.547115,0
            -0.253723,51.547739,0
            -0.253648,51.547864,0
            -0.253402,51.547798,0
            -0.253343,51.54787,0
            -0.253305,51.547858,0
            -0.253188,51.548027,0
            -0.253238,51.548039,0
            -0.253132,51.548151,0
            -0.253115,51.548145,0
            -0.253004,51.548279,0
            -0.252896,51.548407,0
            -0.252812,51.548504,0
            -0.25283,51.548509,0
            -0.252796,51.54855,0
            -0.252813,51.548554,0
            -0.252767,51.54861,0
            -0.252735,51.548608,0
            -0.252725,51.548624,0
            -0.252648,51.548596,0
            -0.252613,51.548644,0
            -0.252686,51.548668,0
            -0.252673,51.54868,0
            -0.252732,51.548798,0
            -0.252256,51.548897,0
            -0.252416,51.549209,0
            -0.252569,51.549179,0
            -0.252263,51.549539,0
          </coordinates>
        </LineString>
      </Placemark>
      <Placemark>
        <name>Line 105</name>
        <styleUrl>#line-673AB7-3000-nodesc</styleUrl>
        <LineString>
          <tessellate>1</tessellate>
          <coordinates>
            -0.252263,51.549539,0
            -0.252194,51.549606,0
            -0.252051,51.549734,0
            -0.251032,51.550646,0
            -0.250382,51.551153,0
            -0.250243,51.551215,0
          </coordinates>
        </LineString>
      </Placemark>
      <Placemark>
        <name>Line 106</name>
        <styleUrl>#line-673AB7-3000-nodesc</styleUrl>
        <LineString>
          <tessellate>1</tessellate>
          <coordinates>
            -0.250248,51.551213,0
            -0.250213,51.551219,0
            -0.250179,51.551209,0
            -0.250125,51.551188,0
            -0.250059,51.55114,0
            -0.249922,51.551164,0
            -0.249835,51.551189,0
            -0.249824,51.551232,0
            -0.249851,51.551289,0
            -0.249883,51.551404,0
            -0.249876,51.551476,0
            -0.249845,51.551557,0
            -0.249686,51.551483,0
            -0.249393,51.551709,0
            -0.248869,51.552146,0
            -0.248825,51.552189,0
            -0.248799,51.55223,0
            -0.248784,51.552273,0
            -0.248756,51.55235,0
            -0.248757,51.552369,0
          </coordinates>
        </LineString>
      </Placemark>
      <Placemark>
        <name>Line 108</name>
        <styleUrl>#line-673AB7-2000-nodesc</styleUrl>
        <LineString>
          <tessellate>1</tessellate>
          <coordinates>
            -0.248753,51.552373,0
            -0.248738,51.552385,0
            -0.248595,51.552471,0
          </coordinates>
        </LineString>
      </Placemark>
      <Placemark>
        <name>Line 109</name>
        <styleUrl>#line-673AB7-3000-nodesc</styleUrl>
        <LineString>
          <tessellate>1</tessellate>
          <coordinates>
            -0.248595,51.552471,0
            -0.248566,51.552403,0
            -0.248554,51.552399,0
            -0.248479,51.552411,0
            -0.248478,51.552366,0
            -0.248512,51.552375,0
            -0.248586,51.552249,0
            -0.248707,51.552052,0
            -0.24851,51.552006,0
            -0.248473,51.552012,0
            -0.248148,51.551938,0
            -0.247074,51.551686,0
          </coordinates>
        </LineString>
      </Placemark>
      <Placemark>
        <name>Line 110</name>
        <styleUrl>#line-673AB7-3000-nodesc</styleUrl>
        <LineString>
          <tessellate>1</tessellate>
          <coordinates>
            -0.247074,51.551686,0
            -0.247058,51.551699,0
            -0.246996,51.551682,0
            -0.246976,51.551713,0
            -0.246979,51.551728,0
            -0.246999,51.55177,0
            -0.246878,51.55174,0
            -0.246832,51.551795,0
            -0.246723,51.551967,0
            -0.246771,51.551984,0
            -0.246738,51.552019,0
            -0.246912,51.552087,0
            -0.246954,51.552051,0
            -0.247294,51.55218,0
            -0.247815,51.552421,0
            -0.247909,51.552371,0
            -0.248006,51.552431,0
            -0.248021,51.552542,0
            -0.24785,51.552481,0
            -0.247449,51.552739,0
            -0.247139,51.552898,0
            -0.24694,51.552922,0
            -0.246585,51.552834,0
            -0.246089,51.5527,0
            -0.246121,51.55263,0
            -0.246071,51.552606,0
            -0.246109,51.552547,0
          </coordinates>
        </LineString>
      </Placemark>
      <Placemark>
        <name>Line 111</name>
        <styleUrl>#line-673AB7-3000-nodesc</styleUrl>
        <LineString>
          <tessellate>1</tessellate>
          <coordinates>
            -0.246484,51.551918,0
            -0.246346,51.551986,0
            -0.24623,51.552025,0
            -0.246098,51.552258,0
            -0.245998,51.55243,0
            -0.246008,51.552471,0
            -0.24605,51.552517,0
            -0.246109,51.552553,0
          </coordinates>
        </LineString>
      </Placemark>
      <Placemark>
        <name>Line 112</name>
        <styleUrl>#line-673AB7-3000-nodesc</styleUrl>
        <LineString>
          <tessellate>1</tessellate>
          <coordinates>
            -0.246484,51.551918,0
            -0.246674,51.551614,0
            -0.246618,51.551581,0
            -0.246045,51.551455,0
            -0.245408,51.551312,0
            -0.245054,51.551246,0
            -0.244759,51.551207,0
            -0.244308,51.551165,0
            -0.243509,51.551132,0
            -0.243485,51.551159,0
            -0.24343,51.551155,0
            -0.243406,51.551134,0
            -0.243273,51.551132,0
            -0.242844,51.551126,0
            -0.242645,51.551326,0
            -0.242563,51.551527,0
            -0.24248,51.551636,0
            -0.242283,51.551757,0
            -0.242378,51.55192,0
            -0.242494,51.552086,0
            -0.242651,51.552206,0
            -0.243019,51.55246,0
            -0.243396,51.552755,0
            -0.243521,51.552865,0
            -0.243639,51.553054,0
            -0.243717,51.553228,0
            -0.243743,51.553325,0
          </coordinates>
        </LineString>
      </Placemark>
      <Placemark>
        <name>Line 113</name>
        <styleUrl>#line-673AB7-3000-nodesc</styleUrl>
        <LineString>
          <tessellate>1</tessellate>
          <coordinates>
            -0.243743,51.553325,0
            -0.243504,51.553341,0
          </coordinates>
        </LineString>
      </Placemark>
      <Placemark>
        <name>Line 115</name>
        <styleUrl>#line-673AB7-2000-nodesc</styleUrl>
        <LineString>
          <tessellate>1</tessellate>
          <coordinates>
            -0.243504,51.553341,0
            -0.243394,51.55343,0
            -0.243399,51.553443,0
            -0.24349,51.553434,0
            -0.243513,51.553535,0
            -0.243565,51.553532,0
            -0.243582,51.553604,0
            -0.243502,51.553612,0
            -0.243508,51.553647,0
            -0.243521,51.553649,0
            -0.243614,51.554085,0
            -0.243661,51.554269,0
            -0.243582,51.554277,0
            -0.243587,51.554324,0
            -0.243649,51.554392,0
            -0.243757,51.554347,0
            -0.243797,51.554393,0
            -0.243844,51.554441,0
            -0.243285,51.554619,0
          </coordinates>
        </LineString>
      </Placemark>
      <Placemark>
        <name>Line 116</name>
        <styleUrl>#line-673AB7-3000-nodesc</styleUrl>
        <LineString>
          <tessellate>1</tessellate>
          <coordinates>
            -0.243285,51.554619,0
            -0.243088,51.554681,0
            -0.243163,51.554769,0
            -0.242904,51.554855,0
            -0.242426,51.554989,0
            -0.241903,51.555132,0
            -0.24146,51.555241,0
            -0.240959,51.555365,0
            -0.240356,51.555505,0
            -0.239841,51.555621,0
            -0.239636,51.555662,0
          </coordinates>
        </LineString>
      </Placemark>
      <Placemark>
        <name>Line 117</name>
        <styleUrl>#line-673AB7-3000-nodesc</styleUrl>
        <LineString>
          <tessellate>1</tessellate>
          <coordinates>
            -0.239636,51.555662,0
            -0.239553,51.555672,0
            -0.239294,51.5557,0
            -0.239275,51.555665,0
            -0.23922,51.555662,0
            -0.239188,51.555616,0
          </coordinates>
        </LineString>
      </Placemark>
      <Placemark>
        <name>Line 118</name>
        <styleUrl>#line-673AB7-3000-nodesc</styleUrl>
        <LineString>
          <tessellate>1</tessellate>
          <coordinates>
            -0.239188,51.555616,0
            -0.239175,51.555618,0
            -0.239131,51.555631,0
          </coordinates>
        </LineString>
      </Placemark>
      <Placemark>
        <name>Line 119</name>
        <styleUrl>#line-673AB7-3000-nodesc</styleUrl>
        <LineString>
          <tessellate>1</tessellate>
          <coordinates>
            -0.239131,51.555631,0
            -0.23912,51.555639,0
            -0.239058,51.555656,0
            -0.238992,51.555675,0
            -0.238885,51.555706,0
            -0.238803,51.55573,0
            -0.238703,51.555754,0
            -0.238024,51.555953,0
            -0.237598,51.556041,0
            -0.23671,51.556216,0
            -0.235878,51.556377,0
            -0.235015,51.556543,0
            -0.233631,51.556852,0
            -0.232484,51.557146,0
            -0.231437,51.557454,0
            -0.231346,51.557496,0
            -0.231495,51.557614,0
          </coordinates>
        </LineString>
      </Placemark>
      <Placemark>
        <name>Line 118</name>
        <styleUrl>#line-673AB7-3000-nodesc</styleUrl>
        <LineString>
          <tessellate>1</tessellate>
          <coordinates>
            -0.231495,51.557614,0
            -0.231477,51.557619,0
            -0.231394,51.557637,0
          </coordinates>
        </LineString>
      </Placemark>
      <Placemark>
        <name>Line 119</name>
        <styleUrl>#line-673AB7-3000-nodesc</styleUrl>
        <LineString>
          <tessellate>1</tessellate>
          <coordinates>
            -0.231394,51.557637,0
            -0.231261,51.557538,0
            -0.230865,51.55722,0
            -0.230675,51.557078,0
            -0.230594,51.557045,0
            -0.230516,51.557072,0
            -0.230329,51.55716,0
            -0.230283,51.557213,0
            -0.230211,51.557327,0
            -0.22865,51.557118,0
            -0.228314,51.55705,0
            -0.228126,51.557035,0
            -0.22796,51.557046,0
            -0.227874,51.557052,0
          </coordinates>
        </LineString>
      </Placemark>
      <Placemark>
        <name>Line 120</name>
        <styleUrl>#line-673AB7-3000-nodesc</styleUrl>
        <LineString>
          <tessellate>1</tessellate>
          <coordinates>
            -0.227883,51.557053,0
            -0.227797,51.557073,0
            -0.227716,51.557142,0
            -0.227614,51.55728,0
            -0.22757,51.557339,0
            -0.227533,51.557385,0
            -0.227518,51.557487,0
            -0.227442,51.557471,0
            -0.22747,51.557395,0
            -0.227238,51.557354,0
            -0.227212,51.557395,0
            -0.226929,51.557336,0
            -0.226629,51.557286,0
            -0.226483,51.557515,0
            -0.226517,51.557524,0
            -0.226401,51.557721,0
            -0.226203,51.558058,0
          </coordinates>
        </LineString>
      </Placemark>
      <Placemark>
        <name>Line 121</name>
        <styleUrl>#line-673AB7-3000-nodesc</styleUrl>
        <LineString>
          <tessellate>1</tessellate>
          <coordinates>
            -0.226207,51.558054,0
            -0.226181,51.558048,0
            -0.226073,51.558245,0
            -0.226082,51.558256,0
            -0.226208,51.558284,0
            -0.226168,51.558351,0
            -0.226027,51.558318,0
            -0.225926,51.558507,0
            -0.226001,51.558527,0
            -0.225986,51.558542,0
            -0.225955,51.558534,0
            -0.225808,51.558797,0
            -0.225949,51.558826,0
            -0.225903,51.558886,0
            -0.225975,51.558937,0
            -0.226016,51.558964,0
            -0.225962,51.558987,0
            -0.22605,51.55906,0
            -0.226173,51.559161,0
            -0.22611,51.55919,0
            -0.226103,51.559204,0
            -0.226088,51.559217,0
            -0.226066,51.559232,0
            -0.226052,51.55924,0
            -0.22604,51.559245,0
          </coordinates>
        </LineString>
      </Placemark>
      <Placemark>
        <name>Line 122</name>
        <styleUrl>#line-673AB7-3000-nodesc</styleUrl>
        <LineString>
          <tessellate>1</tessellate>
          <coordinates>
            -0.22604,51.559245,0
            -0.225856,51.55933,0
            -0.225916,51.559376,0
            -0.225795,51.559437,0
            -0.225653,51.55951,0
            -0.225613,51.559481,0
            -0.225325,51.559622,0
            -0.224933,51.559817,0
            -0.224513,51.560017,0
            -0.22409,51.560226,0
            -0.223953,51.560299,0
          </coordinates>
        </LineString>
      </Placemark>
      <Placemark>
        <name>Line 123</name>
        <styleUrl>#line-673AB7-3000-nodesc</styleUrl>
        <LineString>
          <tessellate>1</tessellate>
          <coordinates>
            -0.223953,51.560299,0
            -0.223967,51.560309,0
            -0.224031,51.56036,0
            -0.223997,51.560372,0
            -0.223869,51.560312,0
            -0.223819,51.560338,0
            -0.22364,51.560431,0
            -0.223642,51.560453,0
            -0.223629,51.560474,0
            -0.223592,51.56049,0
            -0.223564,51.560493,0
            -0.223537,51.560485,0
            -0.223303,51.560572,0
            -0.223292,51.560634,0
            -0.223385,51.560714,0
          </coordinates>
        </LineString>
      </Placemark>
      <Placemark>
        <name>Line 124</name>
        <styleUrl>#line-673AB7-3000-nodesc</styleUrl>
        <LineString>
          <tessellate>1</tessellate>
          <coordinates>
            -0.223385,51.560714,0
            -0.223269,51.560758,0
            -0.223275,51.560772,0
            -0.223077,51.560849,0
            -0.22306,51.560838,0
            -0.222781,51.560944,0
            -0.222741,51.560928,0
            -0.222597,51.560983,0
            -0.222616,51.561006,0
            -0.222566,51.56102,0
          </coordinates>
        </LineString>
      </Placemark>
      <Placemark>
        <name>Line 125</name>
        <styleUrl>#line-673AB7-3000-nodesc</styleUrl>
        <LineString>
          <tessellate>1</tessellate>
          <coordinates>
            -0.222566,51.56102,0
            -0.222511,51.560985,0
            -0.222171,51.561027,0
            -0.22215,51.560978,0
            -0.221473,51.561068,0
            -0.220865,51.561145,0
            -0.220973,51.561463,0
          </coordinates>
        </LineString>
      </Placemark>
      <Placemark>
        <name>Line 126</name>
        <styleUrl>#line-673AB7-3000-nodesc</styleUrl>
        <LineString>
          <tessellate>1</tessellate>
          <coordinates>
            -0.220973,51.561463,0
            -0.221045,51.561455,0
            -0.221053,51.561516,0
            -0.220911,51.561523,0
            -0.220869,51.561525,0
            -0.220683,51.561548,0
            -0.220759,51.561624,0
          </coordinates>
        </LineString>
      </Placemark>
      <Placemark>
        <name>Line 127</name>
        <styleUrl>#line-673AB7-3000-nodesc</styleUrl>
        <LineString>
          <tessellate>1</tessellate>
          <coordinates>
            -0.220414,51.56163,0
            -0.220759,51.561624,0
          </coordinates>
        </LineString>
      </Placemark>
      <Placemark>
        <name>Line 128</name>
        <styleUrl>#line-673AB7-3000-nodesc</styleUrl>
        <LineString>
          <tessellate>1</tessellate>
          <coordinates>
            -0.220414,51.56163,0
            -0.220268,51.561479,0
            -0.220238,51.561488,0
            -0.219934,51.561157,0
            -0.219466,51.56133,0
            -0.219532,51.561407,0
            -0.219485,51.561421,0
            -0.219402,51.561334,0
            -0.219221,51.561413,0
            -0.219258,51.561476,0
            -0.219202,51.561458,0
            -0.219142,51.561456,0
            -0.218977,51.561436,0
            -0.218811,51.561414,0
            -0.218697,51.561403,0
          </coordinates>
        </LineString>
      </Placemark>
      <Placemark>
        <name>Line 129</name>
        <styleUrl>#line-673AB7-3000-nodesc</styleUrl>
        <LineString>
          <tessellate>1</tessellate>
          <coordinates>
            -0.218697,51.561403,0
            -0.2187,51.561355,0
            -0.218664,51.561347,0
            -0.218597,51.561282,0
            -0.218518,51.561307,0
            -0.218475,51.561254,0
            -0.218497,51.561244,0
            -0.218279,51.561023,0
            -0.218179,51.561064,0
          </coordinates>
        </LineString>
      </Placemark>
      <Placemark>
        <name>Line 130</name>
        <styleUrl>#line-673AB7-3000-nodesc</styleUrl>
        <LineString>
          <tessellate>1</tessellate>
          <coordinates>
            -0.218179,51.561064,0
            -0.218085,51.560979,0
            -0.218191,51.560934,0
            -0.217716,51.560453,0
            -0.217608,51.560499,0
            -0.217518,51.560402,0
            -0.217633,51.56036,0
            -0.21716,51.559888,0
            -0.216784,51.560047,0
            -0.216948,51.560217,0
            -0.216894,51.560245,0
            -0.216786,51.560138,0
            -0.216655,51.560197,0
            -0.217039,51.560511,0
            -0.217519,51.560899,0
            -0.217905,51.561024,0
            -0.218006,51.561086,0
            -0.217992,51.561142,0
            -0.217846,51.561249,0
            -0.216748,51.560865,0
            -0.216175,51.560637,0
            -0.216064,51.560586,0
            -0.215818,51.560423,0
            -0.215443,51.560157,0
          </coordinates>
        </LineString>
      </Placemark>
      <Placemark>
        <name>Line 131</name>
        <styleUrl>#line-673AB7-3000-nodesc</styleUrl>
        <LineString>
          <tessellate>1</tessellate>
          <coordinates>
            -0.215443,51.560157,0
            -0.215177,51.559953,0
            -0.215066,51.560008,0
            -0.213167,51.558522,0
            -0.212708,51.558177,0
            -0.212266,51.558397,0
          </coordinates>
        </LineString>
      </Placemark>
      <Placemark>
        <name>Line 132</name>
        <styleUrl>#line-673AB7-2000-nodesc</styleUrl>
        <LineString>
          <tessellate>1</tessellate>
          <coordinates>
            -0.212266,51.558397,0
            -0.212169,51.558293,0
          </coordinates>
        </LineString>
      </Placemark>
      <Placemark>
        <name>Line 133</name>
        <styleUrl>#line-673AB7-3000-nodesc</styleUrl>
        <LineString>
          <tessellate>1</tessellate>
          <coordinates>
            -0.192397,51.537299,0
            -0.192317,51.537222,0
            -0.19217,51.537092,0
            -0.192148,51.537087,0
            -0.19217,51.537078,0
            -0.192023,51.536972,0
            -0.191995,51.536984,0
          </coordinates>
        </LineString>
      </Placemark>
      <Placemark>
        <name>Line 137</name>
        <styleUrl>#line-673AB7-3000-nodesc</styleUrl>
        <LineString>
          <tessellate>1</tessellate>
          <coordinates>
            -0.192422,51.536753,0
            -0.192346,51.53687,0
            -0.192351,51.536888,0
            -0.192388,51.536908,0
            -0.192413,51.536911,0
            -0.192508,51.536863,0
          </coordinates>
        </LineString>
      </Placemark>
      <Placemark>
        <name>Line 138</name>
        <styleUrl>#line-673AB7-3000-nodesc</styleUrl>
        <LineString>
          <tessellate>1</tessellate>
          <coordinates>
            -0.192649,51.536901,0
            -0.192539,51.536848,0
            -0.192508,51.536863,0
          </coordinates>
        </LineString>
      </Placemark>
      <Placemark>
        <name>Line 139</name>
        <styleUrl>#line-673AB7-3000-nodesc</styleUrl>
        <LineString>
          <tessellate>1</tessellate>
          <coordinates>
            -0.192649,51.536901,0
            -0.192669,51.536915,0
            -0.192561,51.536952,0
            -0.192547,51.536968,0
            -0.192795,51.537184,0
          </coordinates>
        </LineString>
      </Placemark>
      <Placemark>
        <name>Line 138</name>
        <styleUrl>#line-673AB7-3000-nodesc</styleUrl>
        <LineString>
          <tessellate>1</tessellate>
          <coordinates>
            -0.205126,51.53449,0
            -0.204934,51.53452,0
          </coordinates>
        </LineString>
      </Placemark>
      <Placemark>
        <name>Line 137</name>
        <styleUrl>#line-673AB7-3000-nodesc</styleUrl>
        <LineString>
          <tessellate>1</tessellate>
          <coordinates>
            -0.191995,51.536984,0
            -0.192422,51.536753,0
          </coordinates>
        </LineString>
      </Placemark>
      <Placemark>
        <name>Line 138</name>
        <styleUrl>#line-673AB7-3000-nodesc</styleUrl>
        <LineString>
          <tessellate>1</tessellate>
          <coordinates>
            -0.20441,51.534386,0
            -0.204398,51.534348,0
            -0.204313,51.534211,0
            -0.20419,51.533968,0
            -0.204108,51.533814,0
          </coordinates>
        </LineString>
      </Placemark>
      <Placemark>
        <name>Line 139</name>
        <styleUrl>#line-673AB7-4000-nodesc</styleUrl>
        <LineString>
          <tessellate>1</tessellate>
          <coordinates>
            -0.204108,51.533814,0
            -0.204359,51.533775,0
            -0.204367,51.533808,0
            -0.204399,51.533898,0
            -0.204474,51.534043,0
            -0.204513,51.534108,0
            -0.204597,51.534266,0
            -0.20462,51.534316,0
            -0.20465,51.534359,0
          </coordinates>
        </LineString>
      </Placemark>
      <Placemark>
        <name>Line 140</name>
        <styleUrl>#line-673AB7-3000-nodesc</styleUrl>
        <LineString>
          <tessellate>1</tessellate>
          <coordinates>
            -0.20466,51.534416,0
            -0.204644,51.534353,0
          </coordinates>
        </LineString>
      </Placemark>
      <Placemark>
        <name>Line 141</name>
        <styleUrl>#line-673AB7-3000-nodesc</styleUrl>
        <LineString>
          <tessellate>1</tessellate>
          <coordinates>
            -0.252044,51.534378,0
            -0.25204,51.534356,0
          </coordinates>
        </LineString>
      </Placemark>
    </Folder>
    <Folder>
      <name><![CDATA[SJW / N Westminster & Camden S Hampstead]]></name>
      <Placemark>
        <name>Line 1</name>
        <styleUrl>#line-9C27B0-3519-nodesc</styleUrl>
        <LineString>
          <tessellate>1</tessellate>
          <coordinates>
            -0.178644,51.541756,0
            -0.1776885,51.5418728,0
          </coordinates>
        </LineString>
      </Placemark>
      <Placemark>
        <name>Line 2</name>
        <styleUrl>#line-9C27B0-3325-nodesc</styleUrl>
        <LineString>
          <tessellate>1</tessellate>
          <coordinates>
            -0.1776885,51.5418728,0
            -0.1776107,51.5418801,0
            -0.1776161,51.5419284,0
            -0.1775517,51.5419385,0
            -0.1774029,51.5419551,0
            -0.1773103,51.5419526,0
            -0.1772272,51.5419393,0
            -0.1771709,51.5419018,0
            -0.177014,51.54177,0
            -0.1769093,51.5416741,0
          </coordinates>
        </LineString>
      </Placemark>
      <Placemark>
        <name>Line 3</name>
        <styleUrl>#line-9C27B0-3713-nodesc</styleUrl>
        <LineString>
          <tessellate>1</tessellate>
          <coordinates>
            -0.1769093,51.5416741,0
            -0.1768136,51.5415721,0
            -0.1766902,51.541804,0
          </coordinates>
        </LineString>
      </Placemark>
      <Placemark>
        <name>Line 4</name>
        <styleUrl>#line-9C27B0-3519-nodesc</styleUrl>
        <LineString>
          <tessellate>1</tessellate>
          <coordinates>
            -0.1766902,51.541804,0
            -0.1766636,51.5418999,0
            -0.1761218,51.5418531,0
            -0.1760843,51.5422068,0
            -0.1765885,51.5422268,0
            -0.176551,51.5425171,0
            -0.1764652,51.5425104,0
            -0.1764652,51.5425738,0
            -0.175462,51.5425805,0
            -0.1753869,51.5428674,0
            -0.1752796,51.5428607,0
            -0.1753386,51.5426472,0
            -0.1752313,51.5426272,0
            -0.1752743,51.5424403,0
          </coordinates>
        </LineString>
      </Placemark>
      <Placemark>
        <name>Line 5</name>
        <styleUrl>#line-9C27B0-3131-nodesc</styleUrl>
        <LineString>
          <tessellate>1</tessellate>
          <coordinates>
            -0.1752743,51.5424403,0
            -0.17494,51.5423258,0
            -0.174999,51.5420289,0
            -0.1749641,51.5418487,0
          </coordinates>
        </LineString>
      </Placemark>
      <Placemark>
        <name>Line 6</name>
        <styleUrl>#line-9C27B0-3519-nodesc</styleUrl>
        <LineString>
          <tessellate>1</tessellate>
          <coordinates>
            -0.1749641,51.5418487,0
            -0.1749793,51.5418398,0
            -0.1749807,51.5418314,0
            -0.1749827,51.5418214,0
            -0.1749767,51.5418131,0
            -0.1749653,51.5418093,0
            -0.1749498,51.5418089,0
            -0.1747949,51.5418193,0
            -0.1747983,51.5415866,0
          </coordinates>
        </LineString>
      </Placemark>
      <Placemark>
        <name>Line 8</name>
        <styleUrl>#line-9C27B0-3713-nodesc</styleUrl>
        <LineString>
          <tessellate>1</tessellate>
          <coordinates>
            -0.1747983,51.5415866,0
            -0.1747112,51.5416149,0
            -0.1745664,51.5416266,0
            -0.174317,51.5416416,0
            -0.1739227,51.5416833,0
            -0.1738637,51.5416532,0
            -0.1737966,51.5416282,0
            -0.1736223,51.5416132,0
            -0.1736598,51.5413713,0
            -0.1737671,51.5408508,0
          </coordinates>
        </LineString>
      </Placemark>
      <Placemark>
        <name>Line 9</name>
        <styleUrl>#line-9C27B0-3325-nodesc</styleUrl>
        <LineString>
          <tessellate>1</tessellate>
          <coordinates>
            -0.1737671,51.5408508,0
            -0.1734943,51.5408248,0
          </coordinates>
        </LineString>
      </Placemark>
      <Placemark>
        <name>Line 10</name>
        <styleUrl>#line-9C27B0-3906-nodesc</styleUrl>
        <LineString>
          <tessellate>1</tessellate>
          <coordinates>
            -0.1734943,51.5408248,0
            -0.1734514,51.5410184,0
            -0.1728399,51.5409516,0
            -0.1727326,51.5409817,0
            -0.1726682,51.5410384,0
          </coordinates>
        </LineString>
      </Placemark>
      <Placemark>
        <name>Line 11</name>
        <styleUrl>#line-9C27B0-3906-nodesc</styleUrl>
        <LineString>
          <tessellate>1</tessellate>
          <coordinates>
            -0.1726682,51.5410384,0
            -0.1725804,51.5409627,0
            -0.1723765,51.5410078,0
          </coordinates>
        </LineString>
      </Placemark>
      <Placemark>
        <name>Line 12</name>
        <styleUrl>#line-9C27B0-3713-nodesc</styleUrl>
        <LineString>
          <tessellate>1</tessellate>
          <coordinates>
            -0.1723765,51.5410078,0
            -0.1706789,51.5392662,0
          </coordinates>
        </LineString>
      </Placemark>
      <Placemark>
        <name>Line 13</name>
        <styleUrl>#line-9C27B0-3519-nodesc</styleUrl>
        <LineString>
          <tessellate>1</tessellate>
          <coordinates>
            -0.1706789,51.5392662,0
            -0.1704151,51.5390774,0
          </coordinates>
        </LineString>
      </Placemark>
      <Placemark>
        <name>Line 16</name>
        <styleUrl>#line-9C27B0-3131-nodesc</styleUrl>
        <LineString>
          <tessellate>1</tessellate>
          <coordinates>
            -0.1705546,51.5391792,0
            -0.1697553,51.5396697,0
            -0.1695193,51.5397397,0
            -0.1691679,51.5397464,0
            -0.1688782,51.539678,0
            -0.1688541,51.5395329,0
            -0.1685859,51.5394895,0
            -0.1683793,51.5394778,0
            -0.1681084,51.5395379,0
            -0.1680012,51.5396029,0
            -0.1680172,51.5396363,0
            -0.1674459,51.5398866,0
            -0.1664401,51.540357,0
            -0.1661612,51.5404671,0
          </coordinates>
        </LineString>
      </Placemark>
      <Placemark>
        <name>Line 14</name>
        <styleUrl>#line-9C27B0-4100-nodesc</styleUrl>
        <LineString>
          <tessellate>1</tessellate>
          <coordinates>
            -0.1661612,51.5404671,0
            -0.1660477,51.5403565,0
            -0.1659833,51.5403865,0
            -0.1657151,51.5401429,0
            -0.1654147,51.5402831,0
            -0.1658117,51.5406801,0
            -0.1654362,51.5408269,0
            -0.1655059,51.5408953,0
            -0.165353,51.540952,0
          </coordinates>
        </LineString>
      </Placemark>
      <Placemark>
        <name>Line 15</name>
        <styleUrl>#line-9C27B0-3519-nodesc</styleUrl>
        <LineString>
          <tessellate>1</tessellate>
          <coordinates>
            -0.165353,51.540952,0
            -0.1652849,51.5409734,0
            -0.1652205,51.54091,0
            -0.1652634,51.5408883,0
            -0.1648182,51.5404746,0
            -0.1646948,51.5405196,0
            -0.1646492,51.540523,0
            -0.1646009,51.5405447,0
            -0.1645821,51.5405814,0
            -0.1645044,51.5406114,0
            -0.1650033,51.5410818,0
          </coordinates>
        </LineString>
      </Placemark>
      <Placemark>
        <name>Line 17</name>
        <styleUrl>#line-9C27B0-3519-nodesc</styleUrl>
        <LineString>
          <tessellate>1</tessellate>
          <coordinates>
            -0.1650033,51.5410818,0
            -0.164981,51.5411242,0
            -0.162787,51.5418649,0
            -0.162213,51.5420818,0
          </coordinates>
        </LineString>
      </Placemark>
      <Placemark>
        <name>Line 18</name>
        <styleUrl>#line-9C27B0-3519-nodesc</styleUrl>
        <LineString>
          <tessellate>1</tessellate>
          <coordinates>
            -0.1619893,51.5424887,0
            -0.162213,51.5420818,0
          </coordinates>
        </LineString>
      </Placemark>
      <Placemark>
        <name>Line 22</name>
        <styleUrl>#line-9C27B0-3325-nodesc</styleUrl>
        <LineString>
          <tessellate>1</tessellate>
          <coordinates>
            -0.1619893,51.5424887,0
            -0.1619268,51.5424949,0
            -0.1619282,51.5424799,0
            -0.1615299,51.5425066,0
            -0.1615272,51.542535,0
            -0.1611624,51.5425608,0
            -0.160512,51.5426117,0
            -0.1598361,51.54264,0
            -0.1591159,51.5426609,0
            -0.1584131,51.5426642,0
            -0.1577386,51.5426442,0
            -0.1574556,51.5426868,0
            -0.1570881,51.5427927,0
            -0.1567918,51.5429153,0
            -0.1567797,51.5429453,0
            -0.156494,51.542942,0
            -0.1563841,51.5429495,0
            -0.1562795,51.542952,0
            -0.1560743,51.5429445,0
            -0.1559321,51.5429286,0
            -0.1556652,51.5428919,0
            -0.1551154,51.5427885,0
            -0.1550577,51.5429019,0
            -0.1550054,51.5430271,0
            -0.1549316,51.5432256,0
            -0.1549236,51.5432456,0
          </coordinates>
        </LineString>
      </Placemark>
      <Placemark>
        <name>Line 23</name>
        <styleUrl>#line-9C27B0-3519-nodesc</styleUrl>
        <LineString>
          <tessellate>1</tessellate>
          <coordinates>
            -0.1549236,51.5432456,0
            -0.1547041,51.5432476,0
            -0.1547269,51.5431401,0
            -0.1547832,51.5431409,0
            -0.1548301,51.5429707,0
            -0.1549428,51.5427472,0
            -0.1549468,51.5426788,0
            -0.1549481,51.5426146,0
            -0.1549334,51.5425003,0
            -0.1548556,51.5422451,0
            -0.1548194,51.5421633,0
            -0.1545901,51.5419899,0
            -0.1539705,51.5417113,0
            -0.1532744,51.541396,0
            -0.1530062,51.5416037,0
            -0.1528064,51.5415194,0
            -0.1530532,51.5412884,0
            -0.1523263,51.5409831,0
            -0.1517281,51.5407204,0
            -0.1515645,51.5406503,0
            -0.1509771,51.5403842,0
            -0.1508993,51.5403483,0
            -0.1509034,51.5403342,0
            -0.1507773,51.5402808,0
          </coordinates>
        </LineString>
      </Placemark>
      <Placemark>
        <name>Line 25</name>
        <styleUrl>#line-9C27B0-3519-nodesc</styleUrl>
        <LineString>
          <tessellate>1</tessellate>
          <coordinates>
            -0.1507773,51.5402808,0
            -0.1508558,51.5400344,0
            -0.1508786,51.5400336,0
            -0.1509846,51.5399426,0
            -0.1508116,51.5398667,0
            -0.1506091,51.5400035,0
            -0.1502885,51.5398651,0
            -0.15031,51.5398484,0
            -0.1504884,51.5399226,0
            -0.1508692,51.5396432,0
            -0.151006,51.5396891,0
            -0.1508759,51.53976,0
            -0.1511241,51.5398584,0
            -0.1515277,51.5395264,0
            -0.1518523,51.5392386,0
            -0.1521406,51.53894,0
            -0.152323,51.5387073,0
            -0.1524343,51.5385605,0
            -0.1524732,51.5384704,0
            -0.1524424,51.5384662,0
          </coordinates>
        </LineString>
      </Placemark>
      <Placemark>
        <name>Line 26</name>
        <styleUrl>#line-9C27B0-4100-nodesc</styleUrl>
        <LineString>
          <tessellate>1</tessellate>
          <coordinates>
            -0.1524424,51.5384662,0
            -0.1524569,51.5384376,0
            -0.1524515,51.5384168,0
            -0.1524569,51.5383709,0
            -0.1524931,51.5383726,0
            -0.1524944,51.5383384,0
          </coordinates>
        </LineString>
      </Placemark>
      <Placemark>
        <name>Line 27</name>
        <styleUrl>#line-9C27B0-3519-nodesc</styleUrl>
        <LineString>
          <tessellate>1</tessellate>
          <coordinates>
            -0.1524944,51.5383384,0
            -0.1528874,51.5381027,0
            -0.1527922,51.5380986,0
            -0.1527774,51.5375805,0
          </coordinates>
        </LineString>
      </Placemark>
      <Placemark>
        <name>Line 28</name>
        <styleUrl>#line-9C27B0-3713-nodesc</styleUrl>
        <LineString>
          <tessellate>1</tessellate>
          <coordinates>
            -0.1527774,51.5375805,0
            -0.1534025,51.5375341,0
            -0.1539094,51.5373589,0
          </coordinates>
        </LineString>
      </Placemark>
      <Placemark>
        <name>Line 29</name>
        <styleUrl>#line-9C27B0-3906-nodesc</styleUrl>
        <LineString>
          <tessellate>1</tessellate>
          <coordinates>
            -0.1539094,51.5373589,0
            -0.154378,51.5373072,0
            -0.1551612,51.5371738,0
            -0.1561214,51.5369669,0
            -0.1575162,51.5366583,0
            -0.159206,51.5362879,0
            -0.1595976,51.5365682,0
          </coordinates>
        </LineString>
      </Placemark>
      <Placemark>
        <name>Line 30</name>
        <styleUrl>#line-9C27B0-3325-nodesc</styleUrl>
        <LineString>
          <tessellate>1</tessellate>
          <coordinates>
            -0.1608509,51.5362973,0
            -0.1610481,51.5365166,0
            -0.1606538,51.5366251,0
            -0.1603936,51.5366977,0
            -0.1603399,51.5366489,0
            -0.1602755,51.5366652,0
            -0.1601388,51.5364916,0
            -0.1600744,51.5365083,0
            -0.16001,51.5364166,0
            -0.1595487,51.5365067,0
            -0.1595976,51.5365682,0
          </coordinates>
        </LineString>
      </Placemark>
      <Placemark>
        <name>Line 31</name>
        <styleUrl>#line-9C27B0-3713-nodesc</styleUrl>
        <LineString>
          <tessellate>1</tessellate>
          <coordinates>
            -0.1608509,51.5362973,0
            -0.1610239,51.5362427,0
            -0.1609837,51.536201,0
            -0.1619975,51.535869,0
            -0.1622658,51.5358023,0
            -0.1623194,51.5358657,0
            -0.1625157,51.5357556,0
            -0.1625393,51.5357122,0
            -0.1624857,51.5356655,0
            -0.1626547,51.5355587,0
            -0.1628639,51.5357305,0
            -0.1627834,51.5357556,0
            -0.1629444,51.5359057,0
            -0.163352,51.5357138,0
            -0.1631831,51.5355737,0
            -0.1631375,51.5356004,0
            -0.162939,51.5354469,0
            -0.1631536,51.5353702,0
            -0.1631992,51.5353985,0
            -0.163336,51.5353201,0
            -0.1636605,51.5356121,0
            -0.1637463,51.5356221,0
            -0.1641728,51.5354035,0
            -0.1643793,51.5352617,0
            -0.1649372,51.5349314,0
            -0.1650633,51.5348296,0
            -0.165235,51.5346828,0
            -0.1649936,51.5345827,0
            -0.165125,51.5344642,0
            -0.1651813,51.5344942,0
            -0.1653208,51.5343758,0
            -0.1652725,51.5343624,0
            -0.165353,51.534279,0
            -0.1654066,51.534294,0
            -0.1655407,51.5341856,0
            -0.1654925,51.5341672,0
            -0.1656319,51.5340538,0
            -0.165699,51.5340738,0
            -0.1658063,51.533982,0
            -0.1657231,51.5339453,0
          </coordinates>
        </LineString>
      </Placemark>
      <Placemark>
        <name>Line 32</name>
        <styleUrl>#line-9C27B0-4100-nodesc</styleUrl>
        <LineString>
          <tessellate>1</tessellate>
          <coordinates>
            -0.1656094,51.5337644,0
            -0.1656282,51.533862,0
            -0.1657275,51.5338979,0
            -0.1656939,51.5339237,0
            -0.1657231,51.5339453,0
          </coordinates>
        </LineString>
      </Placemark>
      <Placemark>
        <name>Line 33</name>
        <styleUrl>#line-9C27B0-3325-nodesc</styleUrl>
        <LineString>
          <tessellate>1</tessellate>
          <coordinates>
            -0.1656094,51.5337644,0
            -0.1656542,51.5337052,0
            -0.1657065,51.5337168,0
            -0.1659654,51.5333815,0
            -0.1660981,51.5331938,0
          </coordinates>
        </LineString>
      </Placemark>
      <Placemark>
        <name>Line 34</name>
        <styleUrl>#line-9C27B0-3713-nodesc</styleUrl>
        <LineString>
          <tessellate>1</tessellate>
          <coordinates>
            -0.1660981,51.5331938,0
            -0.166115,51.5331811,0
            -0.1661365,51.5331878,0
            -0.1661808,51.5332128,0
            -0.1659259,51.5329141,0
            -0.1661271,51.5325888,0
            -0.1663336,51.5322793,0
            -0.1665429,51.5319481,0
            -0.1667534,51.5315359,0
            -0.1668111,51.5313499,0
            -0.166921,51.5311797,0
            -0.1671236,51.5309027,0
            -0.1672349,51.5306916,0
            -0.1673274,51.5304697,0
            -0.1673918,51.5303262,0
            -0.1673489,51.5302152,0
            -0.1673422,51.5301093,0
            -0.1672724,51.5298682,0
            -0.1671343,51.5296721,0
            -0.1667172,51.52934,0
            -0.1668191,51.5291123,0
          </coordinates>
        </LineString>
      </Placemark>
      <Placemark>
        <name>Line 35</name>
        <styleUrl>#line-9C27B0-3519-nodesc</styleUrl>
        <LineString>
          <tessellate>1</tessellate>
          <coordinates>
            -0.1668191,51.5291123,0
            -0.1673117,51.5294668,0
            -0.1673492,51.5294401,0
            -0.1673774,51.5294568,0
            -0.1678441,51.5292157,0
            -0.167946,51.5292899,0
            -0.1680922,51.5292207,0
          </coordinates>
        </LineString>
      </Placemark>
      <Placemark>
        <name>Line 37</name>
        <styleUrl>#line-9C27B0-3713-nodesc</styleUrl>
        <LineString>
          <tessellate>1</tessellate>
          <coordinates>
            -0.1680922,51.5292207,0
            -0.1680871,51.5292023,0
            -0.1680905,51.5291857,0
            -0.1681052,51.5291744,0
            -0.168179,51.529141,0
            -0.1684707,51.5290046,0
            -0.1684881,51.5289917,0
            -0.168413,51.5289392,0
            -0.1684626,51.5289158,0
            -0.1688247,51.5287481,0
            -0.1687603,51.5286939,0
          </coordinates>
        </LineString>
      </Placemark>
      <Placemark>
        <name>Line 38</name>
        <styleUrl>#line-9C27B0-3906-nodesc</styleUrl>
        <LineString>
          <tessellate>1</tessellate>
          <coordinates>
            -0.1687603,51.5286939,0
            -0.1687992,51.5286851,0
            -0.1685229,51.5284782,0
            -0.1686342,51.5284006,0
            -0.1686114,51.5283447,0
            -0.1686047,51.5282462,0
            -0.1689266,51.5281119,0
            -0.1690285,51.528187,0
            -0.1689092,51.5282429,0
            -0.1688636,51.5282812,0
            -0.1688421,51.5283238,0
            -0.1688341,51.5283797,0
            -0.1688622,51.5284373,0
            -0.1689373,51.5285065,0
            -0.1690352,51.5285966,0
            -0.169113,51.5286258,0
            -0.1692096,51.528635,0
            -0.1692793,51.5286183,0
            -0.1694952,51.5285224,0
            -0.1703026,51.5281444,0
            -0.1714304,51.5276204,0
            -0.1724752,51.5271273,0
            -0.1728051,51.5269763,0
            -0.1714412,51.5263597,0
          </coordinates>
        </LineString>
      </Placemark>
      <Placemark>
        <name>Line 33</name>
        <styleUrl>#line-9C27B0-3713-nodesc</styleUrl>
        <LineString>
          <tessellate>1</tessellate>
          <coordinates>
            -0.1714412,51.5263597,0
            -0.1716778,51.5262273,0
            -0.1717179,51.5261912,0
            -0.1720653,51.5263572,0
            -0.1720961,51.526353,0
            -0.1721363,51.5263463,0
            -0.1719794,51.5263872,0
            -0.1721149,51.5264465,0
            -0.1723496,51.5265608,0
            -0.1724113,51.5265065,0
            -0.1724689,51.5264665,0
            -0.1725038,51.5264548,0
            -0.172591,51.526439,0
            -0.1734184,51.526323,0
            -0.1735485,51.5262896,0
            -0.1737215,51.5262295,0
            -0.1742714,51.5260343,0
            -0.1742218,51.5259934,0
            -0.1742091,51.5259824,0
            -0.1742044,51.5259716,0
            -0.1742118,51.5259595,0
            -0.1741903,51.5259365,0
            -0.1744519,51.525823,0
            -0.1744465,51.5257797,0
            -0.1744653,51.5257404,0
            -0.1745028,51.5256837,0
            -0.1746007,51.5256295,0
            -0.1744961,51.5255402,0
            -0.1745189,51.5255302,0
            -0.174586,51.5255786,0
          </coordinates>
        </LineString>
      </Placemark>
      <Placemark>
        <name>Line 34</name>
        <styleUrl>#line-9C27B0-3713-nodesc</styleUrl>
        <LineString>
          <tessellate>1</tessellate>
          <coordinates>
            -0.174586,51.5255786,0
            -0.1746501,51.5256311,0
            -0.1748097,51.5255293,0
            -0.1750632,51.5254066,0
            -0.1756707,51.5251071,0
            -0.1759564,51.5249694,0
            -0.1759362,51.5249552,0
            -0.1759818,51.5248109,0
            -0.176006,51.5248284,0
            -0.1760462,51.5248134,0
            -0.1760958,51.5248484,0
            -0.1764727,51.5246574,0
          </coordinates>
        </LineString>
      </Placemark>
      <Placemark>
        <name>Line 37</name>
        <styleUrl>#line-9C27B0-3713-nodesc</styleUrl>
        <LineString>
          <tessellate>1</tessellate>
          <coordinates>
            -0.1764727,51.5246574,0
            -0.1764733,51.5246336,0
            -0.1772901,51.5245948,0
            -0.1775476,51.5244746,0
            -0.1776254,51.5244667,0
            -0.1777273,51.5245268,0
            -0.1782637,51.5242414,0
            -0.1784635,51.5241313,0
            -0.1786647,51.5239852,0
            -0.1796048,51.5235196,0
            -0.1802298,51.5231491,0
            -0.1805476,51.5231074,0
            -0.1803867,51.5229864,0
            -0.1812302,51.5225242,0
            -0.1818525,51.5221887,0
            -0.182059,51.5223347,0
            -0.1822294,51.5224332,0
            -0.1823045,51.5224874,0
            -0.1824909,51.5222613,0
            -0.1822428,51.5221253,0
            -0.1823286,51.5220777,0
            -0.1823139,51.522026,0
            -0.1831118,51.5216163,0
            -0.183199,51.5215745,0
            -0.1833063,51.5215403,0
            -0.183435,51.5215236,0
            -0.183549,51.5215186,0
            -0.183773,51.5215445,0
            -0.183895,51.5215871,0
            -0.1839232,51.5215821,0
            -0.1840694,51.5216947,0
            -0.1840922,51.5217089,0
            -0.1837877,51.5218841,0
            -0.1839527,51.5218758,0
            -0.1841646,51.5217122,0
            -0.1852106,51.522041,0
            -0.1853045,51.5220719,0
            -0.1853957,51.5221111,0
            -0.1852925,51.5222137,0
            -0.1855794,51.5222229,0
          </coordinates>
        </LineString>
      </Placemark>
      <Placemark>
        <name>Line 36</name>
        <styleUrl>#line-9C27B0-3713-nodesc</styleUrl>
        <LineString>
          <tessellate>1</tessellate>
          <coordinates>
            -0.1855794,51.5222229,0
            -0.1851847,51.5226163,0
            -0.1867699,51.5231754,0
            -0.1868423,51.5232004,0
            -0.1870006,51.5230486,0
            -0.1871437,51.5232182,0
            -0.1871155,51.5232082,0
            -0.1870471,51.5232774,0
            -0.1874548,51.5234718,0
            -0.1883507,51.5239091,0
            -0.1890319,51.5242403,0
            -0.1892934,51.5241544,0
            -0.1894155,51.5241185,0
            -0.1894088,51.5242478,0
            -0.18928,51.5243405,0
            -0.1894383,51.5244122,0
            -0.1894799,51.5243822,0
            -0.1898245,51.5245516,0
            -0.1898513,51.5245366,0
            -0.1898996,51.5245541,0
            -0.1898782,51.5245574,0
            -0.1897615,51.5248728,0
          </coordinates>
        </LineString>
      </Placemark>
      <Placemark>
        <name>Line 37</name>
        <styleUrl>#line-9C27B0-4100-nodesc</styleUrl>
        <LineString>
          <tessellate>1</tessellate>
          <coordinates>
            -0.1897615,51.5248728,0
            -0.1897998,51.5249188,0
            -0.1899447,51.5248787,0
            -0.1902384,51.5250356,0
            -0.1902008,51.5250665,0
            -0.1907788,51.525341,0
            -0.1916036,51.5257423,0
            -0.192372,51.5260744,0
            -0.1926725,51.5262179,0
            -0.1926456,51.5262338,0
            -0.1930252,51.5264132,0
          </coordinates>
        </LineString>
      </Placemark>
      <Placemark>
        <name>Line 38</name>
        <styleUrl>#line-9C27B0-4100-nodesc</styleUrl>
        <LineString>
          <tessellate>1</tessellate>
          <coordinates>
            -0.1930252,51.5264132,0
            -0.1930107,51.5264252,0
            -0.1931053,51.5264686,0
            -0.1931066,51.5264907,0
            -0.1923811,51.5268478,0
            -0.1923224,51.5268347,0
            -0.1927509,51.5269987,0
            -0.1928843,51.5271063,0
            -0.1932504,51.5272523,0
            -0.1933255,51.5271906,0
            -0.19398,51.5274084,0
            -0.1943354,51.527536,0
            -0.1943797,51.5274901,0
            -0.1945325,51.5275485,0
            -0.1944427,51.5276512,0
            -0.1947163,51.5277313,0
            -0.1949241,51.5274743,0
            -0.194955,51.5274834,0
            -0.1951562,51.5272682,0
            -0.1953828,51.5273658,0
            -0.1954257,51.5273224,0
            -0.1955866,51.5273641,0
            -0.1963886,51.5276386,0
            -0.196394,51.5276712,0
            -0.1963551,51.5277237,0
          </coordinates>
        </LineString>
      </Placemark>
      <Placemark>
        <name>Line 39</name>
        <styleUrl>#line-9C27B0-3325-nodesc</styleUrl>
        <LineString>
          <tessellate>1</tessellate>
          <coordinates>
            -0.1963551,51.5277237,0
            -0.1962641,51.5278385,0
            -0.196067,51.5280805,0
            -0.1955453,51.5287071,0
            -0.195147,51.5291918,0
            -0.1944577,51.5300537,0
            -0.1939937,51.5306252,0
            -0.1933137,51.5314411,0
            -0.1929972,51.531819,0
            -0.1928899,51.5319325,0
            -0.192493,51.531965,0
            -0.1924205,51.5319625,0
            -0.192379,51.5317756,0
            -0.1923468,51.5317214,0
            -0.1918787,51.5317656,0
            -0.1916615,51.531794,0
            -0.1915153,51.5318357,0
            -0.1912954,51.5320034,0
            -0.1912551,51.5321219,0
            -0.1911532,51.5321118,0
            -0.1911452,51.5320801,0
            -0.1910419,51.5320851,0
            -0.1910727,51.5321736,0
            -0.1910097,51.5322078,0
            -0.1908112,51.5324088,0
            -0.1910285,51.5323721,0
            -0.1911653,51.5324814,0
            -0.1915502,51.5327175,0
            -0.1918264,51.5328685,0
            -0.1919713,51.5329786,0
            -0.1920558,51.5330362,0
            -0.1921805,51.5331455,0
            -0.1920973,51.5333432,0
            -0.1919163,51.5335309,0
            -0.1921885,51.5335818,0
            -0.1922931,51.5333983,0
            -0.1923374,51.5333799,0
            -0.1924205,51.5334241,0
            -0.1929127,51.5338838,0
            -0.1927934,51.5340757,0
            -0.1926673,51.5342692,0
            -0.1928805,51.5343218,0
            -0.1928349,51.5343943,0
            -0.1929315,51.5344127,0
            -0.1927411,51.534693,0
            -0.1920598,51.5357391,0
            -0.1917674,51.5361278,0
            -0.1917165,51.5361112,0
            -0.191644,51.5362747,0
            -0.1919257,51.5365149,0
            -0.1921912,51.5367368,0
            -0.1922663,51.5366517,0
            -0.192422,51.536753,0
          </coordinates>
        </LineString>
      </Placemark>
      <Placemark>
        <name>Line 40</name>
        <styleUrl>#line-880E4F-2744-nodesc</styleUrl>
        <LineString>
          <tessellate>1</tessellate>
          <coordinates>
            -0.1904185,51.5629958,0
            -0.190246,51.562752,0
            -0.1899526,51.5625846,0
          </coordinates>
        </LineString>
      </Placemark>
      <Placemark>
        <name>Line 41</name>
        <styleUrl>#line-880E4F-3519-nodesc</styleUrl>
        <LineString>
          <tessellate>1</tessellate>
          <coordinates>
            -0.1899526,51.5625846,0
            -0.1898748,51.5626029,0
            -0.1897622,51.5626096,0
            -0.1896656,51.5626079,0
            -0.1894403,51.5625746,0
            -0.1892901,51.5625362,0
            -0.1893196,51.5624395,0
            -0.1892177,51.5624128,0
            -0.1889521,51.5623761,0
            -0.1889655,51.5622861,0
            -0.1888851,51.5622761,0
            -0.1888609,51.5623428,0
            -0.1883325,51.5622611,0
            -0.1883486,51.5621727,0
            -0.1882762,51.5621677,0
            -0.1882414,51.5622311,0
            -0.1880697,51.5621977,0
            -0.188059,51.5622311,0
            -0.1879114,51.5622077,0
            -0.1879195,51.562151,0
            -0.1878363,51.5621494,0
            -0.1878149,51.5621994,0
            -0.1874313,51.5621594,0
            -0.1874286,51.5621594,0
          </coordinates>
        </LineString>
      </Placemark>
      <Placemark>
        <name>Line 43</name>
        <styleUrl>#line-880E4F-3713-nodesc</styleUrl>
        <LineString>
          <tessellate>1</tessellate>
          <coordinates>
            -0.1874313,51.5621594,0
            -0.1874203,51.5619643,0
            -0.1872487,51.5617976,0
            -0.187246,51.5618593,0
            -0.1872031,51.5622294,0
            -0.1869134,51.5622644,0
            -0.1866505,51.5622861,0
            -0.1863877,51.5623028,0
            -0.1860068,51.5623161,0
            -0.1860202,51.5621761,0
            -0.1858137,51.5621511,0
          </coordinates>
        </LineString>
      </Placemark>
      <Placemark>
        <name>Line 45</name>
        <styleUrl>#line-880E4F-3325-nodesc</styleUrl>
        <LineString>
          <tessellate>1</tessellate>
          <coordinates>
            -0.1858137,51.5621511,0
            -0.1857914,51.5623433,0
            -0.1855634,51.5623383,0
            -0.1852442,51.5623166,0
            -0.185035,51.5622824,0
            -0.1848405,51.5622466,0
            -0.1847762,51.5622257,0
            -0.184681,51.5621915,0
            -0.1845629,51.5621082,0
            -0.1843645,51.5619431,0
            -0.1841874,51.5617964,0
            -0.1840372,51.5616396,0
            -0.1839179,51.5614979,0
            -0.1837033,51.561307,0
            -0.1836228,51.5612444,0
            -0.1836993,51.5612444,0
            -0.1837864,51.5612911,0
            -0.183828,51.5612619,0
            -0.1838039,51.5612394,0
            -0.1839313,51.5611902,0
            -0.1838964,51.5611661,0
            -0.1839742,51.5611352,0
            -0.183883,51.5611069,0
            -0.1836456,51.5611435,0
            -0.1835853,51.5611152,0
            -0.1834994,51.561101,0
            -0.1833103,51.5609926,0
            -0.1831789,51.5608893,0
            -0.1830542,51.5607684,0
            -0.1830126,51.5607108,0
            -0.1830958,51.5606825,0
            -0.1830113,51.5605974,0
            -0.1829026,51.5604966,0
            -0.1829657,51.5604632,0
            -0.182912,51.5604107,0
            -0.1830073,51.5603723,0
          </coordinates>
        </LineString>
      </Placemark>
      <Placemark>
        <name>Line 46</name>
        <styleUrl>#line-880E4F-3325-nodesc</styleUrl>
        <LineString>
          <tessellate>1</tessellate>
          <coordinates>
            -0.1830073,51.5603723,0
            -0.1830562,51.5603724,0
            -0.1831018,51.5603582,0
            -0.1830991,51.5603307,0
            -0.1832815,51.5602573,0
            -0.1833687,51.5602223,0
            -0.1832896,51.5601556,0
          </coordinates>
        </LineString>
      </Placemark>
      <Placemark>
        <name>Line 47</name>
        <styleUrl>#line-880E4F-4294-nodesc</styleUrl>
        <LineString>
          <tessellate>1</tessellate>
          <coordinates>
            -0.1832896,51.5601556,0
            -0.1836131,51.5600243,0
            -0.1836936,51.5599826,0
            -0.1837713,51.5599143,0
            -0.1838169,51.5598176,0
            -0.1836614,51.5597925,0
            -0.1835219,51.5597792,0
            -0.1833851,51.5597775,0
            -0.1832134,51.5597809,0
            -0.183082,51.5597792,0
            -0.1830069,51.5598109,0
            -0.1828567,51.5598392,0
            -0.1826609,51.5598092,0
            -0.1825456,51.5597942,0
            -0.182339,51.5595841,0
            -0.1820816,51.5593873,0
            -0.181816,51.5593323,0
          </coordinates>
        </LineString>
      </Placemark>
      <Placemark>
        <name>Line 48</name>
        <styleUrl>#line-880E4F-3713-nodesc</styleUrl>
        <LineString>
          <tessellate>1</tessellate>
          <coordinates>
            -0.181816,51.5593323,0
            -0.1818643,51.559384,0
            -0.1821352,51.5595724,0
            -0.1822559,51.5596525,0
            -0.1823471,51.5597559,0
            -0.1824678,51.5599026,0
            -0.1825,51.559951,0
            -0.1822747,51.5600527,0
            -0.1820333,51.5601811,0
            -0.1816792,51.5603728,0
            -0.1815156,51.5604329,0
          </coordinates>
        </LineString>
      </Placemark>
      <Placemark>
        <name>Line 49</name>
        <styleUrl>#line-880E4F-3131-nodesc</styleUrl>
        <LineString>
          <tessellate>1</tessellate>
          <coordinates>
            -0.1815156,51.5604329,0
            -0.1813216,51.5605357,0
            -0.1810074,51.560583,0
            -0.1808382,51.5605682,0
            -0.180669,51.5605835,0
          </coordinates>
        </LineString>
      </Placemark>
      <Placemark>
        <name>Line 50</name>
        <styleUrl>#line-880E4F-3906-nodesc</styleUrl>
        <LineString>
          <tessellate>1</tessellate>
          <coordinates>
            -0.180669,51.5605835,0
            -0.1805027,51.5605852,0
            -0.180433,51.5606394,0
            -0.1803324,51.5606978,0
            -0.1802707,51.5608036,0
            -0.1802559,51.5609354,0
            -0.1802787,51.5611271,0
            -0.1801325,51.5610604,0
            -0.1801339,51.5609112,0
            -0.1801406,51.5608186,0
            -0.180154,51.5607778,0
            -0.1801553,51.5607544,0
            -0.1801272,51.5607569,0
            -0.1800641,51.5607945,0
            -0.1798965,51.5608637,0
          </coordinates>
        </LineString>
      </Placemark>
      <Placemark>
        <name>Line 51</name>
        <styleUrl>#line-880E4F-3131-nodesc</styleUrl>
        <LineString>
          <tessellate>1</tessellate>
          <coordinates>
            -0.1798965,51.5608637,0
            -0.1795045,51.5609398,0
            -0.1794891,51.5608477,0
            -0.1794891,51.560776,0
            -0.179475,51.5606409,0
            -0.179467,51.5605809,0
            -0.1794341,51.5604479,0
            -0.1793966,51.5603166,0
            -0.1793409,51.5602912,0
            -0.1790767,51.5603112,0
            -0.1786362,51.5602587,0
          </coordinates>
        </LineString>
      </Placemark>
      <Placemark>
        <name>Line 53</name>
        <styleUrl>#line-880E4F-3131-nodesc</styleUrl>
        <LineString>
          <tessellate>1</tessellate>
          <coordinates>
            -0.1786362,51.5602587,0
            -0.1786925,51.5604409,0
            -0.1787582,51.5606143,0
            -0.1788709,51.560957,0
            -0.1786764,51.5609553,0
            -0.1785423,51.5609378,0
            -0.1784216,51.5608978,0
            -0.1783063,51.5608644,0
            -0.1783385,51.5607877,0
            -0.1782728,51.5607627,0
            -0.1782044,51.5608353,0
            -0.1779361,51.5607411,0
            -0.1774922,51.5606152,0
            -0.1772629,51.560661,0
            -0.177114,51.5606727,0
            -0.177047,51.5604784,0
            -0.1771945,51.5604559,0
          </coordinates>
        </LineString>
      </Placemark>
      <Placemark>
        <name>Line 54</name>
        <styleUrl>#line-880E4F-3713-nodesc</styleUrl>
        <LineString>
          <tessellate>1</tessellate>
          <coordinates>
            -0.1771945,51.5604559,0
            -0.1774797,51.5604133,0
            -0.1774086,51.560224,0
            -0.1773174,51.5599906,0
            -0.1772531,51.5598897,0
            -0.1772008,51.5598405,0
            -0.1771163,51.5598263,0
            -0.1767099,51.5599272,0
            -0.1762566,51.5598196,0
            -0.1758006,51.5596137,0
            -0.1757537,51.5595929,0
            -0.1757081,51.5596145,0
            -0.1756652,51.5595979,0
            -0.1756773,51.5595762,0
            -0.1754962,51.5594911,0
            -0.1752427,51.5593244,0
            -0.1751864,51.5593469,0
            -0.1750899,51.5592302,0
          </coordinates>
        </LineString>
      </Placemark>
      <Placemark>
        <name>Line 55</name>
        <styleUrl>#line-880E4F-3713-nodesc</styleUrl>
        <LineString>
          <tessellate>1</tessellate>
          <coordinates>
            -0.1750899,51.5592302,0
            -0.1749844,51.5591294,0
            -0.1749858,51.5590994,0
            -0.1747846,51.5589868,0
            -0.1744225,51.5588584,0
            -0.1740041,51.5587642,0
            -0.1735508,51.5584941,0
            -0.1734435,51.5584407,0
            -0.1734998,51.5583849,0
            -0.1728507,51.5580947,0
            -0.1722687,51.5578129,0
            -0.1721466,51.5577528,0
            -0.1721896,51.5577145,0
            -0.1720662,51.5577095,0
            -0.1720005,51.557702,0
            -0.1717644,51.5575177,0
            -0.1712722,51.557421,0
            -0.1709303,51.5573868,0
            -0.1700894,51.5573243,0
            -0.1699352,51.5573093,0
            -0.1699191,51.5572926,0
            -0.1699673,51.5572542,0
            -0.1699352,51.5572426,0
            -0.1699633,51.5572225,0
            -0.1696991,51.5572342,0
          </coordinates>
        </LineString>
      </Placemark>
      <Placemark>
        <name>Line 56</name>
        <styleUrl>#line-880E4F-3519-nodesc</styleUrl>
        <LineString>
          <tessellate>1</tessellate>
          <coordinates>
            -0.1696991,51.5572342,0
            -0.1696287,51.5572494,0
            -0.1695979,51.5572661,0
            -0.1689528,51.5572035,0
            -0.168938,51.5572711,0
            -0.1685169,51.5572494,0
            -0.1683788,51.5572169,0
            -0.1683332,51.5571994,0
            -0.168411,51.5571327,0
            -0.1686457,51.5569601,0
            -0.1684861,51.5568875,0
            -0.1684365,51.5569242,0
            -0.1684137,51.5569117,0
            -0.1683788,51.5569367,0
            -0.1683466,51.5569192,0
            -0.1683024,51.5569534,0
            -0.1677807,51.5568116,0
            -0.1677458,51.5568342,0
            -0.1671705,51.5565865,0
            -0.1671906,51.5565698,0
            -0.167094,51.5565248,0
            -0.1670699,51.5565432,0
            -0.1668499,51.5564239,0
            -0.1668795,51.5563864,0
            -0.1668258,51.5563397,0
            -0.1667547,51.5562071,0
            -0.1670404,51.5561671,0
            -0.1669948,51.5560337,0
            -0.1669586,51.5560337,0
            -0.1669331,51.5559686,0
          </coordinates>
        </LineString>
      </Placemark>
      <Placemark>
        <name>Line 57</name>
        <styleUrl>#line-880E4F-3131-nodesc</styleUrl>
        <LineString>
          <tessellate>1</tessellate>
          <coordinates>
            -0.1669331,51.5559686,0
            -0.1668885,51.5559745,0
            -0.1668482,51.5558561,0
            -0.1667101,51.5558611,0
            -0.1666256,51.5556026,0
            -0.1665022,51.5554333,0
            -0.1663855,51.5552766,0
          </coordinates>
        </LineString>
      </Placemark>
      <Placemark>
        <name>Line 58</name>
        <styleUrl>#line-880E4F-3674-nodesc</styleUrl>
        <LineString>
          <tessellate>1</tessellate>
          <coordinates>
            -0.1664276,51.5552553,0
            -0.1660574,51.5552637,0
            -0.1656519,51.5553767,0
          </coordinates>
        </LineString>
      </Placemark>
      <Placemark>
        <name>Line 59</name>
        <styleUrl>#line-880E4F-3906-nodesc</styleUrl>
        <LineString>
          <tessellate>1</tessellate>
          <coordinates>
            -0.1656519,51.5553767,0
            -0.1657906,51.555322,0
            -0.166036,51.5552411,0
            -0.1659904,51.5551869,0
            -0.1660226,51.5551753,0
            -0.1659099,51.5550502,0
            -0.1658469,51.5549668,0
            -0.1657155,51.5549927,0
            -0.1657409,51.5550469,0
            -0.1653547,51.5551327,0
            -0.165348,51.5551869,0
            -0.1648277,51.5553187,0
            -0.164255,51.5554221,0
            -0.1639372,51.5554996,0
            -0.1634101,51.555588,0
            -0.1631674,51.5553545,0
            -0.162521,51.5555413,0
            -0.1619577,51.5556664,0
            -0.1616144,51.5557223,0
            -0.1615272,51.5557148,0
            -0.1612764,51.5554913,0
            -0.1613099,51.5554671,0
            -0.1612429,51.5553996,0
            -0.160866,51.5555438,0
            -0.1607024,51.5555797,0
            -0.1604033,51.555603,0
            -0.1596389,51.5556714,0
            -0.158971,51.5557323,0
            -0.1589617,51.5557164,0
            -0.1587994,51.5557281,0
            -0.1587457,51.5557281,0
            -0.1587323,51.5556789,0
            -0.1585151,51.5556939,0
            -0.1585124,51.5557164,0
          </coordinates>
        </LineString>
      </Placemark>
      <Placemark>
        <name>Line 60</name>
        <styleUrl>#line-880E4F-3635-nodesc</styleUrl>
        <LineString>
          <tessellate>1</tessellate>
          <coordinates>
            -0.1585124,51.5557164,0
            -0.1584499,51.5557154,0
            -0.1584418,51.555677,0
            -0.15836,51.5556837,0
            -0.1583667,51.5557137,0
            -0.1578397,51.5557521,0
            -0.1570028,51.5558271,0
            -0.1567024,51.5558538,0
            -0.1562706,51.5558746,0
            -0.1555625,51.5558788,0
            -0.1553801,51.555873,0
            -0.154908,51.5558371,0
            -0.1545097,51.5557771,0
            -0.1536554,51.555612,0
            -0.1530251,51.5554152,0
            -0.1528991,51.5553593,0
            -0.152954,51.5553226,0
            -0.1528642,51.5552718,0
            -0.1527824,51.5551959,0
            -0.1526188,51.5550058,0
            -0.1523868,51.5547014,0
            -0.1515378,51.5549591,0
            -0.1512951,51.5550316,0
            -0.1511771,51.5550666,0
            -0.1510805,51.5551133,0
            -0.1510403,51.5551092,0
            -0.1509491,51.5551058,0
            -0.1508606,51.5551275,0
            -0.1507439,51.55506,0
          </coordinates>
        </LineString>
      </Placemark>
      <Placemark>
        <name>Line 61</name>
        <styleUrl>#line-880E4F-2356-nodesc</styleUrl>
        <LineString>
          <tessellate>1</tessellate>
          <coordinates>
            -0.1507439,51.55506,0
            -0.1509464,51.5549813,0
            -0.1507023,51.5547445,0
            -0.1501712,51.5546911,0
            -0.1500586,51.5546444,0
            -0.1499057,51.5545661,0
            -0.1497179,51.5544593,0
            -0.1491386,51.5540374,0
            -0.1487953,51.5537189,0
            -0.1484197,51.5532969,0
            -0.1482427,51.5530401,0
            -0.1484948,51.5529734,0
          </coordinates>
        </LineString>
      </Placemark>
      <Placemark>
        <name>Line 62</name>
        <styleUrl>#line-880E4F-3906-nodesc</styleUrl>
        <LineString>
          <tessellate>1</tessellate>
          <coordinates>
            -0.1505882,51.5524497,0
            -0.1503012,51.5525598,0
            -0.1505453,51.5525948,0
            -0.1513016,51.5526181,0
            -0.1515082,51.5526115,0
            -0.1515216,51.5526548,0
            -0.1514974,51.55285,0
            -0.1508457,51.5528416,0
            -0.1500625,51.5528967,0
            -0.1496574,51.55297,0
            -0.1490459,51.5530734,0
            -0.1489359,51.5529133,0
            -0.1485631,51.5530001,0
            -0.1484948,51.5529734,0
          </coordinates>
        </LineString>
      </Placemark>
      <Placemark>
        <name>Line 63</name>
        <styleUrl>#line-880E4F-3325-nodesc</styleUrl>
        <LineString>
          <tessellate>1</tessellate>
          <coordinates>
            -0.1505882,51.5524497,0
            -0.1507425,51.5524024,0
            -0.150611,51.5522372,0
            -0.150324,51.5523073,0
            -0.1502328,51.5523256,0
            -0.1499727,51.5522839,0
            -0.149852,51.5522739,0
            -0.1497608,51.5522306,0
            -0.1497071,51.5521689,0
            -0.1491385,51.552309,0
            -0.1482722,51.5520338,0
            -0.1481461,51.5519187,0
            -0.1481005,51.5517286,0
            -0.1480522,51.5515618,0
            -0.1476982,51.5510548,0
            -0.1477035,51.5509847,0
            -0.148417,51.5507629,0
            -0.1482426,51.5505644,0
            -0.1481246,51.550446,0
            -0.147446,51.5506895,0
            -0.1474407,51.5505561,0
            -0.147548,51.5505461,0
            -0.1481032,51.5503426,0
            -0.1474273,51.5498706,0
            -0.1474165,51.5496771,0
            -0.1473548,51.5492084,0
            -0.1473414,51.54912,0
            -0.1473951,51.5489682,0
            -0.1472958,51.5489466,0
            -0.1472475,51.5487297,0
            -0.1471966,51.5485596,0
            -0.1470759,51.5481293,0
            -0.1469606,51.5476589,0
            -0.1468345,51.5470551,0
            -0.1467487,51.546483,0
            -0.1467084,51.5463445,0
          </coordinates>
        </LineString>
      </Placemark>
      <Placemark>
        <name>Line 65</name>
        <styleUrl>#line-880E4F-3519-nodesc</styleUrl>
        <LineString>
          <tessellate>1</tessellate>
          <coordinates>
            -0.1467084,51.5463445,0
            -0.1466054,51.5459832,0
            -0.1465303,51.5455795,0
            -0.1463747,51.5450424,0
            -0.1462245,51.544582,0
            -0.1460582,51.544095,0
          </coordinates>
        </LineString>
      </Placemark>
      <Placemark>
        <name>Line 66</name>
        <styleUrl>#line-880E4F-3906-nodesc</styleUrl>
        <LineString>
          <tessellate>1</tessellate>
          <coordinates>
            -0.1460582,51.544095,0
            -0.1460151,51.5439805,0
            -0.145936,51.5438246,0
            -0.1457791,51.5435835,0
            -0.1455819,51.5433658,0
            -0.1453861,51.5431548,0
            -0.1451099,51.5429305,0
            -0.1449382,51.5428212,0
            -0.1449033,51.5427903,0
            -0.1449395,51.5427737,0
            -0.1447545,51.5426744,0
            -0.144725,51.5426953,0
            -0.1446217,51.5426385,0
            -0.1444809,51.5425701,0
            -0.1442395,51.5424667,0
            -0.1440142,51.5423833,0
            -0.1438707,51.5423399,0
            -0.1436065,51.5422599,0
            -0.1433772,51.5422031,0
            -0.1431827,51.5421606,0
            -0.1431827,51.5421031,0
            -0.1433919,51.5420872,0
            -0.143974,51.5420497,0
            -0.1443267,51.5420146,0
            -0.1448175,51.5419654,0
            -0.1452172,51.5419045,0
            -0.1454143,51.5418845,0
            -0.1461331,51.5418378,0
            -0.1462149,51.5419054,0
            -0.1463692,51.541998,0
            -0.1466253,51.5421247,0
            -0.146801,51.5421948,0
            -0.1472851,51.5423858,0
            -0.1478886,51.5425751,0
            -0.1481019,51.5426377,0
            -0.148464,51.5427111,0
            -0.1487496,51.5427728,0
            -0.1491251,51.5428529,0
          </coordinates>
        </LineString>
      </Placemark>
      <Placemark>
        <name>Line 67</name>
        <styleUrl>#line-880E4F-3519-nodesc</styleUrl>
        <LineString>
          <tessellate>1</tessellate>
          <coordinates>
            -0.1491251,51.5428529,0
            -0.1492216,51.542724,0
            -0.149361,51.5424637,0
            -0.1495729,51.5425355,0
            -0.1495743,51.5425605,0
            -0.1496078,51.5425838,0
            -0.1500289,51.5426923,0
            -0.1502904,51.5427657,0
            -0.1503696,51.5428107,0
            -0.1504299,51.5428716,0
            -0.1504594,51.5429333,0
            -0.150552,51.543121,0
            -0.150623,51.5431527,0
            -0.1508631,51.543186,0
          </coordinates>
        </LineString>
      </Placemark>
      <Placemark>
        <name>Line 68</name>
        <styleUrl>#line-880E4F-3519-nodesc</styleUrl>
        <LineString>
          <tessellate>1</tessellate>
          <coordinates>
            -0.1508631,51.543186,0
            -0.1513533,51.5432945,0
            -0.151486,51.5433245,0
            -0.151596,51.5433062,0
            -0.1516389,51.5433437,0
            -0.1517006,51.5433779,0
            -0.1517905,51.5434096,0
            -0.1518803,51.5434296,0
            -0.1519635,51.5434329,0
            -0.1520265,51.5434288,0
            -0.1520412,51.5434563,0
            -0.1520761,51.5435364,0
            -0.1521298,51.5435747,0
            -0.1522585,51.5436123,0
            -0.1523913,51.5436623,0
            -0.1526394,51.5437082,0
            -0.152854,51.5436656,0
            -0.1531249,51.5435931,0
            -0.1531262,51.5434705,0
            -0.1535258,51.5434579,0
            -0.1543801,51.5433312,0
            -0.1546188,51.543287,0
            -0.1547041,51.5432476,0
          </coordinates>
        </LineString>
      </Placemark>
    </Folder>
  </Document>
</kml>
