{
  "type": "FeatureCollection",
  "features": [
    {
      "type": "Feature",
      "geometry": {
        "type": "LineString",
        "coordinates": [
          [
            8.5252627,
            47.3534653,
            0
          ],
          [
            8.5253653,
            47.3533233,
            0
          ],
          [
            8.5254847,
            47.3533833,
            0
          ],
          [
            8.5255933,
            47.3532833,
            0
          ],
          [
            8.5256416,
            47.353227,
            0
          ],
          [
            8.5258079,
            47.353098,
            0
          ],
          [
            8.5257784,
            47.3530634,
            0
          ],
          [
            8.5258052,
            47.3530107,
            0
          ],
          [
            8.5259178,
            47.3529326,
            0
          ],
          [
            8.5259903,
            47.3528563,
            0
          ],
          [
            8.5259608,
            47.3527927,
            0
          ],
          [
            8.5259071,
            47.3527527,
            0
          ],
          [
            8.5260332,
            47.3525692,
            0
          ],
          [
            8.5261737,
            47.3523605,
            0
          ],
          [
            8.526222,
            47.3522788,
            0
          ],
          [
            8.5263132,
            47.3520316,
            0
          ],
          [
            8.5263374,
            47.3517554,
            0
          ]
        ]
      },
      "properties": {
        "styleUrl": "#line-000000-4681-nodesc",
        "stroke-opacity": 1,
        "stroke": "#000000",
        "stroke-width": 4.681
      }
    },
    {
      "type": "Feature",
      "geometry": {
        "type": "LineString",
        "coordinates": [
          [
            8.5263374,
            47.3517554,
            0
          ],
          [
            8.5263317,
            47.3517138,
            0
          ]
        ]
      },
      "properties": {
        "styleUrl": "#line-000000-4681-nodesc",
        "stroke-opacity": 1,
        "stroke": "#000000",
        "stroke-width": 4.681
      }
    },
    {
      "type": "Feature",
      "geometry": {
        "type": "LineString",
        "coordinates": [
          [
            8.5263317,
            47.3517138,
            0
          ],
          [
            8.5264229,
            47.351721,
            0
          ],
          [
            8.5265785,
            47.351741,
            0
          ],
          [
            8.5266616,
            47.3517483,
            0
          ],
          [
            8.5267099,
            47.3517228,
            0
          ],
          [
            8.5266294,
            47.3516465,
            0
          ],
          [
            8.5265838,
            47.3515611,
            0
          ],
          [
            8.5265811,
            47.3513503,
            0
          ],
          [
            8.5265677,
            47.3510523,
            0
          ],
          [
            8.5265543,
            47.3509742,
            0
          ],
          [
            8.5264685,
            47.3508997,
            0
          ],
          [
            8.52638,
            47.3508088,
            0
          ],
          [
            8.5262807,
            47.3506743,
            0
          ],
          [
            8.5262298,
            47.3505744,
            0
          ],
          [
            8.5260957,
            47.3504381,
            0
          ],
          [
            8.5259723,
            47.3503381,
            0
          ],
          [
            8.5256236,
            47.3500056,
            0
          ],
          [
            8.5254573,
            47.3498729,
            0
          ],
          [
            8.5254305,
            47.3497875,
            0
          ],
          [
            8.5253902,
            47.3497075,
            0
          ],
          [
            8.5252454,
            47.3495749,
            0
          ],
          [
            8.5252749,
            47.3494677,
            0
          ],
          [
            8.5253795,
            47.3493205,
            0
          ],
          [
            8.5254117,
            47.3492478,
            0
          ],
          [
            8.5252937,
            47.3492369,
            0
          ],
          [
            8.5251649,
            47.3492532,
            0
          ],
          [
            8.5250094,
            47.349255,
            0
          ],
          [
            8.5249209,
            47.349275,
            0
          ],
          [
            8.5248887,
            47.3492732,
            0
          ],
          [
            8.524894,
            47.3492332,
            0
          ],
          [
            8.5248109,
            47.3491987,
            0
          ],
          [
            8.5246714,
            47.3491097,
            0
          ],
          [
            8.5243737,
            47.3489225,
            0
          ],
          [
            8.5239579,
            47.3486335,
            0
          ],
          [
            8.5238051,
            47.3485209,
            0
          ],
          [
            8.523746,
            47.3484918,
            0
          ],
          [
            8.5236253,
            47.3484882,
            0
          ],
          [
            8.5235771,
            47.3484591,
            0
          ],
          [
            8.5235556,
            47.3484682,
            0
          ],
          [
            8.5235717,
            47.3484991,
            0
          ],
          [
            8.5235422,
            47.3485281,
            0
          ]
        ]
      },
      "properties": {
        "styleUrl": "#line-000000-4488-nodesc",
        "stroke-opacity": 1,
        "stroke": "#000000",
        "stroke-width": 4.488
      }
    },
    {
      "type": "Feature",
      "geometry": {
        "type": "LineString",
        "coordinates": [
          [
            8.5235422,
            47.3485281,
            0
          ],
          [
            8.5235301,
            47.3484958,
            0
          ]
        ]
      },
      "properties": {
        "styleUrl": "#line-000000-4488-nodesc",
        "stroke-opacity": 1,
        "stroke": "#000000",
        "stroke-width": 4.488
      }
    },
    {
      "type": "Feature",
      "geometry": {
        "type": "LineString",
        "coordinates": [
          [
            8.5235301,
            47.3484958,
            0
          ],
          [
            8.5235248,
            47.348464,
            0
          ],
          [
            8.5235248,
            47.3484354,
            0
          ],
          [
            8.5235167,
            47.3484258,
            0
          ],
          [
            8.5234215,
            47.3483677,
            0
          ],
          [
            8.5233404,
            47.3483191,
            0
          ],
          [
            8.5232291,
            47.3482632,
            0
          ],
          [
            8.5231768,
            47.3482378,
            0
          ]
        ]
      },
      "properties": {
        "styleUrl": "#line-000000-4100-nodesc",
        "stroke-opacity": 1,
        "stroke": "#000000",
        "stroke-width": 4.1
      }
    },
    {
      "type": "Feature",
      "geometry": {
        "type": "LineString",
        "coordinates": [
          [
            8.5231768,
            47.3482378,
            0
          ],
          [
            8.52315,
            47.3481754,
            0
          ]
        ]
      },
      "properties": {
        "styleUrl": "#line-000000-4488-nodesc",
        "stroke-opacity": 1,
        "stroke": "#000000",
        "stroke-width": 4.488
      }
    },
    {
      "type": "Feature",
      "geometry": {
        "type": "LineString",
        "coordinates": [
          [
            8.5241716,
            47.3433997,
            0
          ],
          [
            8.5240308,
            47.3433838,
            0
          ]
        ]
      },
      "properties": {
        "styleUrl": "#line-000000-4681-nodesc",
        "stroke-opacity": 1,
        "stroke": "#000000",
        "stroke-width": 4.681
      }
    },
    {
      "type": "Feature",
      "geometry": {
        "type": "LineString",
        "coordinates": [
          [
            8.5240308,
            47.3433838,
            0
          ],
          [
            8.5240033,
            47.3434147,
            0
          ],
          [
            8.5239925,
            47.3434234,
            0
          ],
          [
            8.5239724,
            47.3434179,
            0
          ],
          [
            8.5239651,
            47.3434279,
            0
          ],
          [
            8.5239362,
            47.3434234,
            0
          ],
          [
            8.5239114,
            47.3434542,
            0
          ],
          [
            8.5238558,
            47.3434361,
            0
          ],
          [
            8.5237652,
            47.3435524,
            0
          ],
          [
            8.5236532,
            47.3436228,
            0
          ],
          [
            8.5235386,
            47.3436787,
            0
          ],
          [
            8.5234749,
            47.3437064,
            0
          ],
          [
            8.5233723,
            47.3437378,
            0
          ],
          [
            8.5232999,
            47.3437528,
            0
          ],
          [
            8.5232509,
            47.3437505,
            0
          ],
          [
            8.5231973,
            47.3437296,
            0
          ],
          [
            8.5231644,
            47.3437042,
            0
          ],
          [
            8.5231564,
            47.3436783,
            0
          ]
        ]
      },
      "properties": {
        "styleUrl": "#line-000000-4294-nodesc",
        "stroke-opacity": 1,
        "stroke": "#000000",
        "stroke-width": 4.294
      }
    },
    {
      "type": "Feature",
      "geometry": {
        "type": "LineString",
        "coordinates": [
          [
            8.5231564,
            47.3436783,
            0
          ],
          [
            8.5228387,
            47.3435683,
            0
          ]
        ]
      },
      "properties": {
        "styleUrl": "#line-000000-4294-nodesc",
        "stroke-opacity": 1,
        "stroke": "#000000",
        "stroke-width": 4.294
      }
    },
    {
      "type": "Feature",
      "geometry": {
        "type": "LineString",
        "coordinates": [
          [
            8.5228387,
            47.3435683,
            0
          ],
          [
            8.5223553,
            47.3437329,
            0
          ],
          [
            8.5219905,
            47.3438147,
            0
          ],
          [
            8.5217411,
            47.3438619,
            0
          ],
          [
            8.5215211,
            47.3438819,
            0
          ],
          [
            8.5214326,
            47.3439237,
            0
          ],
          [
            8.5212663,
            47.3439437,
            0
          ],
          [
            8.5212529,
            47.3438965,
            0
          ]
        ]
      },
      "properties": {
        "styleUrl": "#line-000000-4488-nodesc",
        "stroke-opacity": 1,
        "stroke": "#000000",
        "stroke-width": 4.488
      }
    },
    {
      "type": "Feature",
      "geometry": {
        "type": "LineString",
        "coordinates": [
          [
            8.5212529,
            47.3438965,
            0
          ],
          [
            8.5210947,
            47.3438674,
            0
          ]
        ]
      },
      "properties": {
        "styleUrl": "#line-000000-4681-nodesc",
        "stroke-opacity": 1,
        "stroke": "#000000",
        "stroke-width": 4.681
      }
    },
    {
      "type": "Feature",
      "geometry": {
        "type": "LineString",
        "coordinates": [
          [
            8.5210905,
            47.3438666,
            0
          ],
          [
            8.5210047,
            47.3438675,
            0
          ],
          [
            8.5206735,
            47.3438966,
            0
          ],
          [
            8.5203771,
            47.3439265,
            0
          ],
          [
            8.520312,
            47.3439347,
            0
          ]
        ]
      },
      "properties": {
        "styleUrl": "#line-000000-4681-nodesc",
        "stroke-opacity": 1,
        "stroke": "#000000",
        "stroke-width": 4.681
      }
    },
    {
      "type": "Feature",
      "geometry": {
        "type": "LineString",
        "coordinates": [
          [
            8.520312,
            47.3439347,
            0
          ],
          [
            8.5203637,
            47.343842,
            0
          ]
        ]
      },
      "properties": {
        "styleUrl": "#line-000000-4488-nodesc",
        "stroke-opacity": 1,
        "stroke": "#000000",
        "stroke-width": 4.488
      }
    },
    {
      "type": "Feature",
      "geometry": {
        "type": "LineString",
        "coordinates": [
          [
            8.5203637,
            47.343842,
            0
          ],
          [
            8.5203703,
            47.3438057,
            0
          ],
          [
            8.5204146,
            47.3437076,
            0
          ],
          [
            8.5205111,
            47.3435958,
            0
          ],
          [
            8.5206868,
            47.3434886,
            0
          ],
          [
            8.5207981,
            47.3434104,
            0
          ],
          [
            8.5208411,
            47.3433713,
            0
          ],
          [
            8.5208679,
            47.3433177,
            0
          ],
          [
            8.5208464,
            47.343186,
            0
          ]
        ]
      },
      "properties": {
        "styleUrl": "#line-000000-4294-nodesc",
        "stroke-opacity": 1,
        "stroke": "#000000",
        "stroke-width": 4.294
      }
    },
    {
      "type": "Feature",
      "geometry": {
        "type": "LineString",
        "coordinates": [
          [
            8.5208464,
            47.343186,
            0
          ],
          [
            8.5207968,
            47.3431841,
            0
          ]
        ]
      },
      "properties": {
        "styleUrl": "#line-000000-4294-nodesc",
        "stroke-opacity": 1,
        "stroke": "#000000",
        "stroke-width": 4.294
      }
    },
    {
      "type": "Feature",
      "geometry": {
        "type": "LineString",
        "coordinates": [
          [
            8.5207968,
            47.3431841,
            0
          ],
          [
            8.5208075,
            47.3431268,
            0
          ],
          [
            8.5208638,
            47.3430623,
            0
          ],
          [
            8.5210543,
            47.3429142,
            0
          ],
          [
            8.5213131,
            47.3426761,
            0
          ],
          [
            8.5215196,
            47.3424443,
            0
          ],
          [
            8.521749,
            47.3421299,
            0
          ],
          [
            8.5219045,
            47.3418636,
            0
          ],
          [
            8.5220708,
            47.3415338,
            0
          ],
          [
            8.5221513,
            47.341342,
            0
          ],
          [
            8.5221875,
            47.3412957,
            0
          ],
          [
            8.5222559,
            47.341252,
            0
          ],
          [
            8.5223645,
            47.341193,
            0
          ],
          [
            8.5224168,
            47.3411484,
            0
          ],
          [
            8.5224571,
            47.3411003,
            0
          ],
          [
            8.5225577,
            47.3409049,
            0
          ],
          [
            8.5226985,
            47.3406104,
            0
          ],
          [
            8.5227333,
            47.3405232,
            0
          ],
          [
            8.5228259,
            47.3403096,
            0
          ],
          [
            8.5228312,
            47.3402769,
            0
          ],
          [
            8.5228567,
            47.3402251,
            0
          ]
        ]
      },
      "properties": {
        "styleUrl": "#line-000000-4100-nodesc",
        "stroke-opacity": 1,
        "stroke": "#000000",
        "stroke-width": 4.1
      }
    },
    {
      "type": "Feature",
      "geometry": {
        "type": "LineString",
        "coordinates": [
          [
            8.5228567,
            47.3402251,
            0
          ],
          [
            8.5229679,
            47.3402971,
            0
          ],
          [
            8.5231134,
            47.3402767,
            0
          ]
        ]
      },
      "properties": {
        "styleUrl": "#line-000000-4875-nodesc",
        "stroke-opacity": 1,
        "stroke": "#000000",
        "stroke-width": 4.875
      }
    },
    {
      "type": "Feature",
      "geometry": {
        "type": "LineString",
        "coordinates": [
          [
            8.5231134,
            47.3402767,
            0
          ],
          [
            8.5230376,
            47.3402158,
            0
          ],
          [
            8.5229732,
            47.3401472,
            0
          ],
          [
            8.5229276,
            47.340114,
            0
          ],
          [
            8.5228901,
            47.3400922,
            0
          ],
          [
            8.5229316,
            47.3400163,
            0
          ],
          [
            8.5229793,
            47.3398336,
            0
          ],
          [
            8.5229927,
            47.3397023,
            0
          ],
          [
            8.5230034,
            47.3393942,
            0
          ],
          [
            8.522998,
            47.3392188,
            0
          ],
          [
            8.5230356,
            47.3389871,
            0
          ],
          [
            8.523057,
            47.3389289,
            0
          ],
          [
            8.5230973,
            47.3389253,
            0
          ]
        ]
      },
      "properties": {
        "styleUrl": "#line-000000-4488-nodesc",
        "stroke-opacity": 1,
        "stroke": "#000000",
        "stroke-width": 4.488
      }
    },
    {
      "type": "Feature",
      "geometry": {
        "type": "LineString",
        "coordinates": [
          [
            8.5230973,
            47.3389253,
            0
          ],
          [
            8.5231075,
            47.3388737,
            0
          ]
        ]
      },
      "properties": {
        "styleUrl": "#line-000000-4294-nodesc",
        "stroke-opacity": 1,
        "stroke": "#000000",
        "stroke-width": 4.294
      }
    },
    {
      "type": "Feature",
      "geometry": {
        "type": "LineString",
        "coordinates": [
          [
            8.5231075,
            47.3388737,
            0
          ],
          [
            8.5230962,
            47.3388537,
            0
          ],
          [
            8.5231231,
            47.3387155,
            0
          ],
          [
            8.5229675,
            47.3387119,
            0
          ],
          [
            8.5229755,
            47.3386083,
            0
          ],
          [
            8.5230345,
            47.3385974,
            0
          ],
          [
            8.5230775,
            47.3383393,
            0
          ],
          [
            8.5235227,
            47.3383665,
            0
          ],
          [
            8.5234959,
            47.3383447,
            0
          ],
          [
            8.5233081,
            47.3383156,
            0
          ],
          [
            8.5232411,
            47.3383029,
            0
          ],
          [
            8.5231928,
            47.3382466,
            0
          ],
          [
            8.5232867,
            47.3376631,
            0
          ]
        ]
      },
      "properties": {
        "styleUrl": "#line-000000-4488-nodesc",
        "stroke-opacity": 1,
        "stroke": "#000000",
        "stroke-width": 4.488
      }
    },
    {
      "type": "Feature",
      "geometry": {
        "type": "LineString",
        "coordinates": [
          [
            8.5232867,
            47.3376631,
            0
          ],
          [
            8.5233282,
            47.3376658,
            0
          ]
        ]
      },
      "properties": {
        "styleUrl": "#line-000000-4294-nodesc",
        "stroke-opacity": 1,
        "stroke": "#000000",
        "stroke-width": 4.294
      }
    },
    {
      "type": "Feature",
      "geometry": {
        "type": "LineString",
        "coordinates": [
          [
            8.5233282,
            47.3376658,
            0
          ],
          [
            8.5233658,
            47.3374822,
            0
          ],
          [
            8.5234154,
            47.3372796,
            0
          ],
          [
            8.5234463,
            47.3371914,
            0
          ],
          [
            8.523512,
            47.3371642,
            0
          ]
        ]
      },
      "properties": {
        "styleUrl": "#line-000000-4488-nodesc",
        "stroke-opacity": 1,
        "stroke": "#000000",
        "stroke-width": 4.488
      }
    },
    {
      "type": "Feature",
      "geometry": {
        "type": "LineString",
        "coordinates": [
          [
            8.523512,
            47.3371642,
            0
          ],
          [
            8.5239044,
            47.3372918,
            0
          ],
          [
            8.5239084,
            47.3371491,
            0
          ]
        ]
      },
      "properties": {
        "styleUrl": "#line-000000-4488-nodesc",
        "stroke-opacity": 1,
        "stroke": "#000000",
        "stroke-width": 4.488
      }
    },
    {
      "type": "Feature",
      "geometry": {
        "type": "LineString",
        "coordinates": [
          [
            8.5239084,
            47.3371491,
            0
          ],
          [
            8.5238511,
            47.3371468,
            0
          ],
          [
            8.523835,
            47.3371468,
            0
          ],
          [
            8.5238309,
            47.3371605,
            0
          ],
          [
            8.5237679,
            47.3371686,
            0
          ],
          [
            8.523729,
            47.3371532,
            0
          ],
          [
            8.5236539,
            47.3371505,
            0
          ],
          [
            8.5236593,
            47.3370332,
            0
          ],
          [
            8.5236767,
            47.3363843,
            0
          ],
          [
            8.523615,
            47.3363788,
            0
          ],
          [
            8.5235681,
            47.3363589,
            0
          ],
          [
            8.5235574,
            47.3363343,
            0
          ],
          [
            8.5237009,
            47.3360589,
            0
          ],
          [
            8.5237263,
            47.3360389,
            0
          ],
          [
            8.5238216,
            47.3360226,
            0
          ],
          [
            8.5239865,
            47.3359253,
            0
          ]
        ]
      },
      "properties": {
        "styleUrl": "#line-000000-4294-nodesc",
        "stroke-opacity": 1,
        "stroke": "#000000",
        "stroke-width": 4.294
      }
    },
    {
      "type": "Feature",
      "geometry": {
        "type": "LineString",
        "coordinates": [
          [
            8.5239865,
            47.3359253,
            0
          ],
          [
            8.5240214,
            47.3359231,
            0
          ]
        ]
      },
      "properties": {
        "styleUrl": "#line-000000-4681-nodesc",
        "stroke-opacity": 1,
        "stroke": "#000000",
        "stroke-width": 4.681
      }
    },
    {
      "type": "Feature",
      "geometry": {
        "type": "LineString",
        "coordinates": [
          [
            8.5240214,
            47.3359231,
            0
          ],
          [
            8.5240228,
            47.3358831,
            0
          ],
          [
            8.5241924,
            47.3357995,
            0
          ],
          [
            8.5244103,
            47.3356859,
            0
          ],
          [
            8.5245699,
            47.3356077,
            0
          ],
          [
            8.5247885,
            47.3355259,
            0
          ],
          [
            8.5249515,
            47.3354764,
            0
          ],
          [
            8.5249589,
            47.33548,
            0
          ]
        ]
      },
      "properties": {
        "styleUrl": "#line-000000-4681-nodesc",
        "stroke-opacity": 1,
        "stroke": "#000000",
        "stroke-width": 4.681
      }
    },
    {
      "type": "Feature",
      "geometry": {
        "type": "LineString",
        "coordinates": [
          [
            8.5249589,
            47.33548,
            0
          ],
          [
            8.5249872,
            47.3354631,
            0
          ],
          [
            8.5250724,
            47.3353431,
            0
          ],
          [
            8.5253031,
            47.3354254,
            0
          ],
          [
            8.5256806,
            47.3353999,
            0
          ],
          [
            8.5260293,
            47.3353072,
            0
          ],
          [
            8.5263344,
            47.3352086,
            0
          ],
          [
            8.5263129,
            47.3347369,
            0
          ]
        ]
      },
      "properties": {
        "styleUrl": "#line-000000-4681-nodesc",
        "stroke-opacity": 1,
        "stroke": "#000000",
        "stroke-width": 4.681
      }
    },
    {
      "type": "Feature",
      "geometry": {
        "type": "LineString",
        "coordinates": [
          [
            8.5263129,
            47.3347369,
            0
          ],
          [
            8.5262368,
            47.3347252,
            0
          ],
          [
            8.5262194,
            47.3346061,
            0
          ],
          [
            8.5262274,
            47.3345507,
            0
          ],
          [
            8.5263535,
            47.3344725,
            0
          ],
          [
            8.5264581,
            47.3344016,
            0
          ],
          [
            8.526442,
            47.334288,
            0
          ],
          [
            8.5264393,
            47.3342217,
            0
          ],
          [
            8.5266043,
            47.3341163,
            0
          ],
          [
            8.5266137,
            47.3341317,
            0
          ],
          [
            8.5266177,
            47.3341526,
            0
          ],
          [
            8.526662,
            47.3341508,
            0
          ],
          [
            8.5266673,
            47.3341044,
            0
          ],
          [
            8.5268095,
            47.334019,
            0
          ],
          [
            8.5268564,
            47.3340099,
            0
          ],
          [
            8.5269664,
            47.334009,
            0
          ],
          [
            8.5270106,
            47.3340208,
            0
          ],
          [
            8.5270629,
            47.3340317,
            0
          ],
          [
            8.527067,
            47.3340399,
            0
          ],
          [
            8.5271729,
            47.3340372,
            0
          ]
        ]
      },
      "properties": {
        "styleUrl": "#line-000000-4294-nodesc",
        "stroke-opacity": 1,
        "stroke": "#000000",
        "stroke-width": 4.294
      }
    },
    {
      "type": "Feature",
      "geometry": {
        "type": "LineString",
        "coordinates": [
          [
            8.5271676,
            47.3339931,
            0
          ],
          [
            8.5273071,
            47.3340104,
            0
          ],
          [
            8.5273433,
            47.3339549,
            0
          ],
          [
            8.5275364,
            47.3338531,
            0
          ],
          [
            8.527523,
            47.3338304,
            0
          ],
          [
            8.5273098,
            47.3337986,
            0
          ],
          [
            8.5264823,
            47.3336604,
            0
          ],
          [
            8.5259847,
            47.3335796,
            0
          ],
          [
            8.5260236,
            47.3333541,
            0
          ],
          [
            8.5259418,
            47.3332433,
            0
          ]
        ]
      },
      "properties": {
        "styleUrl": "#line-000000-4681-nodesc",
        "stroke-opacity": 1,
        "stroke": "#000000",
        "stroke-width": 4.681
      }
    },
    {
      "type": "Feature",
      "geometry": {
        "type": "LineString",
        "coordinates": [
          [
            8.5259408,
            47.3332369,
            0
          ],
          [
            8.5259529,
            47.3331678,
            0
          ]
        ]
      },
      "properties": {
        "styleUrl": "#line-000000-4294-nodesc",
        "stroke-opacity": 1,
        "stroke": "#000000",
        "stroke-width": 4.294
      }
    },
    {
      "type": "Feature",
      "geometry": {
        "type": "LineString",
        "coordinates": [
          [
            8.5259529,
            47.3331678,
            0
          ],
          [
            8.5260065,
            47.3331478,
            0
          ],
          [
            8.5261755,
            47.3330224,
            0
          ],
          [
            8.5264357,
            47.3328379,
            0
          ],
          [
            8.5267615,
            47.3325934,
            0
          ],
          [
            8.5271545,
            47.3322553,
            0
          ]
        ]
      },
      "properties": {
        "styleUrl": "#line-000000-4488-nodesc",
        "stroke-opacity": 1,
        "stroke": "#000000",
        "stroke-width": 4.488
      }
    },
    {
      "type": "Feature",
      "geometry": {
        "type": "LineString",
        "coordinates": [
          [
            8.5271545,
            47.3322553,
            0
          ],
          [
            8.5274171,
            47.3320463,
            0
          ],
          [
            8.5275942,
            47.3318981,
            0
          ],
          [
            8.5281574,
            47.3314119,
            0
          ],
          [
            8.5283009,
            47.3312719,
            0
          ],
          [
            8.5283894,
            47.3311328,
            0
          ],
          [
            8.5284645,
            47.3310274,
            0
          ],
          [
            8.5287971,
            47.3306547,
            0
          ],
          [
            8.5289393,
            47.3304802,
            0
          ],
          [
            8.5290627,
            47.3303229,
            0
          ],
          [
            8.5291767,
            47.3301484,
            0
          ],
          [
            8.5292504,
            47.3300366,
            0
          ],
          [
            8.5292263,
            47.3300048,
            0
          ],
          [
            8.5295133,
            47.3296358,
            0
          ]
        ]
      },
      "properties": {
        "styleUrl": "#line-000000-4100-nodesc",
        "stroke-opacity": 1,
        "stroke": "#000000",
        "stroke-width": 4.1
      }
    },
    {
      "type": "Feature",
      "geometry": {
        "type": "LineString",
        "coordinates": [
          [
            8.5295133,
            47.3296358,
            0
          ],
          [
            8.5298561,
            47.3291553,
            0
          ]
        ]
      },
      "properties": {
        "styleUrl": "#line-000000-4681-nodesc",
        "stroke-opacity": 1,
        "stroke": "#000000",
        "stroke-width": 4.681
      }
    },
    {
      "type": "Feature",
      "geometry": {
        "type": "LineString",
        "coordinates": [
          [
            8.5298561,
            47.3291553,
            0
          ],
          [
            8.5298427,
            47.3294425,
            0
          ],
          [
            8.5298561,
            47.3295643,
            0
          ],
          [
            8.5299661,
            47.3297152,
            0
          ],
          [
            8.5299714,
            47.3297552,
            0
          ],
          [
            8.5300572,
            47.3297916,
            0
          ],
          [
            8.530524,
            47.3297425,
            0
          ],
          [
            8.53065,
            47.3297152,
            0
          ],
          [
            8.5306125,
            47.3296316,
            0
          ],
          [
            8.5306607,
            47.3296225,
            0
          ],
          [
            8.5306849,
            47.3296861,
            0
          ],
          [
            8.5307251,
            47.329697,
            0
          ],
          [
            8.5310148,
            47.3296407,
            0
          ],
          [
            8.5311623,
            47.3296007,
            0
          ],
          [
            8.5311999,
            47.3295789,
            0
          ]
        ]
      },
      "properties": {
        "styleUrl": "#line-000000-4294-nodesc",
        "stroke-opacity": 1,
        "stroke": "#000000",
        "stroke-width": 4.294
      }
    },
    {
      "type": "Feature",
      "geometry": {
        "type": "LineString",
        "coordinates": [
          [
            8.5311999,
            47.3295789,
            0
          ],
          [
            8.5312964,
            47.3296716,
            0
          ]
        ]
      },
      "properties": {
        "styleUrl": "#line-000000-5069-nodesc",
        "stroke-opacity": 1,
        "stroke": "#000000",
        "stroke-width": 5.069
      }
    },
    {
      "type": "Feature",
      "geometry": {
        "type": "LineString",
        "coordinates": [
          [
            8.5322298,
            47.3336564,
            0
          ],
          [
            8.5324526,
            47.3338216,
            0
          ],
          [
            8.5327343,
            47.3342979,
            0
          ],
          [
            8.5334504,
            47.3346069,
            0
          ]
        ]
      },
      "properties": {
        "styleUrl": "#line-000000-4488-nodesc",
        "stroke-opacity": 1,
        "stroke": "#000000",
        "stroke-width": 4.488
      }
    },
    {
      "type": "Feature",
      "geometry": {
        "type": "LineString",
        "coordinates": [
          [
            8.5334504,
            47.3346069,
            0
          ],
          [
            8.5334826,
            47.3346414,
            0
          ],
          [
            8.5335014,
            47.3346887,
            0
          ],
          [
            8.5334665,
            47.3347396,
            0
          ],
          [
            8.5334531,
            47.3347887,
            0
          ],
          [
            8.5333378,
            47.3349359,
            0
          ],
          [
            8.533327,
            47.3349523,
            0
          ],
          [
            8.5333029,
            47.3349432,
            0
          ],
          [
            8.5332761,
            47.3349759,
            0
          ],
          [
            8.5332251,
            47.3349686,
            0
          ],
          [
            8.5331715,
            47.3349396,
            0
          ],
          [
            8.5331607,
            47.3349196,
            0
          ],
          [
            8.5331339,
            47.3349432,
            0
          ],
          [
            8.5331017,
            47.3349686,
            0
          ],
          [
            8.5330159,
            47.3349505,
            0
          ],
          [
            8.5329032,
            47.3349268,
            0
          ],
          [
            8.532753,
            47.3350923,
            0
          ],
          [
            8.532576,
            47.3350141,
            0
          ],
          [
            8.5324097,
            47.3349559,
            0
          ],
          [
            8.5322112,
            47.3350723,
            0
          ],
          [
            8.5320664,
            47.3350795,
            0
          ],
          [
            8.5317767,
            47.335334,
            0
          ]
        ]
      },
      "properties": {
        "styleUrl": "#line-000000-4488-nodesc",
        "stroke-opacity": 1,
        "stroke": "#000000",
        "stroke-width": 4.488
      }
    },
    {
      "type": "Feature",
      "geometry": {
        "type": "LineString",
        "coordinates": [
          [
            8.5317767,
            47.335334,
            0
          ],
          [
            8.5316349,
            47.3354376,
            0
          ]
        ]
      },
      "properties": {
        "styleUrl": "#line-000000-4488-nodesc",
        "stroke-opacity": 1,
        "stroke": "#000000",
        "stroke-width": 4.488
      }
    },
    {
      "type": "Feature",
      "geometry": {
        "type": "LineString",
        "coordinates": [
          [
            8.5316349,
            47.3354376,
            0
          ],
          [
            8.531719,
            47.3354884,
            0
          ],
          [
            8.5317832,
            47.3354917,
            0
          ],
          [
            8.5318301,
            47.3355224,
            0
          ],
          [
            8.5318886,
            47.3355707,
            0
          ],
          [
            8.5319253,
            47.3355973,
            0
          ],
          [
            8.531987,
            47.3355891,
            0
          ],
          [
            8.5322558,
            47.335817,
            0
          ],
          [
            8.5321986,
            47.3358577,
            0
          ],
          [
            8.5320719,
            47.3359334,
            0
          ],
          [
            8.5322087,
            47.3360547,
            0
          ],
          [
            8.5323597,
            47.3361803,
            0
          ],
          [
            8.5322239,
            47.3362496,
            0
          ],
          [
            8.5320216,
            47.3360911,
            0
          ],
          [
            8.5319445,
            47.3361301,
            0
          ],
          [
            8.5321107,
            47.3362622,
            0
          ],
          [
            8.5319142,
            47.3363681,
            0
          ],
          [
            8.5319263,
            47.3363769,
            0
          ],
          [
            8.531974,
            47.3364137,
            0
          ],
          [
            8.531988,
            47.3364057,
            0
          ],
          [
            8.5320622,
            47.3364714,
            0
          ],
          [
            8.5322324,
            47.336625,
            0
          ],
          [
            8.5322775,
            47.336663,
            0
          ],
          [
            8.5324149,
            47.3365918,
            0
          ],
          [
            8.5325858,
            47.3366889,
            0
          ],
          [
            8.5328499,
            47.3363997,
            0
          ],
          [
            8.5328178,
            47.3363792,
            0
          ]
        ]
      },
      "properties": {
        "styleUrl": "#line-000000-5263-nodesc",
        "stroke-opacity": 1,
        "stroke": "#000000",
        "stroke-width": 5.263
      }
    },
    {
      "type": "Feature",
      "geometry": {
        "type": "LineString",
        "coordinates": [
          [
            8.5328178,
            47.3363792,
            0
          ],
          [
            8.5330052,
            47.3363014,
            0
          ]
        ]
      },
      "properties": {
        "styleUrl": "#line-000000-4488-nodesc",
        "stroke-opacity": 1,
        "stroke": "#000000",
        "stroke-width": 4.488
      }
    },
    {
      "type": "Feature",
      "geometry": {
        "type": "LineString",
        "coordinates": [
          [
            8.5330052,
            47.3363014,
            0
          ],
          [
            8.5331662,
            47.3361559,
            0
          ],
          [
            8.53348,
            47.3363213,
            0
          ],
          [
            8.5333486,
            47.3364195,
            0
          ]
        ]
      },
      "properties": {
        "styleUrl": "#line-000000-4100-nodesc",
        "stroke-opacity": 1,
        "stroke": "#000000",
        "stroke-width": 4.1
      }
    },
    {
      "type": "Feature",
      "geometry": {
        "type": "LineString",
        "coordinates": [
          [
            8.5333486,
            47.3364195,
            0
          ],
          [
            8.5334478,
            47.3364922,
            0
          ]
        ]
      },
      "properties": {
        "styleUrl": "#line-000000-4681-nodesc",
        "stroke-opacity": 1,
        "stroke": "#000000",
        "stroke-width": 4.681
      }
    },
    {
      "type": "Feature",
      "geometry": {
        "type": "LineString",
        "coordinates": [
          [
            8.5334478,
            47.3364922,
            0
          ],
          [
            8.5335873,
            47.3363795,
            0
          ],
          [
            8.5337616,
            47.3364958,
            0
          ],
          [
            8.5339387,
            47.336614,
            0
          ],
          [
            8.5340996,
            47.3367521,
            0
          ],
          [
            8.5342042,
            47.3366903,
            0
          ],
          [
            8.5342578,
            47.3366922,
            0
          ],
          [
            8.5344456,
            47.3368339,
            0
          ],
          [
            8.5344375,
            47.3368739,
            0
          ],
          [
            8.5342122,
            47.3370303,
            0
          ],
          [
            8.5341023,
            47.3370939,
            0
          ],
          [
            8.5342015,
            47.3371866,
            0
          ],
          [
            8.5341237,
            47.3372375,
            0
          ],
          [
            8.5341935,
            47.3372902,
            0
          ],
          [
            8.5345314,
            47.3370339,
            0
          ],
          [
            8.5346816,
            47.3371339,
            0
          ],
          [
            8.5347406,
            47.3371284,
            0
          ],
          [
            8.5348023,
            47.3371593,
            0
          ],
          [
            8.5349016,
            47.337083,
            0
          ],
          [
            8.5350545,
            47.3368994,
            0
          ],
          [
            8.5349311,
            47.3368576,
            0
          ],
          [
            8.5350786,
            47.3366703,
            0
          ]
        ]
      },
      "properties": {
        "styleUrl": "#line-000000-4875-nodesc",
        "stroke-opacity": 1,
        "stroke": "#000000",
        "stroke-width": 4.875
      }
    },
    {
      "type": "Feature",
      "geometry": {
        "type": "LineString",
        "coordinates": [
          [
            8.5350786,
            47.3366703,
            0
          ],
          [
            8.5352519,
            47.3364686,
            0
          ],
          [
            8.535445,
            47.336574,
            0
          ]
        ]
      },
      "properties": {
        "styleUrl": "#line-000000-4681-nodesc",
        "stroke-opacity": 1,
        "stroke": "#000000",
        "stroke-width": 4.681
      }
    },
    {
      "type": "Feature",
      "geometry": {
        "type": "LineString",
        "coordinates": [
          [
            8.535445,
            47.336574,
            0
          ],
          [
            8.5355705,
            47.3364224,
            0
          ],
          [
            8.5356906,
            47.3363653,
            0
          ]
        ]
      },
      "properties": {
        "styleUrl": "#line-000000-4681-nodesc",
        "stroke-opacity": 1,
        "stroke": "#000000",
        "stroke-width": 4.681
      }
    },
    {
      "type": "Feature",
      "geometry": {
        "type": "LineString",
        "coordinates": [
          [
            8.5356731,
            47.33636,
            0
          ],
          [
            8.5352653,
            47.3361075,
            0
          ],
          [
            8.5355744,
            47.335929,
            0
          ],
          [
            8.5358578,
            47.3357376,
            0
          ],
          [
            8.5362869,
            47.3355159,
            0
          ],
          [
            8.5367215,
            47.3352868,
            0
          ],
          [
            8.5368314,
            47.335225,
            0
          ],
          [
            8.5372659,
            47.3348651,
            0
          ],
          [
            8.5375503,
            47.3345852,
            0
          ],
          [
            8.5379526,
            47.3342125,
            0
          ],
          [
            8.5382476,
            47.333969,
            0
          ],
          [
            8.5385239,
            47.3336981,
            0
          ],
          [
            8.5387948,
            47.3338472,
            0
          ],
          [
            8.5388806,
            47.3338217,
            0
          ],
          [
            8.5390577,
            47.3339272,
            0
          ],
          [
            8.5391193,
            47.3339162,
            0
          ],
          [
            8.5392481,
            47.3337926,
            0
          ],
          [
            8.5396209,
            47.3340108,
            0
          ]
        ]
      },
      "properties": {
        "styleUrl": "#line-000000-4875-nodesc",
        "stroke-opacity": 1,
        "stroke": "#000000",
        "stroke-width": 4.875
      }
    },
    {
      "type": "Feature",
      "geometry": {
        "type": "LineString",
        "coordinates": [
          [
            8.5396209,
            47.3340108,
            0
          ],
          [
            8.5394723,
            47.3342297,
            0
          ],
          [
            8.5389466,
            47.334535,
            0
          ],
          [
            8.5386086,
            47.3347859,
            0
          ],
          [
            8.5384101,
            47.3351022,
            0
          ],
          [
            8.5380936,
            47.335513,
            0
          ],
          [
            8.5376913,
            47.3360183,
            0
          ],
          [
            8.53723,
            47.3366218,
            0
          ],
          [
            8.5370368,
            47.3368654,
            0
          ],
          [
            8.5369241,
            47.3370254,
            0
          ]
        ]
      },
      "properties": {
        "styleUrl": "#line-000000-5069-nodesc",
        "stroke-opacity": 1,
        "stroke": "#000000",
        "stroke-width": 5.069
      }
    },
    {
      "type": "Feature",
      "geometry": {
        "type": "LineString",
        "coordinates": [
          [
            8.5367498,
            47.3372906,
            0
          ],
          [
            8.5365352,
            47.3375706,
            0
          ]
        ]
      },
      "properties": {
        "styleUrl": "#line-000000-5263-nodesc",
        "stroke-opacity": 1,
        "stroke": "#000000",
        "stroke-width": 5.263
      }
    },
    {
      "type": "Feature",
      "geometry": {
        "type": "LineString",
        "coordinates": [
          [
            8.5365352,
            47.3375706,
            0
          ],
          [
            8.5365728,
            47.3376396,
            0
          ],
          [
            8.5367927,
            47.3377232,
            0
          ],
          [
            8.5366479,
            47.3379159,
            0
          ],
          [
            8.5363904,
            47.3378323,
            0
          ]
        ]
      },
      "properties": {
        "styleUrl": "#line-000000-4681-nodesc",
        "stroke-opacity": 1,
        "stroke": "#000000",
        "stroke-width": 4.681
      }
    },
    {
      "type": "Feature",
      "geometry": {
        "type": "LineString",
        "coordinates": [
          [
            8.5363904,
            47.3378323,
            0
          ],
          [
            8.5363186,
            47.337959,
            0
          ]
        ]
      },
      "properties": {
        "styleUrl": "#line-1A237E-4875-nodesc",
        "stroke-opacity": 1,
        "stroke": "#1a237e",
        "stroke-width": 4.875
      }
    },
    {
      "type": "Feature",
      "geometry": {
        "type": "LineString",
        "coordinates": [
          [
            8.5363186,
            47.337959,
            0
          ],
          [
            8.5361068,
            47.3382208,
            0
          ],
          [
            8.5360316,
            47.3383353,
            0
          ],
          [
            8.5360558,
            47.3385825,
            0
          ],
          [
            8.5360612,
            47.3386261,
            0
          ]
        ]
      },
      "properties": {
        "styleUrl": "#line-000000-4875-nodesc",
        "stroke-opacity": 1,
        "stroke": "#000000",
        "stroke-width": 4.875
      }
    },
    {
      "type": "Feature",
      "geometry": {
        "type": "LineString",
        "coordinates": [
          [
            8.5360612,
            47.3386261,
            0
          ],
          [
            8.5360612,
            47.3386952,
            0
          ]
        ]
      },
      "properties": {
        "styleUrl": "#line-000000-4875-nodesc",
        "stroke-opacity": 1,
        "stroke": "#000000",
        "stroke-width": 4.875
      }
    },
    {
      "type": "Feature",
      "geometry": {
        "type": "LineString",
        "coordinates": [
          [
            8.5360612,
            47.3386952,
            0
          ],
          [
            8.5360649,
            47.338823,
            0
          ],
          [
            8.5360313,
            47.3389548,
            0
          ],
          [
            8.5358718,
            47.3392274,
            0
          ]
        ]
      },
      "properties": {
        "styleUrl": "#line-000000-4681-nodesc",
        "stroke-opacity": 1,
        "stroke": "#000000",
        "stroke-width": 4.681
      }
    },
    {
      "type": "Feature",
      "geometry": {
        "type": "LineString",
        "coordinates": [
          [
            8.5358718,
            47.3392274,
            0
          ],
          [
            8.5357,
            47.3395057,
            0
          ]
        ]
      },
      "properties": {
        "styleUrl": "#line-000000-4294-nodesc",
        "stroke-opacity": 1,
        "stroke": "#000000",
        "stroke-width": 4.294
      }
    },
    {
      "type": "Feature",
      "geometry": {
        "type": "LineString",
        "coordinates": [
          [
            8.5357,
            47.3395057,
            0
          ],
          [
            8.5353551,
            47.3400471,
            0
          ],
          [
            8.5353736,
            47.3401082,
            0
          ],
          [
            8.5355251,
            47.3401532,
            0
          ],
          [
            8.5356519,
            47.3401841,
            0
          ],
          [
            8.5360428,
            47.3402709,
            0
          ],
          [
            8.5360871,
            47.3402845,
            0
          ],
          [
            8.5363593,
            47.3403509,
            0
          ],
          [
            8.5363211,
            47.3404554,
            0
          ],
          [
            8.5364769,
            47.3404586,
            0
          ],
          [
            8.5367711,
            47.3406818,
            0
          ],
          [
            8.536698,
            47.3407643,
            0
          ]
        ]
      },
      "properties": {
        "styleUrl": "#line-000000-5069-nodesc",
        "stroke-opacity": 1,
        "stroke": "#000000",
        "stroke-width": 5.069
      }
    },
    {
      "type": "Feature",
      "geometry": {
        "type": "LineString",
        "coordinates": [
          [
            8.536698,
            47.3407643,
            0
          ],
          [
            8.5367354,
            47.3407778,
            0
          ]
        ]
      },
      "properties": {
        "styleUrl": "#line-000000-4875-nodesc",
        "stroke-opacity": 1,
        "stroke": "#000000",
        "stroke-width": 4.875
      }
    },
    {
      "type": "Feature",
      "geometry": {
        "type": "LineString",
        "coordinates": [
          [
            8.5367354,
            47.3407778,
            0
          ],
          [
            8.536608,
            47.3409132,
            0
          ],
          [
            8.5364659,
            47.3410296,
            0
          ],
          [
            8.5361708,
            47.3412604,
            0
          ],
          [
            8.5361051,
            47.3413131,
            0
          ],
          [
            8.5360649,
            47.3413267,
            0
          ]
        ]
      },
      "properties": {
        "styleUrl": "#line-000000-4488-nodesc",
        "stroke-opacity": 1,
        "stroke": "#000000",
        "stroke-width": 4.488
      }
    },
    {
      "type": "Feature",
      "geometry": {
        "type": "LineString",
        "coordinates": [
          [
            8.5360649,
            47.3413267,
            0
          ],
          [
            8.53598,
            47.3414294,
            0
          ],
          [
            8.5355831,
            47.3420528,
            0
          ],
          [
            8.5353765,
            47.3423491,
            0
          ],
          [
            8.5353283,
            47.3423673,
            0
          ],
          [
            8.5353014,
            47.3424527,
            0
          ],
          [
            8.535162,
            47.3426708,
            0
          ],
          [
            8.5350869,
            47.342798,
            0
          ],
          [
            8.5349447,
            47.3429234,
            0
          ],
          [
            8.5349876,
            47.3430234,
            0
          ],
          [
            8.5348535,
            47.3432996,
            0
          ],
          [
            8.5347408,
            47.3434559,
            0
          ],
          [
            8.5348025,
            47.3434868,
            0
          ],
          [
            8.5345424,
            47.3439957,
            0
          ],
          [
            8.534486,
            47.3440739,
            0
          ],
          [
            8.5343734,
            47.3443956,
            0
          ],
          [
            8.5342312,
            47.3449299,
            0
          ],
          [
            8.5342232,
            47.345048,
            0
          ],
          [
            8.5341025,
            47.3452916,
            0
          ],
          [
            8.5340381,
            47.3456932,
            0
          ],
          [
            8.533991,
            47.3459605,
            0
          ],
          [
            8.5339105,
            47.3459969,
            0
          ],
          [
            8.5336638,
            47.3471491,
            0
          ]
        ]
      },
      "properties": {
        "styleUrl": "#line-000000-4488-nodesc",
        "stroke-opacity": 1,
        "stroke": "#000000",
        "stroke-width": 4.488
      }
    },
    {
      "type": "Feature",
      "geometry": {
        "type": "LineString",
        "coordinates": [
          [
            8.5352047,
            47.3434711,
            0
          ],
          [
            8.5351349,
            47.3436565,
            0
          ]
        ]
      },
      "properties": {
        "styleUrl": "#line-000000-4681-nodesc",
        "stroke-opacity": 1,
        "stroke": "#000000",
        "stroke-width": 4.681
      }
    },
    {
      "type": "Feature",
      "geometry": {
        "type": "LineString",
        "coordinates": [
          [
            8.5336638,
            47.3471491,
            0
          ],
          [
            8.5336298,
            47.3473244,
            0
          ]
        ]
      },
      "properties": {
        "styleUrl": "#line-000000-4875-nodesc",
        "stroke-opacity": 1,
        "stroke": "#000000",
        "stroke-width": 4.875
      }
    },
    {
      "type": "Feature",
      "geometry": {
        "type": "LineString",
        "coordinates": [
          [
            8.5336298,
            47.3473244,
            0
          ],
          [
            8.5334904,
            47.3473135,
            0
          ],
          [
            8.5334582,
            47.3473698,
            0
          ],
          [
            8.5334367,
            47.347557,
            0
          ]
        ]
      },
      "properties": {
        "styleUrl": "#line-000000-4681-nodesc",
        "stroke-opacity": 1,
        "stroke": "#000000",
        "stroke-width": 4.681
      }
    },
    {
      "type": "Feature",
      "geometry": {
        "type": "LineString",
        "coordinates": [
          [
            8.5334367,
            47.347557,
            0
          ],
          [
            8.5334394,
            47.3476025,
            0
          ]
        ]
      },
      "properties": {
        "styleUrl": "#line-000000-4681-nodesc",
        "stroke-opacity": 1,
        "stroke": "#000000",
        "stroke-width": 4.681
      }
    },
    {
      "type": "Feature",
      "geometry": {
        "type": "LineString",
        "coordinates": [
          [
            8.5334394,
            47.3476025,
            0
          ],
          [
            8.5333971,
            47.3478436,
            0
          ],
          [
            8.5334508,
            47.3478436,
            0
          ],
          [
            8.5334052,
            47.3481035,
            0
          ],
          [
            8.5333327,
            47.3481234,
            0
          ],
          [
            8.5332952,
            47.3482943,
            0
          ]
        ]
      },
      "properties": {
        "styleUrl": "#line-000000-4681-nodesc",
        "stroke-opacity": 1,
        "stroke": "#000000",
        "stroke-width": 4.681
      }
    },
    {
      "type": "Feature",
      "geometry": {
        "type": "LineString",
        "coordinates": [
          [
            8.5332952,
            47.3482943,
            0
          ],
          [
            8.5330645,
            47.3482561,
            0
          ]
        ]
      },
      "properties": {
        "styleUrl": "#line-000000-4488-nodesc",
        "stroke-opacity": 1,
        "stroke": "#000000",
        "stroke-width": 4.488
      }
    },
    {
      "type": "Feature",
      "geometry": {
        "type": "LineString",
        "coordinates": [
          [
            8.5331196,
            47.3520884,
            0
          ],
          [
            8.5331887,
            47.3526801,
            0
          ],
          [
            8.5332102,
            47.3532252,
            0
          ],
          [
            8.5331726,
            47.3537595,
            0
          ],
          [
            8.532883,
            47.3545117,
            0
          ],
          [
            8.5328239,
            47.3547116,
            0
          ],
          [
            8.5328025,
            47.354817,
            0
          ]
        ]
      },
      "properties": {
        "styleUrl": "#line-000000-4875-nodesc",
        "stroke-opacity": 1,
        "stroke": "#000000",
        "stroke-width": 4.875
      }
    },
    {
      "type": "Feature",
      "geometry": {
        "type": "LineString",
        "coordinates": [
          [
            8.5328025,
            47.354817,
            0
          ],
          [
            8.5328213,
            47.3549424,
            0
          ],
          [
            8.5327676,
            47.3550932,
            0
          ]
        ]
      },
      "properties": {
        "styleUrl": "#line-000000-4294-nodesc",
        "stroke-opacity": 1,
        "stroke": "#000000",
        "stroke-width": 4.294
      }
    },
    {
      "type": "Feature",
      "geometry": {
        "type": "LineString",
        "coordinates": [
          [
            8.5327676,
            47.3550932,
            0
          ],
          [
            8.5330636,
            47.3551022,
            0
          ],
          [
            8.533423,
            47.3550768,
            0
          ],
          [
            8.5340372,
            47.355055,
            0
          ],
          [
            8.5340989,
            47.3550786,
            0
          ],
          [
            8.5342116,
            47.3552712,
            0
          ],
          [
            8.5343618,
            47.35572,
            0
          ],
          [
            8.5344261,
            47.3559072,
            0
          ],
          [
            8.5345495,
            47.3563305,
            0
          ],
          [
            8.5346112,
            47.3565595,
            0
          ],
          [
            8.5346246,
            47.356872,
            0
          ],
          [
            8.5346622,
            47.3570501,
            0
          ],
          [
            8.5346461,
            47.3572826,
            0
          ],
          [
            8.5346059,
            47.3575279,
            0
          ],
          [
            8.5345683,
            47.3576951,
            0
          ],
          [
            8.5345281,
            47.358004,
            0
          ],
          [
            8.5345066,
            47.3581112,
            0
          ],
          [
            8.5345361,
            47.3581911,
            0
          ],
          [
            8.5344744,
            47.3584909,
            0
          ],
          [
            8.5344208,
            47.3588307,
            0
          ],
          [
            8.534402,
            47.3589125,
            0
          ],
          [
            8.5342786,
            47.3588907,
            0
          ],
          [
            8.534056,
            47.3588652,
            0
          ],
          [
            8.5339943,
            47.3588525,
            0
          ]
        ]
      },
      "properties": {
        "styleUrl": "#line-000000-4875-nodesc",
        "stroke-opacity": 1,
        "stroke": "#000000",
        "stroke-width": 4.875
      }
    },
    {
      "type": "Feature",
      "geometry": {
        "type": "LineString",
        "coordinates": [
          [
            8.5339943,
            47.3588525,
            0
          ],
          [
            8.5338822,
            47.3589192,
            0
          ]
        ]
      },
      "properties": {
        "styleUrl": "#line-000000-4681-nodesc",
        "stroke-opacity": 1,
        "stroke": "#000000",
        "stroke-width": 4.681
      }
    },
    {
      "type": "Feature",
      "geometry": {
        "type": "LineString",
        "coordinates": [
          [
            8.5338822,
            47.3589192,
            0
          ],
          [
            8.5337409,
            47.3589001,
            0
          ],
          [
            8.5337087,
            47.3589228,
            0
          ],
          [
            8.5336671,
            47.3590554,
            0
          ],
          [
            8.5337154,
            47.3590654,
            0
          ],
          [
            8.5337033,
            47.3591163,
            0
          ],
          [
            8.5336416,
            47.3591099,
            0
          ],
          [
            8.5335813,
            47.3592943,
            0
          ],
          [
            8.5334874,
            47.3595814,
            0
          ],
          [
            8.5335142,
            47.3596323,
            0
          ],
          [
            8.5333519,
            47.3600402,
            0
          ],
          [
            8.5333613,
            47.3600656,
            0
          ],
          [
            8.5333613,
            47.3600901,
            0
          ],
          [
            8.5336309,
            47.360151,
            0
          ]
        ]
      },
      "properties": {
        "styleUrl": "#line-000000-4488-nodesc",
        "stroke-opacity": 1,
        "stroke": "#000000",
        "stroke-width": 4.488
      }
    },
    {
      "type": "Feature",
      "geometry": {
        "type": "LineString",
        "coordinates": [
          [
            8.5336309,
            47.360151,
            0
          ],
          [
            8.5335813,
            47.3602241,
            0
          ]
        ]
      },
      "properties": {
        "styleUrl": "#line-000000-4488-nodesc",
        "stroke-opacity": 1,
        "stroke": "#000000",
        "stroke-width": 4.488
      }
    },
    {
      "type": "Feature",
      "geometry": {
        "type": "LineString",
        "coordinates": [
          [
            8.5335813,
            47.3602241,
            0
          ],
          [
            8.5333975,
            47.3601859,
            0
          ],
          [
            8.5333734,
            47.3601814,
            0
          ],
          [
            8.5333224,
            47.3601996,
            0
          ],
          [
            8.5333251,
            47.3602177,
            0
          ],
          [
            8.5332299,
            47.3605139,
            0
          ],
          [
            8.533187,
            47.3606193,
            0
          ],
          [
            8.5331454,
            47.3607364,
            0
          ],
          [
            8.5334847,
            47.3607873,
            0
          ],
          [
            8.5334244,
            47.3609835,
            0
          ],
          [
            8.5334311,
            47.3610217,
            0
          ],
          [
            8.5335732,
            47.3610444,
            0
          ],
          [
            8.5336711,
            47.3610689,
            0
          ],
          [
            8.5336751,
            47.361118,
            0
          ],
          [
            8.533541,
            47.3615132,
            0
          ],
          [
            8.5334324,
            47.3618366,
            0
          ],
          [
            8.533419,
            47.3618693,
            0
          ],
          [
            8.533241,
            47.3622579,
            0
          ],
          [
            8.5331661,
            47.3622434,
            0
          ],
          [
            8.5332004,
            47.36209,
            0
          ],
          [
            8.533014,
            47.3620573,
            0
          ],
          [
            8.5329979,
            47.3620737,
            0
          ]
        ]
      },
      "properties": {
        "styleUrl": "#line-000000-4681-nodesc",
        "stroke-opacity": 1,
        "stroke": "#000000",
        "stroke-width": 4.681
      }
    },
    {
      "type": "Feature",
      "geometry": {
        "type": "LineString",
        "coordinates": [
          [
            8.5329979,
            47.3620737,
            0
          ],
          [
            8.5329539,
            47.3620702,
            0
          ]
        ]
      },
      "properties": {
        "styleUrl": "#line-000000-4875-nodesc",
        "stroke-opacity": 1,
        "stroke": "#000000",
        "stroke-width": 4.875
      }
    },
    {
      "type": "Feature",
      "geometry": {
        "type": "LineString",
        "coordinates": [
          [
            8.5329539,
            47.3620702,
            0
          ],
          [
            8.5329136,
            47.3621946,
            0
          ],
          [
            8.5328868,
            47.3622664,
            0
          ],
          [
            8.5326937,
            47.3622337,
            0
          ],
          [
            8.5326628,
            47.3622273,
            0
          ]
        ]
      },
      "properties": {
        "styleUrl": "#line-000000-4294-nodesc",
        "stroke-opacity": 1,
        "stroke": "#000000",
        "stroke-width": 4.294
      }
    },
    {
      "type": "Feature",
      "geometry": {
        "type": "LineString",
        "coordinates": [
          [
            8.5326628,
            47.3622273,
            0
          ],
          [
            8.5326052,
            47.36237,
            0
          ]
        ]
      },
      "properties": {
        "name": "צורת הפתח",
        "styleUrl": "#line-1A237E-4681-nodesc",
        "stroke-opacity": 1,
        "stroke": "#1a237e",
        "stroke-width": 4.681
      }
    },
    {
      "type": "Feature",
      "geometry": {
        "type": "LineString",
        "coordinates": [
          [
            8.5326052,
            47.36237,
            0
          ],
          [
            8.5325381,
            47.362532,
            0
          ],
          [
            8.5324764,
            47.362681,
            0
          ],
          [
            8.5326776,
            47.3627009,
            0
          ],
          [
            8.5331829,
            47.3627706,
            0
          ],
          [
            8.5330676,
            47.3631871,
            0
          ],
          [
            8.5328607,
            47.363258,
            0
          ],
          [
            8.5326795,
            47.3633333,
            0
          ],
          [
            8.5324603,
            47.363395,
            0
          ],
          [
            8.5322162,
            47.3634658,
            0
          ],
          [
            8.5322833,
            47.3635948,
            0
          ],
          [
            8.5327259,
            47.3634731,
            0
          ],
          [
            8.5328431,
            47.3634352,
            0
          ],
          [
            8.5329404,
            47.3633986,
            0
          ]
        ]
      },
      "properties": {
        "styleUrl": "#line-000000-4681-nodesc",
        "stroke-opacity": 1,
        "stroke": "#000000",
        "stroke-width": 4.681
      }
    },
    {
      "type": "Feature",
      "geometry": {
        "type": "LineString",
        "coordinates": [
          [
            8.5329404,
            47.3633986,
            0
          ],
          [
            8.5329765,
            47.3635826,
            0
          ]
        ]
      },
      "properties": {
        "styleUrl": "#line-000000-4294-nodesc",
        "stroke-opacity": 1,
        "stroke": "#000000",
        "stroke-width": 4.294
      }
    },
    {
      "type": "Feature",
      "geometry": {
        "type": "LineString",
        "coordinates": [
          [
            8.5329765,
            47.3635826,
            0
          ],
          [
            8.5331159,
            47.3635463,
            0
          ],
          [
            8.5332393,
            47.3636117,
            0
          ],
          [
            8.5332501,
            47.3636408,
            0
          ]
        ]
      },
      "properties": {
        "styleUrl": "#line-000000-4294-nodesc",
        "stroke-opacity": 1,
        "stroke": "#000000",
        "stroke-width": 4.294
      }
    },
    {
      "type": "Feature",
      "geometry": {
        "type": "LineString",
        "coordinates": [
          [
            8.5332501,
            47.3636408,
            0
          ],
          [
            8.5336148,
            47.3636153,
            0
          ]
        ]
      },
      "properties": {
        "styleUrl": "#line-000000-4488-nodesc",
        "stroke-opacity": 1,
        "stroke": "#000000",
        "stroke-width": 4.488
      }
    },
    {
      "type": "Feature",
      "geometry": {
        "type": "LineString",
        "coordinates": [
          [
            8.5336148,
            47.3636153,
            0
          ],
          [
            8.5336578,
            47.3635227,
            0
          ],
          [
            8.5342344,
            47.3635172,
            0
          ],
          [
            8.5342398,
            47.3635735,
            0
          ],
          [
            8.5339877,
            47.364075,
            0
          ]
        ]
      },
      "properties": {
        "styleUrl": "#line-000000-4681-nodesc",
        "stroke-opacity": 1,
        "stroke": "#000000",
        "stroke-width": 4.681
      }
    },
    {
      "type": "Feature",
      "geometry": {
        "type": "LineString",
        "coordinates": [
          [
            8.5339877,
            47.364075,
            0
          ],
          [
            8.5340887,
            47.3641042,
            0
          ]
        ]
      },
      "properties": {
        "styleUrl": "#line-000000-4681-nodesc",
        "stroke-opacity": 1,
        "stroke": "#000000",
        "stroke-width": 4.681
      }
    },
    {
      "type": "Feature",
      "geometry": {
        "type": "LineString",
        "coordinates": [
          [
            8.5340887,
            47.3641042,
            0
          ],
          [
            8.534314,
            47.3637099,
            0
          ],
          [
            8.5344079,
            47.3635555,
            0
          ],
          [
            8.5348424,
            47.3636645,
            0
          ],
          [
            8.534947,
            47.3638098,
            0
          ],
          [
            8.5349014,
            47.3638843,
            0
          ]
        ]
      },
      "properties": {
        "styleUrl": "#line-000000-4488-nodesc",
        "stroke-opacity": 1,
        "stroke": "#000000",
        "stroke-width": 4.488
      }
    },
    {
      "type": "Feature",
      "geometry": {
        "type": "LineString",
        "coordinates": [
          [
            8.5349014,
            47.3638843,
            0
          ],
          [
            8.5351267,
            47.3639697,
            0
          ]
        ]
      },
      "properties": {
        "styleUrl": "#line-000000-4488-nodesc",
        "stroke-opacity": 1,
        "stroke": "#000000",
        "stroke-width": 4.488
      }
    },
    {
      "type": "Feature",
      "geometry": {
        "type": "LineString",
        "coordinates": [
          [
            8.5351267,
            47.3639697,
            0
          ],
          [
            8.5352151,
            47.3638715,
            0
          ],
          [
            8.5353036,
            47.3638588,
            0
          ],
          [
            8.5360519,
            47.3642222,
            0
          ],
          [
            8.53584,
            47.3645292,
            0
          ],
          [
            8.5357354,
            47.3646764,
            0
          ]
        ]
      },
      "properties": {
        "styleUrl": "#line-000000-4875-nodesc",
        "stroke-opacity": 1,
        "stroke": "#000000",
        "stroke-width": 4.875
      }
    },
    {
      "type": "Feature",
      "geometry": {
        "type": "LineString",
        "coordinates": [
          [
            8.5357354,
            47.3646764,
            0
          ],
          [
            8.5357649,
            47.364849,
            0
          ]
        ]
      },
      "properties": {
        "styleUrl": "#line-000000-4488-nodesc",
        "stroke-opacity": 1,
        "stroke": "#000000",
        "stroke-width": 4.488
      }
    },
    {
      "type": "Feature",
      "geometry": {
        "type": "LineString",
        "coordinates": [
          [
            8.5357649,
            47.364849,
            0
          ],
          [
            8.5359366,
            47.3649162,
            0
          ],
          [
            8.5361565,
            47.364987,
            0
          ],
          [
            8.5361753,
            47.3649452,
            0
          ],
          [
            8.5363979,
            47.3650179,
            0
          ],
          [
            8.5363684,
            47.365067,
            0
          ]
        ]
      },
      "properties": {
        "styleUrl": "#line-000000-4681-nodesc",
        "stroke-opacity": 1,
        "stroke": "#000000",
        "stroke-width": 4.681
      }
    },
    {
      "type": "Feature",
      "geometry": {
        "type": "LineString",
        "coordinates": [
          [
            8.5363684,
            47.365067,
            0
          ],
          [
            8.5365589,
            47.3651324,
            0
          ]
        ]
      },
      "properties": {
        "styleUrl": "#line-000000-4488-nodesc",
        "stroke-opacity": 1,
        "stroke": "#000000",
        "stroke-width": 4.488
      }
    },
    {
      "type": "Feature",
      "geometry": {
        "type": "LineString",
        "coordinates": [
          [
            8.5365589,
            47.3651324,
            0
          ],
          [
            8.5364543,
            47.3652759,
            0
          ],
          [
            8.5371677,
            47.3655629,
            0
          ],
          [
            8.5371463,
            47.3655865,
            0
          ]
        ]
      },
      "properties": {
        "styleUrl": "#line-000000-4488-nodesc",
        "stroke-opacity": 1,
        "stroke": "#000000",
        "stroke-width": 4.488
      }
    },
    {
      "type": "Feature",
      "geometry": {
        "type": "LineString",
        "coordinates": [
          [
            8.5371463,
            47.3655865,
            0
          ],
          [
            8.5372974,
            47.3656441,
            0
          ]
        ]
      },
      "properties": {
        "styleUrl": "#line-000000-4294-nodesc",
        "stroke-opacity": 1,
        "stroke": "#000000",
        "stroke-width": 4.294
      }
    },
    {
      "type": "Feature",
      "geometry": {
        "type": "LineString",
        "coordinates": [
          [
            8.538373,
            47.3658039,
            0
          ],
          [
            8.538676,
            47.3657749,
            0
          ]
        ]
      },
      "properties": {
        "styleUrl": "#line-000000-4875-nodesc",
        "stroke-opacity": 1,
        "stroke": "#000000",
        "stroke-width": 4.875
      }
    },
    {
      "type": "Feature",
      "geometry": {
        "type": "LineString",
        "coordinates": [
          [
            8.538676,
            47.3657749,
            0
          ],
          [
            8.5388182,
            47.3655678,
            0
          ],
          [
            8.5388745,
            47.365546,
            0
          ],
          [
            8.5391481,
            47.3656931,
            0
          ],
          [
            8.539706,
            47.3659693,
            0
          ],
          [
            8.5395022,
            47.3661782,
            0
          ],
          [
            8.5392447,
            47.3664616,
            0
          ],
          [
            8.5388866,
            47.3668648,
            0
          ]
        ]
      },
      "properties": {
        "styleUrl": "#line-000000-4488-nodesc",
        "stroke-opacity": 1,
        "stroke": "#000000",
        "stroke-width": 4.488
      }
    },
    {
      "type": "Feature",
      "geometry": {
        "type": "LineString",
        "coordinates": [
          [
            8.5388866,
            47.3668648,
            0
          ],
          [
            8.5388653,
            47.366889,
            0
          ]
        ]
      },
      "properties": {
        "styleUrl": "#line-000000-4488-nodesc",
        "stroke-opacity": 1,
        "stroke": "#000000",
        "stroke-width": 4.488
      }
    },
    {
      "type": "Feature",
      "geometry": {
        "type": "LineString",
        "coordinates": [
          [
            8.5388653,
            47.366889,
            0
          ],
          [
            8.5388552,
            47.3669003,
            0
          ],
          [
            8.5388425,
            47.3668944,
            0
          ],
          [
            8.538707,
            47.3670398,
            0
          ],
          [
            8.5384368,
            47.3673372,
            0
          ],
          [
            8.5382907,
            47.3674957,
            0
          ],
          [
            8.5384966,
            47.3675347,
            0
          ],
          [
            8.5385878,
            47.3675493,
            0
          ],
          [
            8.5386421,
            47.3674834,
            0
          ],
          [
            8.5386595,
            47.3674898,
            0
          ],
          [
            8.538618,
            47.3675316,
            0
          ],
          [
            8.5386046,
            47.3675547,
            0
          ],
          [
            8.5386039,
            47.3675847,
            0
          ],
          [
            8.5386294,
            47.3676006,
            0
          ],
          [
            8.5388453,
            47.3676546,
            0
          ]
        ]
      },
      "properties": {
        "styleUrl": "#line-000000-4488-nodesc",
        "stroke-opacity": 1,
        "stroke": "#000000",
        "stroke-width": 4.488
      }
    },
    {
      "type": "Feature",
      "geometry": {
        "type": "LineString",
        "coordinates": [
          [
            8.5388453,
            47.3676546,
            0
          ],
          [
            8.5388037,
            47.3677573,
            0
          ]
        ]
      },
      "properties": {
        "styleUrl": "#line-000000-4681-nodesc",
        "stroke-opacity": 1,
        "stroke": "#000000",
        "stroke-width": 4.681
      }
    },
    {
      "type": "Feature",
      "geometry": {
        "type": "LineString",
        "coordinates": [
          [
            8.5388037,
            47.3677573,
            0
          ],
          [
            8.5388471,
            47.3677636,
            0
          ],
          [
            8.538992,
            47.3678162,
            0
          ],
          [
            8.5389893,
            47.367848,
            0
          ],
          [
            8.538768,
            47.3680887,
            0
          ]
        ]
      },
      "properties": {
        "styleUrl": "#line-000000-4488-nodesc",
        "stroke-opacity": 1,
        "stroke": "#000000",
        "stroke-width": 4.488
      }
    },
    {
      "type": "Feature",
      "geometry": {
        "type": "LineString",
        "coordinates": [
          [
            8.538768,
            47.3680887,
            0
          ],
          [
            8.5389745,
            47.3681478,
            0
          ]
        ]
      },
      "properties": {
        "styleUrl": "#line-000000-4488-nodesc",
        "stroke-opacity": 1,
        "stroke": "#000000",
        "stroke-width": 4.488
      }
    },
    {
      "type": "Feature",
      "geometry": {
        "type": "LineString",
        "coordinates": [
          [
            8.5389745,
            47.3681478,
            0
          ],
          [
            8.5392417,
            47.3678513,
            0
          ],
          [
            8.5397915,
            47.3679476,
            0
          ],
          [
            8.5397084,
            47.3681764,
            0
          ]
        ]
      },
      "properties": {
        "styleUrl": "#line-000000-4294-nodesc",
        "stroke-opacity": 1,
        "stroke": "#000000",
        "stroke-width": 4.294
      }
    },
    {
      "type": "Feature",
      "geometry": {
        "type": "LineString",
        "coordinates": [
          [
            8.5397084,
            47.3681764,
            0
          ],
          [
            8.5400106,
            47.3682318,
            0
          ]
        ]
      },
      "properties": {
        "styleUrl": "#line-000000-4294-nodesc",
        "stroke-opacity": 1,
        "stroke": "#000000",
        "stroke-width": 4.294
      }
    },
    {
      "type": "Feature",
      "geometry": {
        "type": "LineString",
        "coordinates": [
          [
            8.5400106,
            47.3682318,
            0
          ],
          [
            8.5400535,
            47.3680556,
            0
          ],
          [
            8.5404424,
            47.3681028,
            0
          ],
          [
            8.5409467,
            47.3681691,
            0
          ],
          [
            8.5409601,
            47.3681927,
            0
          ],
          [
            8.5407348,
            47.3689494,
            0
          ]
        ]
      },
      "properties": {
        "styleUrl": "#line-000000-4681-nodesc",
        "stroke-opacity": 1,
        "stroke": "#000000",
        "stroke-width": 4.681
      }
    },
    {
      "type": "Feature",
      "geometry": {
        "type": "LineString",
        "coordinates": [
          [
            8.5407348,
            47.3689494,
            0
          ],
          [
            8.5409118,
            47.3690729,
            0
          ]
        ]
      },
      "properties": {
        "styleUrl": "#line-000000-4681-nodesc",
        "stroke-opacity": 1,
        "stroke": "#000000",
        "stroke-width": 4.681
      }
    },
    {
      "type": "Feature",
      "geometry": {
        "type": "LineString",
        "coordinates": [
          [
            8.5409118,
            47.3690729,
            0
          ],
          [
            8.5407773,
            47.3695126,
            0
          ],
          [
            8.5408229,
            47.3698487,
            0
          ],
          [
            8.5412145,
            47.3698487,
            0
          ],
          [
            8.5412306,
            47.369885,
            0
          ],
          [
            8.541372,
            47.3698801,
            0
          ],
          [
            8.5414766,
            47.3698755,
            0
          ],
          [
            8.5414759,
            47.3698624,
            0
          ]
        ]
      },
      "properties": {
        "styleUrl": "#line-000000-4294-nodesc",
        "stroke-opacity": 1,
        "stroke": "#000000",
        "stroke-width": 4.294
      }
    },
    {
      "type": "Feature",
      "geometry": {
        "type": "LineString",
        "coordinates": [
          [
            8.5414759,
            47.3698624,
            0
          ],
          [
            8.5415275,
            47.3699777,
            0
          ]
        ]
      },
      "properties": {
        "styleUrl": "#line-000000-4294-nodesc",
        "stroke-opacity": 1,
        "stroke": "#000000",
        "stroke-width": 4.294
      }
    },
    {
      "type": "Feature",
      "geometry": {
        "type": "LineString",
        "coordinates": [
          [
            8.5415275,
            47.3699777,
            0
          ],
          [
            8.5415419,
            47.3699685,
            0
          ],
          [
            8.5418638,
            47.3699621,
            0
          ],
          [
            8.5418658,
            47.3699848,
            0
          ]
        ]
      },
      "properties": {
        "styleUrl": "#line-000000-4681-nodesc",
        "stroke-opacity": 1,
        "stroke": "#000000",
        "stroke-width": 4.681
      }
    },
    {
      "type": "Feature",
      "geometry": {
        "type": "LineString",
        "coordinates": [
          [
            8.5418658,
            47.3699848,
            0
          ],
          [
            8.5419074,
            47.3700116,
            0
          ]
        ]
      },
      "properties": {
        "styleUrl": "#line-000000-4488-nodesc",
        "stroke-opacity": 1,
        "stroke": "#000000",
        "stroke-width": 4.488
      }
    },
    {
      "type": "Feature",
      "geometry": {
        "type": "LineString",
        "coordinates": [
          [
            8.5419074,
            47.3700116,
            0
          ],
          [
            8.5419199,
            47.3701738,
            0
          ],
          [
            8.5419306,
            47.370311,
            0
          ],
          [
            8.5419292,
            47.3703927,
            0
          ],
          [
            8.5419225,
            47.3705626,
            0
          ],
          [
            8.5419185,
            47.3707424,
            0
          ],
          [
            8.5419064,
            47.3710085,
            0
          ],
          [
            8.5419601,
            47.3710094,
            0
          ],
          [
            8.5419574,
            47.3711221,
            0
          ],
          [
            8.5419547,
            47.3713382,
            0
          ],
          [
            8.5419199,
            47.3713373,
            0
          ],
          [
            8.5419185,
            47.371351,
            0
          ],
          [
            8.5419064,
            47.3713455,
            0
          ],
          [
            8.5419024,
            47.3714836,
            0
          ]
        ]
      },
      "properties": {
        "styleUrl": "#line-000000-4681-nodesc",
        "stroke-opacity": 1,
        "stroke": "#000000",
        "stroke-width": 4.681
      }
    },
    {
      "type": "Feature",
      "geometry": {
        "type": "LineString",
        "coordinates": [
          [
            8.5419024,
            47.3714836,
            0
          ],
          [
            8.5417097,
            47.371588,
            0
          ]
        ]
      },
      "properties": {
        "styleUrl": "#line-000000-4488-nodesc",
        "stroke-opacity": 1,
        "stroke": "#000000",
        "stroke-width": 4.488
      }
    },
    {
      "type": "Feature",
      "geometry": {
        "type": "LineString",
        "coordinates": [
          [
            8.5417097,
            47.371588,
            0
          ],
          [
            8.5420531,
            47.3716244,
            0
          ],
          [
            8.5420316,
            47.371786,
            0
          ],
          [
            8.5418465,
            47.3717769,
            0
          ],
          [
            8.5418371,
            47.3718605,
            0
          ]
        ]
      },
      "properties": {
        "styleUrl": "#line-000000-4294-nodesc",
        "stroke-opacity": 1,
        "stroke": "#000000",
        "stroke-width": 4.294
      }
    },
    {
      "type": "Feature",
      "geometry": {
        "type": "LineString",
        "coordinates": [
          [
            8.5418371,
            47.3718605,
            0
          ],
          [
            8.5419029,
            47.3719738,
            0
          ]
        ]
      },
      "properties": {
        "styleUrl": "#line-000000-4681-nodesc",
        "stroke-opacity": 1,
        "stroke": "#000000",
        "stroke-width": 4.681
      }
    },
    {
      "type": "Feature",
      "geometry": {
        "type": "LineString",
        "coordinates": [
          [
            8.5419029,
            47.3719738,
            0
          ],
          [
            8.5418779,
            47.3719744,
            0
          ],
          [
            8.5418605,
            47.3721525,
            0
          ],
          [
            8.5418109,
            47.3721697,
            0
          ],
          [
            8.5418229,
            47.3722406,
            0
          ],
          [
            8.5418404,
            47.3722424,
            0
          ],
          [
            8.5418578,
            47.3723323,
            0
          ],
          [
            8.541835,
            47.372335,
            0
          ],
          [
            8.5418632,
            47.372553,
            0
          ],
          [
            8.5418497,
            47.3727174,
            0
          ],
          [
            8.5418484,
            47.3731388,
            0
          ],
          [
            8.5418752,
            47.3733132,
            0
          ],
          [
            8.5419812,
            47.373632,
            0
          ],
          [
            8.542008,
            47.373741,
            0
          ],
          [
            8.5420067,
            47.3738481,
            0
          ],
          [
            8.5419825,
            47.373849,
            0
          ],
          [
            8.5419758,
            47.3739053,
            0
          ],
          [
            8.5419611,
            47.3739943,
            0
          ],
          [
            8.5418578,
            47.3742087,
            0
          ],
          [
            8.5418605,
            47.3742759,
            0
          ],
          [
            8.5419128,
            47.3742868,
            0
          ],
          [
            8.5419289,
            47.3743095,
            0
          ],
          [
            8.5419369,
            47.3743249,
            0
          ]
        ]
      },
      "properties": {
        "styleUrl": "#line-000000-4681-nodesc",
        "stroke-opacity": 1,
        "stroke": "#000000",
        "stroke-width": 4.681
      }
    },
    {
      "type": "Feature",
      "geometry": {
        "type": "LineString",
        "coordinates": [
          [
            8.5419369,
            47.3743249,
            0
          ],
          [
            8.5419557,
            47.3745245,
            0
          ]
        ]
      },
      "properties": {
        "styleUrl": "#line-000000-4488-nodesc",
        "stroke-opacity": 1,
        "stroke": "#000000",
        "stroke-width": 4.488
      }
    },
    {
      "type": "Feature",
      "geometry": {
        "type": "LineString",
        "coordinates": [
          [
            8.5419557,
            47.3745245,
            0
          ],
          [
            8.5419503,
            47.3745472,
            0
          ],
          [
            8.5419409,
            47.3745599,
            0
          ],
          [
            8.5419262,
            47.3745672,
            0
          ],
          [
            8.5419074,
            47.3745735,
            0
          ],
          [
            8.5418873,
            47.3745726,
            0
          ],
          [
            8.5420426,
            47.3753988,
            0
          ],
          [
            8.542051,
            47.3754581,
            0
          ],
          [
            8.5421244,
            47.3754601,
            0
          ],
          [
            8.5421385,
            47.3754565,
            0
          ],
          [
            8.5422114,
            47.3755118,
            0
          ],
          [
            8.5422126,
            47.3755158,
            0
          ]
        ]
      },
      "properties": {
        "styleUrl": "#line-000000-4488-nodesc",
        "stroke-opacity": 1,
        "stroke": "#000000",
        "stroke-width": 4.488
      }
    },
    {
      "type": "Feature",
      "geometry": {
        "type": "LineString",
        "coordinates": [
          [
            8.5422126,
            47.3755158,
            0
          ],
          [
            8.5421921,
            47.3755378,
            0
          ]
        ]
      },
      "properties": {
        "styleUrl": "#line-000000-4488-nodesc",
        "stroke-opacity": 1,
        "stroke": "#000000",
        "stroke-width": 4.488
      }
    },
    {
      "type": "Feature",
      "geometry": {
        "type": "LineString",
        "coordinates": [
          [
            8.5421921,
            47.3755378,
            0
          ],
          [
            8.5422427,
            47.375602,
            0
          ],
          [
            8.5422823,
            47.3756474,
            0
          ],
          [
            8.5423111,
            47.3757787,
            0
          ],
          [
            8.5423359,
            47.3758904,
            0
          ],
          [
            8.542356,
            47.3759807,
            0
          ]
        ]
      },
      "properties": {
        "styleUrl": "#line-000000-4488-nodesc",
        "stroke-opacity": 1,
        "stroke": "#000000",
        "stroke-width": 4.488
      }
    },
    {
      "type": "Feature",
      "geometry": {
        "type": "LineString",
        "coordinates": [
          [
            8.542356,
            47.3759807,
            0
          ],
          [
            8.5417251,
            47.3758824,
            0
          ]
        ]
      },
      "properties": {
        "styleUrl": "#line-000000-4488-nodesc",
        "stroke-opacity": 1,
        "stroke": "#000000",
        "stroke-width": 4.488
      }
    },
    {
      "type": "Feature",
      "geometry": {
        "type": "LineString",
        "coordinates": [
          [
            8.5422954,
            47.3756687,
            0
          ],
          [
            8.5422908,
            47.3756533,
            0
          ]
        ]
      },
      "properties": {
        "styleUrl": "#line-000000-4488-nodesc",
        "stroke-opacity": 1,
        "stroke": "#000000",
        "stroke-width": 4.488
      }
    },
    {
      "type": "Feature",
      "geometry": {
        "type": "LineString",
        "coordinates": [
          [
            8.5417251,
            47.3758824,
            0
          ],
          [
            8.541702,
            47.3759684,
            0
          ],
          [
            8.54125,
            47.375913,
            0
          ],
          [
            8.5411239,
            47.3758177,
            0
          ],
          [
            8.5411145,
            47.3757577,
            0
          ]
        ]
      },
      "properties": {
        "styleUrl": "#line-000000-4488-nodesc",
        "stroke-opacity": 1,
        "stroke": "#000000",
        "stroke-width": 4.488
      }
    },
    {
      "type": "Feature",
      "geometry": {
        "type": "LineString",
        "coordinates": [
          [
            8.5408946,
            47.375755,
            0
          ],
          [
            8.5408839,
            47.3757877,
            0
          ],
          [
            8.5407578,
            47.3759875,
            0
          ],
          [
            8.5395937,
            47.375686,
            0
          ],
          [
            8.5395455,
            47.3756787,
            0
          ],
          [
            8.5394006,
            47.3757205,
            0
          ],
          [
            8.5391378,
            47.3751901,
            0
          ]
        ]
      },
      "properties": {
        "styleUrl": "#line-000000-4294-nodesc",
        "stroke-opacity": 1,
        "stroke": "#000000",
        "stroke-width": 4.294
      }
    },
    {
      "type": "Feature",
      "geometry": {
        "type": "LineString",
        "coordinates": [
          [
            8.5391378,
            47.3751901,
            0
          ],
          [
            8.5387785,
            47.3751168,
            0
          ]
        ]
      },
      "properties": {
        "styleUrl": "#line-000000-4294-nodesc",
        "stroke-opacity": 1,
        "stroke": "#000000",
        "stroke-width": 4.294
      }
    },
    {
      "type": "Feature",
      "geometry": {
        "type": "LineString",
        "coordinates": [
          [
            8.5387785,
            47.3751168,
            0
          ],
          [
            8.5388533,
            47.3752639,
            0
          ],
          [
            8.5383625,
            47.3753892,
            0
          ],
          [
            8.5381425,
            47.3749823,
            0
          ]
        ]
      },
      "properties": {
        "styleUrl": "#line-000000-4681-nodesc",
        "stroke-opacity": 1,
        "stroke": "#000000",
        "stroke-width": 4.681
      }
    },
    {
      "type": "Feature",
      "geometry": {
        "type": "LineString",
        "coordinates": [
          [
            8.5380004,
            47.3750147,
            0
          ],
          [
            8.5382069,
            47.3754088,
            0
          ],
          [
            8.5374988,
            47.3755995,
            0
          ],
          [
            8.5373459,
            47.3756086,
            0
          ],
          [
            8.5372654,
            47.3755941,
            0
          ],
          [
            8.5372145,
            47.3755832,
            0
          ],
          [
            8.5372923,
            47.3754706,
            0
          ]
        ]
      },
      "properties": {
        "styleUrl": "#line-000000-4681-nodesc",
        "stroke-opacity": 1,
        "stroke": "#000000",
        "stroke-width": 4.681
      }
    },
    {
      "type": "Feature",
      "geometry": {
        "type": "LineString",
        "coordinates": [
          [
            8.5372923,
            47.3754706,
            0
          ],
          [
            8.5371627,
            47.3754279,
            0
          ]
        ]
      },
      "properties": {
        "styleUrl": "#line-000000-4681-nodesc",
        "stroke-opacity": 1,
        "stroke": "#000000",
        "stroke-width": 4.681
      }
    },
    {
      "type": "Feature",
      "geometry": {
        "type": "LineString",
        "coordinates": [
          [
            8.5371627,
            47.3754279,
            0
          ],
          [
            8.5370782,
            47.3755405,
            0
          ],
          [
            8.5369226,
            47.3755023,
            0
          ],
          [
            8.5367335,
            47.375328,
            0
          ]
        ]
      },
      "properties": {
        "styleUrl": "#line-000000-4681-nodesc",
        "stroke-opacity": 1,
        "stroke": "#000000",
        "stroke-width": 4.681
      }
    },
    {
      "type": "Feature",
      "geometry": {
        "type": "LineString",
        "coordinates": [
          [
            8.5366598,
            47.3754188,
            0
          ],
          [
            8.5368403,
            47.3755981,
            0
          ],
          [
            8.5368524,
            47.3756317,
            0
          ],
          [
            8.5367947,
            47.3757597,
            0
          ],
          [
            8.5362837,
            47.3758778,
            0
          ]
        ]
      },
      "properties": {
        "styleUrl": "#line-000000-4100-nodesc",
        "stroke-opacity": 1,
        "stroke": "#000000",
        "stroke-width": 4.1
      }
    },
    {
      "type": "Feature",
      "geometry": {
        "type": "LineString",
        "coordinates": [
          [
            8.5362837,
            47.3758778,
            0
          ],
          [
            8.5364903,
            47.375945,
            0
          ]
        ]
      },
      "properties": {
        "styleUrl": "#line-000000-4681-nodesc",
        "stroke-opacity": 1,
        "stroke": "#000000",
        "stroke-width": 4.681
      }
    },
    {
      "type": "Feature",
      "geometry": {
        "type": "LineString",
        "coordinates": [
          [
            8.5364903,
            47.375945,
            0
          ],
          [
            8.5367664,
            47.3758874,
            0
          ],
          [
            8.5370949,
            47.3759518,
            0
          ],
          [
            8.5373377,
            47.3762125,
            0
          ],
          [
            8.5368898,
            47.3764168,
            0
          ]
        ]
      },
      "properties": {
        "styleUrl": "#line-000000-4488-nodesc",
        "stroke-opacity": 1,
        "stroke": "#000000",
        "stroke-width": 4.488
      }
    },
    {
      "type": "Feature",
      "geometry": {
        "type": "LineString",
        "coordinates": [
          [
            8.5368898,
            47.3764168,
            0
          ],
          [
            8.5369595,
            47.3764795,
            0
          ]
        ]
      },
      "properties": {
        "styleUrl": "#line-000000-4294-nodesc",
        "stroke-opacity": 1,
        "stroke": "#000000",
        "stroke-width": 4.294
      }
    },
    {
      "type": "Feature",
      "geometry": {
        "type": "LineString",
        "coordinates": [
          [
            8.5369595,
            47.3764795,
            0
          ],
          [
            8.5374279,
            47.376274,
            0
          ],
          [
            8.5379483,
            47.3768144,
            0
          ],
          [
            8.5373662,
            47.3770759,
            0
          ]
        ]
      },
      "properties": {
        "styleUrl": "#line-000000-4294-nodesc",
        "stroke-opacity": 1,
        "stroke": "#000000",
        "stroke-width": 4.294
      }
    },
    {
      "type": "Feature",
      "geometry": {
        "type": "LineString",
        "coordinates": [
          [
            8.5373662,
            47.3770759,
            0
          ],
          [
            8.537436,
            47.3771472,
            0
          ]
        ]
      },
      "properties": {
        "styleUrl": "#line-000000-4488-nodesc",
        "stroke-opacity": 1,
        "stroke": "#000000",
        "stroke-width": 4.488
      }
    },
    {
      "type": "Feature",
      "geometry": {
        "type": "LineString",
        "coordinates": [
          [
            8.537436,
            47.3771472,
            0
          ],
          [
            8.5374226,
            47.3771636,
            0
          ],
          [
            8.5378195,
            47.3775195,
            0
          ]
        ]
      },
      "properties": {
        "styleUrl": "#line-000000-4294-nodesc",
        "stroke-opacity": 1,
        "stroke": "#000000",
        "stroke-width": 4.294
      }
    },
    {
      "type": "Feature",
      "geometry": {
        "type": "LineString",
        "coordinates": [
          [
            8.5378195,
            47.3775195,
            0
          ],
          [
            8.5374038,
            47.3776467,
            0
          ]
        ]
      },
      "properties": {
        "styleUrl": "#line-000000-4488-nodesc",
        "stroke-opacity": 1,
        "stroke": "#000000",
        "stroke-width": 4.488
      }
    },
    {
      "type": "Feature",
      "geometry": {
        "type": "LineString",
        "coordinates": [
          [
            8.5374038,
            47.3776467,
            0
          ],
          [
            8.5371946,
            47.3774723,
            0
          ],
          [
            8.5369666,
            47.3772653,
            0
          ],
          [
            8.5366635,
            47.3769456,
            0
          ],
          [
            8.5365374,
            47.3767331,
            0
          ],
          [
            8.5364114,
            47.3764897,
            0
          ],
          [
            8.5362022,
            47.3762808,
            0
          ],
          [
            8.5360895,
            47.3762191,
            0
          ],
          [
            8.5359795,
            47.3761918,
            0
          ],
          [
            8.5358776,
            47.3761936,
            0
          ]
        ]
      },
      "properties": {
        "styleUrl": "#line-000000-4488-nodesc",
        "stroke-opacity": 1,
        "stroke": "#000000",
        "stroke-width": 4.488
      }
    },
    {
      "type": "Feature",
      "geometry": {
        "type": "LineString",
        "coordinates": [
          [
            8.5358776,
            47.3761936,
            0
          ],
          [
            8.5357489,
            47.3763952,
            0
          ]
        ]
      },
      "properties": {
        "styleUrl": "#line-000000-4681-nodesc",
        "stroke-opacity": 1,
        "stroke": "#000000",
        "stroke-width": 4.681
      }
    },
    {
      "type": "Feature",
      "geometry": {
        "type": "LineString",
        "coordinates": [
          [
            8.5357489,
            47.3763952,
            0
          ],
          [
            8.535574,
            47.3762794,
            0
          ],
          [
            8.5351315,
            47.3765028,
            0
          ],
          [
            8.5351127,
            47.3765482,
            0
          ]
        ]
      },
      "properties": {
        "styleUrl": "#line-000000-4488-nodesc",
        "stroke-opacity": 1,
        "stroke": "#000000",
        "stroke-width": 4.488
      }
    },
    {
      "type": "Feature",
      "geometry": {
        "type": "LineString",
        "coordinates": [
          [
            8.5351127,
            47.3765482,
            0
          ],
          [
            8.5348928,
            47.3768025,
            0
          ]
        ]
      },
      "properties": {
        "styleUrl": "#line-000000-4488-nodesc",
        "stroke-opacity": 1,
        "stroke": "#000000",
        "stroke-width": 4.488
      }
    },
    {
      "type": "Feature",
      "geometry": {
        "type": "LineString",
        "coordinates": [
          [
            8.5348928,
            47.3768025,
            0
          ],
          [
            8.5346508,
            47.3769282,
            0
          ],
          [
            8.5346535,
            47.3769673,
            0
          ],
          [
            8.5347554,
            47.3770545,
            0
          ],
          [
            8.5347661,
            47.3770454,
            0
          ],
          [
            8.5349887,
            47.3772533,
            0
          ],
          [
            8.5354775,
            47.3777057,
            0
          ]
        ]
      },
      "properties": {
        "styleUrl": "#line-000000-4875-nodesc",
        "stroke-opacity": 1,
        "stroke": "#000000",
        "stroke-width": 4.875
      }
    },
    {
      "type": "Feature",
      "geometry": {
        "type": "LineString",
        "coordinates": [
          [
            8.5354775,
            47.3777057,
            0
          ],
          [
            8.5353994,
            47.3777468,
            0
          ]
        ]
      },
      "properties": {
        "styleUrl": "#line-000000-4488-nodesc",
        "stroke-opacity": 1,
        "stroke": "#000000",
        "stroke-width": 4.488
      }
    },
    {
      "type": "Feature",
      "geometry": {
        "type": "LineString",
        "coordinates": [
          [
            8.5353994,
            47.3777468,
            0
          ],
          [
            8.5355322,
            47.3778676,
            0
          ],
          [
            8.5355309,
            47.3779039,
            0
          ],
          [
            8.5353324,
            47.3780029,
            0
          ],
          [
            8.5350588,
            47.3781073,
            0
          ],
          [
            8.5342407,
            47.3784234,
            0
          ],
          [
            8.5342354,
            47.3784134,
            0
          ],
          [
            8.5341469,
            47.3784461,
            0
          ],
          [
            8.5341348,
            47.3784352,
            0
          ]
        ]
      },
      "properties": {
        "styleUrl": "#line-000000-4100-nodesc",
        "stroke-opacity": 1,
        "stroke": "#000000",
        "stroke-width": 4.1
      }
    },
    {
      "type": "Feature",
      "geometry": {
        "type": "LineString",
        "coordinates": [
          [
            8.5341348,
            47.3784352,
            0
          ],
          [
            8.5340195,
            47.3784864,
            0
          ]
        ]
      },
      "properties": {
        "styleUrl": "#line-000000-4681-nodesc",
        "stroke-opacity": 1,
        "stroke": "#000000",
        "stroke-width": 4.681
      }
    },
    {
      "type": "Feature",
      "geometry": {
        "type": "LineString",
        "coordinates": [
          [
            8.5340195,
            47.3784864,
            0
          ],
          [
            8.5340235,
            47.3784964,
            0
          ],
          [
            8.5337218,
            47.3785891,
            0
          ]
        ]
      },
      "properties": {
        "styleUrl": "#line-000000-5069-nodesc",
        "stroke-opacity": 1,
        "stroke": "#000000",
        "stroke-width": 5.069
      }
    },
    {
      "type": "Feature",
      "geometry": {
        "type": "LineString",
        "coordinates": [
          [
            8.5337218,
            47.3785891,
            0
          ],
          [
            8.5335903,
            47.3786145,
            0
          ],
          [
            8.5331303,
            47.3787116,
            0
          ],
          [
            8.5330907,
            47.3786721,
            0
          ],
          [
            8.5329191,
            47.3787539,
            0
          ]
        ]
      },
      "properties": {
        "styleUrl": "#line-000000-4681-nodesc",
        "stroke-opacity": 1,
        "stroke": "#000000",
        "stroke-width": 4.681
      }
    },
    {
      "type": "Feature",
      "geometry": {
        "type": "LineString",
        "coordinates": [
          [
            8.5329191,
            47.3787539,
            0
          ],
          [
            8.532961,
            47.3788701,
            0
          ]
        ]
      },
      "properties": {
        "styleUrl": "#line-000000-5263-nodesc",
        "stroke-opacity": 1,
        "stroke": "#000000",
        "stroke-width": 5.263
      }
    },
    {
      "type": "Feature",
      "geometry": {
        "type": "LineString",
        "coordinates": [
          [
            8.532961,
            47.3788701,
            0
          ],
          [
            8.5333908,
            47.3791575,
            0
          ],
          [
            8.5333801,
            47.3791829,
            0
          ],
          [
            8.5330931,
            47.3793373,
            0
          ],
          [
            8.5327873,
            47.3794335,
            0
          ],
          [
            8.5322938,
            47.3795661,
            0
          ],
          [
            8.5322643,
            47.3795225,
            0
          ]
        ]
      },
      "properties": {
        "styleUrl": "#line-000000-4294-nodesc",
        "stroke-opacity": 1,
        "stroke": "#000000",
        "stroke-width": 4.294
      }
    },
    {
      "type": "Feature",
      "geometry": {
        "type": "LineString",
        "coordinates": [
          [
            8.5322643,
            47.3795225,
            0
          ],
          [
            8.5318079,
            47.3796659,
            0
          ],
          [
            8.5315008,
            47.3797376,
            0
          ]
        ]
      },
      "properties": {
        "styleUrl": "#line-000000-4294-nodesc",
        "stroke-opacity": 1,
        "stroke": "#000000",
        "stroke-width": 4.294
      }
    },
    {
      "type": "Feature",
      "geometry": {
        "type": "LineString",
        "coordinates": [
          [
            8.5315748,
            47.3799802,
            0
          ],
          [
            8.5316351,
            47.3799603,
            0
          ]
        ]
      },
      "properties": {
        "styleUrl": "#line-000000-4875-nodesc",
        "stroke-opacity": 1,
        "stroke": "#000000",
        "stroke-width": 4.875
      }
    },
    {
      "type": "Feature",
      "geometry": {
        "type": "LineString",
        "coordinates": [
          [
            8.5315008,
            47.3797376,
            0
          ],
          [
            8.5314615,
            47.3796789,
            0
          ],
          [
            8.5312041,
            47.3797643,
            0
          ],
          [
            8.5308433,
            47.3798887,
            0
          ],
          [
            8.5307897,
            47.3798469,
            0
          ],
          [
            8.5303873,
            47.3800603,
            0
          ],
          [
            8.5302465,
            47.3800776,
            0
          ],
          [
            8.5299166,
            47.3802174,
            0
          ],
          [
            8.5296135,
            47.3803346,
            0
          ],
          [
            8.5291495,
            47.3805144,
            0
          ],
          [
            8.5289832,
            47.3805625,
            0
          ],
          [
            8.5285599,
            47.3806792,
            0
          ]
        ]
      },
      "properties": {
        "styleUrl": "#line-000000-4681-nodesc",
        "stroke-opacity": 1,
        "stroke": "#000000",
        "stroke-width": 4.681
      }
    },
    {
      "type": "Feature",
      "geometry": {
        "type": "LineString",
        "coordinates": [
          [
            8.5284995,
            47.3807001,
            0
          ],
          [
            8.5285599,
            47.3806792,
            0
          ]
        ]
      },
      "properties": {
        "styleUrl": "#line-000000-4294-nodesc",
        "stroke-opacity": 1,
        "stroke": "#000000",
        "stroke-width": 4.294
      }
    },
    {
      "type": "Feature",
      "geometry": {
        "type": "LineString",
        "coordinates": [
          [
            8.5284995,
            47.3807001,
            0
          ],
          [
            8.5283377,
            47.3804662,
            0
          ],
          [
            8.5282519,
            47.3803427,
            0
          ]
        ]
      },
      "properties": {
        "styleUrl": "#line-000000-5069-nodesc",
        "stroke-opacity": 1,
        "stroke": "#000000",
        "stroke-width": 5.069
      }
    },
    {
      "type": "Feature",
      "geometry": {
        "type": "LineString",
        "coordinates": [
          [
            8.5282476,
            47.3803426,
            0
          ],
          [
            8.5280203,
            47.3804216,
            0
          ]
        ]
      },
      "properties": {
        "styleUrl": "#line-000000-4100-nodesc",
        "stroke-opacity": 1,
        "stroke": "#000000",
        "stroke-width": 4.1
      }
    },
    {
      "type": "Feature",
      "geometry": {
        "type": "LineString",
        "coordinates": [
          [
            8.5280203,
            47.3804216,
            0
          ],
          [
            8.5281142,
            47.3805732,
            0
          ],
          [
            8.528082,
            47.3805859,
            0
          ],
          [
            8.5281785,
            47.3807112,
            0
          ],
          [
            8.5281946,
            47.3807166,
            0
          ],
          [
            8.5282456,
            47.3807811,
            0
          ],
          [
            8.5279774,
            47.3808474,
            0
          ],
          [
            8.527799,
            47.3808828,
            0
          ],
          [
            8.5276139,
            47.3809101,
            0
          ],
          [
            8.5273873,
            47.3809455,
            0
          ],
          [
            8.5273927,
            47.3809818,
            0
          ],
          [
            8.5271995,
            47.3810081,
            0
          ],
          [
            8.5269018,
            47.3810227,
            0
          ],
          [
            8.5265719,
            47.3810236,
            0
          ],
          [
            8.5262782,
            47.3810081,
            0
          ],
          [
            8.5262567,
            47.38099,
            0
          ],
          [
            8.5262232,
            47.3809927,
            0
          ],
          [
            8.5261079,
            47.3809918,
            0
          ],
          [
            8.5259603,
            47.3809932,
            0
          ],
          [
            8.525786,
            47.3809836,
            0
          ],
          [
            8.5255667,
            47.3809695,
            0
          ],
          [
            8.5253153,
            47.3809391,
            0
          ],
          [
            8.5247131,
            47.38089,
            0
          ],
          [
            8.5245428,
            47.3808783,
            0
          ],
          [
            8.5244234,
            47.3808592,
            0
          ],
          [
            8.5241998,
            47.3808304,
            0
          ],
          [
            8.5239709,
            47.3807979,
            0
          ],
          [
            8.5234458,
            47.380693,
            0
          ],
          [
            8.5230049,
            47.3805632,
            0
          ],
          [
            8.5224675,
            47.3804006,
            0
          ],
          [
            8.5219622,
            47.3801818,
            0
          ],
          [
            8.5217971,
            47.3801046,
            0
          ],
          [
            8.521502,
            47.379973,
            0
          ],
          [
            8.5214243,
            47.3799448,
            0
          ],
          [
            8.5213626,
            47.3799448,
            0
          ],
          [
            8.5209442,
            47.3801392,
            0
          ],
          [
            8.5209254,
            47.3801918,
            0
          ],
          [
            8.5210193,
            47.3804207,
            0
          ],
          [
            8.5210729,
            47.380477,
            0
          ]
        ]
      },
      "properties": {
        "styleUrl": "#line-000000-5069-nodesc",
        "stroke-opacity": 1,
        "stroke": "#000000",
        "stroke-width": 5.069
      }
    },
    {
      "type": "Feature",
      "geometry": {
        "type": "LineString",
        "coordinates": [
          [
            8.5210774,
            47.3806878,
            0
          ],
          [
            8.521072,
            47.3809948,
            0
          ],
          [
            8.521072,
            47.3810402,
            0
          ],
          [
            8.5209621,
            47.3812763,
            0
          ],
          [
            8.5208092,
            47.3814633,
            0
          ],
          [
            8.5207153,
            47.381556,
            0
          ],
          [
            8.5204364,
            47.3817539,
            0
          ],
          [
            8.5196451,
            47.3822606,
            0
          ],
          [
            8.5189638,
            47.3827292,
            0
          ],
          [
            8.5188056,
            47.3828327,
            0
          ],
          [
            8.5181967,
            47.3832413,
            0
          ],
          [
            8.5178158,
            47.3834647,
            0
          ],
          [
            8.5176844,
            47.383541,
            0
          ],
          [
            8.5173545,
            47.3836772,
            0
          ],
          [
            8.5169763,
            47.383768,
            0
          ],
          [
            8.5165767,
            47.3838752,
            0
          ],
          [
            8.5164372,
            47.3839442,
            0
          ],
          [
            8.5163031,
            47.3839387,
            0
          ],
          [
            8.5162119,
            47.3838897,
            0
          ]
        ]
      },
      "properties": {
        "styleUrl": "#line-000000-4875-nodesc",
        "stroke-opacity": 1,
        "stroke": "#000000",
        "stroke-width": 4.875
      }
    },
    {
      "type": "Feature",
      "geometry": {
        "type": "LineString",
        "coordinates": [
          [
            8.5162119,
            47.3838897,
            0
          ],
          [
            8.5160105,
            47.3838538,
            0
          ],
          [
            8.5159112,
            47.3837285,
            0
          ]
        ]
      },
      "properties": {
        "styleUrl": "#line-000000-4488-nodesc",
        "stroke-opacity": 1,
        "stroke": "#000000",
        "stroke-width": 4.488
      }
    },
    {
      "type": "Feature",
      "geometry": {
        "type": "LineString",
        "coordinates": [
          [
            8.5159112,
            47.3837285,
            0
          ],
          [
            8.5158321,
            47.3836368,
            0
          ],
          [
            8.5157543,
            47.383516,
            0
          ],
          [
            8.5157342,
            47.3834852,
            0
          ]
        ]
      },
      "properties": {
        "styleUrl": "#line-000000-5001-nodesc",
        "stroke-opacity": 1,
        "stroke": "#000000",
        "stroke-width": 5.001
      }
    },
    {
      "type": "Feature",
      "geometry": {
        "type": "LineString",
        "coordinates": [
          [
            8.5157274,
            47.3834787,
            0
          ],
          [
            8.5151923,
            47.3834905,
            0
          ]
        ]
      },
      "properties": {
        "styleUrl": "#line-000000-4875-nodesc",
        "stroke-opacity": 1,
        "stroke": "#000000",
        "stroke-width": 4.875
      }
    },
    {
      "type": "Feature",
      "geometry": {
        "type": "LineString",
        "coordinates": [
          [
            8.517053,
            47.384882,
            0
          ],
          [
            8.5166319,
            47.3849973,
            0
          ]
        ]
      },
      "properties": {
        "styleUrl": "#line-000000-4681-nodesc",
        "stroke-opacity": 1,
        "stroke": "#000000",
        "stroke-width": 4.681
      }
    },
    {
      "type": "Feature",
      "geometry": {
        "type": "LineString",
        "coordinates": [
          [
            8.5151923,
            47.3834905,
            0
          ],
          [
            8.5148974,
            47.3831842,
            0
          ],
          [
            8.5147767,
            47.3832006,
            0
          ],
          [
            8.5145541,
            47.3832042,
            0
          ],
          [
            8.5142054,
            47.3831861,
            0
          ],
          [
            8.513972,
            47.383197,
            0
          ],
          [
            8.5137172,
            47.3832296,
            0
          ],
          [
            8.5135027,
            47.383295,
            0
          ],
          [
            8.5131352,
            47.3834567,
            0
          ],
          [
            8.511786,
            47.3840723,
            0
          ],
          [
            8.511314,
            47.3842648,
            0
          ],
          [
            8.5107346,
            47.3844428,
            0
          ],
          [
            8.5093238,
            47.3849041,
            0
          ],
          [
            8.5087981,
            47.3851075,
            0
          ],
          [
            8.5087498,
            47.3852128,
            0
          ],
          [
            8.5087605,
            47.3852745,
            0
          ]
        ]
      },
      "properties": {
        "styleUrl": "#line-000000-4488-nodesc",
        "stroke-opacity": 1,
        "stroke": "#000000",
        "stroke-width": 4.488
      }
    },
    {
      "type": "Feature",
      "geometry": {
        "type": "LineString",
        "coordinates": [
          [
            8.5087605,
            47.3852745,
            0
          ],
          [
            8.5084376,
            47.3853513,
            0
          ]
        ]
      },
      "properties": {
        "styleUrl": "#line-000000-4681-nodesc",
        "stroke-opacity": 1,
        "stroke": "#000000",
        "stroke-width": 4.681
      }
    },
    {
      "type": "Feature",
      "geometry": {
        "type": "LineString",
        "coordinates": [
          [
            8.5084376,
            47.3853513,
            0
          ],
          [
            8.5083786,
            47.3853114,
            0
          ],
          [
            8.5082069,
            47.3852787,
            0
          ],
          [
            8.5078528,
            47.3853877,
            0
          ]
        ]
      },
      "properties": {
        "styleUrl": "#line-000000-4681-nodesc",
        "stroke-opacity": 1,
        "stroke": "#000000",
        "stroke-width": 4.681
      }
    },
    {
      "type": "Feature",
      "geometry": {
        "type": "LineString",
        "coordinates": [
          [
            8.5078528,
            47.3853877,
            0
          ],
          [
            8.5077295,
            47.3852206,
            0
          ]
        ]
      },
      "properties": {
        "styleUrl": "#line-000000-4488-nodesc",
        "stroke-opacity": 1,
        "stroke": "#000000",
        "stroke-width": 4.488
      }
    },
    {
      "type": "Feature",
      "geometry": {
        "type": "LineString",
        "coordinates": [
          [
            8.507726,
            47.3852082,
            0
          ],
          [
            8.5081552,
            47.3850847,
            0
          ],
          [
            8.5082035,
            47.3850448,
            0
          ],
          [
            8.5080774,
            47.3849303,
            0
          ],
          [
            8.5077529,
            47.3846852,
            0
          ],
          [
            8.5076161,
            47.3845344,
            0
          ],
          [
            8.5074739,
            47.3844019,
            0
          ],
          [
            8.5073988,
            47.3844382,
            0
          ],
          [
            8.5072888,
            47.3843547,
            0
          ],
          [
            8.507093,
            47.384193,
            0
          ],
          [
            8.5071065,
            47.3841494,
            0
          ],
          [
            8.507026,
            47.3840822,
            0
          ],
          [
            8.5067926,
            47.3838879,
            0
          ],
          [
            8.5066451,
            47.3837826,
            0
          ],
          [
            8.5066156,
            47.3837681,
            0
          ],
          [
            8.5065673,
            47.3837844,
            0
          ]
        ]
      },
      "properties": {
        "styleUrl": "#line-000000-4681-nodesc",
        "stroke-opacity": 1,
        "stroke": "#000000",
        "stroke-width": 4.681
      }
    },
    {
      "type": "Feature",
      "geometry": {
        "type": "LineString",
        "coordinates": [
          [
            8.5065673,
            47.3837844,
            0
          ],
          [
            8.5063655,
            47.383626,
            0
          ],
          [
            8.5063682,
            47.3835897,
            0
          ],
          [
            8.5063334,
            47.3835425,
            0
          ],
          [
            8.5062716,
            47.3834898,
            0
          ],
          [
            8.5061375,
            47.3833808,
            0
          ],
          [
            8.5060275,
            47.3833644,
            0
          ]
        ]
      },
      "properties": {
        "styleUrl": "#line-000000-4294-nodesc",
        "stroke-opacity": 1,
        "stroke": "#000000",
        "stroke-width": 4.294
      }
    },
    {
      "type": "Feature",
      "geometry": {
        "type": "LineString",
        "coordinates": [
          [
            8.5060275,
            47.3833644,
            0
          ],
          [
            8.5058178,
            47.3831586,
            0
          ],
          [
            8.5056462,
            47.3830224,
            0
          ]
        ]
      },
      "properties": {
        "styleUrl": "#line-000000-5263-nodesc",
        "stroke-opacity": 1,
        "stroke": "#000000",
        "stroke-width": 5.263
      }
    },
    {
      "type": "Feature",
      "geometry": {
        "type": "LineString",
        "coordinates": [
          [
            8.5056462,
            47.3830224,
            0
          ],
          [
            8.504699,
            47.3822483,
            0
          ],
          [
            8.5043999,
            47.3819397,
            0
          ],
          [
            8.5041438,
            47.3818125,
            0
          ],
          [
            8.5039238,
            47.3816327,
            0
          ]
        ]
      },
      "properties": {
        "styleUrl": "#line-000000-4681-nodesc",
        "stroke-opacity": 1,
        "stroke": "#000000",
        "stroke-width": 4.681
      }
    },
    {
      "type": "Feature",
      "geometry": {
        "type": "LineString",
        "coordinates": [
          [
            8.5002063,
            47.3825524,
            0
          ],
          [
            8.500047,
            47.382617,
            0
          ],
          [
            8.5000282,
            47.3826479,
            0
          ],
          [
            8.499988,
            47.3826624,
            0
          ],
          [
            8.4997815,
            47.3827787,
            0
          ],
          [
            8.4996527,
            47.3826624,
            0
          ],
          [
            8.4994623,
            47.3825262,
            0
          ],
          [
            8.4993201,
            47.3824173,
            0
          ],
          [
            8.498427,
            47.3816781,
            0
          ]
        ]
      },
      "properties": {
        "styleUrl": "#line-000000-4488-nodesc",
        "stroke-opacity": 1,
        "stroke": "#000000",
        "stroke-width": 4.488
      }
    },
    {
      "type": "Feature",
      "geometry": {
        "type": "LineString",
        "coordinates": [
          [
            8.498427,
            47.3816781,
            0
          ],
          [
            8.4985656,
            47.3815118,
            0
          ]
        ]
      },
      "properties": {
        "styleUrl": "#line-000000-4294-nodesc",
        "stroke-opacity": 1,
        "stroke": "#000000",
        "stroke-width": 4.294
      }
    },
    {
      "type": "Feature",
      "geometry": {
        "type": "LineString",
        "coordinates": [
          [
            8.4985656,
            47.3815118,
            0
          ],
          [
            8.498571,
            47.381481,
            0
          ],
          [
            8.4987319,
            47.3814283,
            0
          ],
          [
            8.4984851,
            47.3811432,
            0
          ],
          [
            8.4991825,
            47.3808435,
            0
          ],
          [
            8.4992067,
            47.3808308,
            0
          ],
          [
            8.4990135,
            47.3806346,
            0
          ],
          [
            8.4993059,
            47.3804021,
            0
          ],
          [
            8.4990699,
            47.3802351,
            0
          ],
          [
            8.499558,
            47.3799554,
            0
          ],
          [
            8.5000462,
            47.3796139,
            0
          ],
          [
            8.5002554,
            47.3794904,
            0
          ],
          [
            8.5004485,
            47.3793687,
            0
          ],
          [
            8.5001025,
            47.3791317,
            0
          ],
          [
            8.4997726,
            47.3788784,
            0
          ],
          [
            8.4993824,
            47.3786032,
            0
          ],
          [
            8.499035,
            47.3782935,
            0
          ],
          [
            8.4988177,
            47.3784225,
            0
          ],
          [
            8.4986568,
            47.3782916,
            0
          ],
          [
            8.4982183,
            47.3784914,
            0
          ],
          [
            8.4982002,
            47.3784701,
            0
          ],
          [
            8.497946,
            47.378595,
            0
          ],
          [
            8.4975705,
            47.378179,
            0
          ],
          [
            8.497541,
            47.3781464,
            0
          ],
          [
            8.4974391,
            47.3781936,
            0
          ],
          [
            8.4971976,
            47.3783044,
            0
          ]
        ]
      },
      "properties": {
        "styleUrl": "#line-000000-4488-nodesc",
        "stroke-opacity": 1,
        "stroke": "#000000",
        "stroke-width": 4.488
      }
    },
    {
      "type": "Feature",
      "geometry": {
        "type": "LineString",
        "coordinates": [
          [
            8.4971916,
            47.3783057,
            0
          ],
          [
            8.4970786,
            47.3783088,
            0
          ],
          [
            8.496967,
            47.3782001,
            0
          ]
        ]
      },
      "properties": {
        "styleUrl": "#line-000000-4488-nodesc",
        "stroke-opacity": 1,
        "stroke": "#000000",
        "stroke-width": 4.488
      }
    },
    {
      "type": "Feature",
      "geometry": {
        "type": "LineString",
        "coordinates": [
          [
            8.496967,
            47.3782001,
            0
          ],
          [
            8.4972268,
            47.378079,
            0
          ],
          [
            8.4968406,
            47.3777212,
            0
          ],
          [
            8.4960842,
            47.3769893,
            0
          ],
          [
            8.4960332,
            47.3770038,
            0
          ],
          [
            8.4959984,
            47.3769802,
            0
          ],
          [
            8.4951293,
            47.3773852,
            0
          ],
          [
            8.4948423,
            47.3771327,
            0
          ],
          [
            8.4947029,
            47.3770583,
            0
          ],
          [
            8.4946653,
            47.3770492,
            0
          ],
          [
            8.4941959,
            47.3766442,
            0
          ],
          [
            8.4940886,
            47.3766932,
            0
          ]
        ]
      },
      "properties": {
        "styleUrl": "#line-000000-4488-nodesc",
        "stroke-opacity": 1,
        "stroke": "#000000",
        "stroke-width": 4.488
      }
    },
    {
      "type": "Feature",
      "geometry": {
        "type": "LineString",
        "coordinates": [
          [
            8.4940886,
            47.3766932,
            0
          ],
          [
            8.4938469,
            47.3766604,
            0
          ],
          [
            8.4935653,
            47.3768947,
            0
          ],
          [
            8.4932877,
            47.3769338,
            0
          ],
          [
            8.4932675,
            47.3770273,
            0
          ],
          [
            8.4928142,
            47.3771418,
            0
          ]
        ]
      },
      "properties": {
        "styleUrl": "#line-000000-4681-nodesc",
        "stroke-opacity": 1,
        "stroke": "#000000",
        "stroke-width": 4.681
      }
    },
    {
      "type": "Feature",
      "geometry": {
        "type": "LineString",
        "coordinates": [
          [
            8.4928142,
            47.3771418,
            0
          ],
          [
            8.4927619,
            47.3771272,
            0
          ],
          [
            8.4923958,
            47.3769364,
            0
          ],
          [
            8.4917092,
            47.376535,
            0
          ],
          [
            8.4914705,
            47.376397,
            0
          ],
          [
            8.4912452,
            47.3762989,
            0
          ],
          [
            8.4910708,
            47.3765041,
            0
          ]
        ]
      },
      "properties": {
        "styleUrl": "#line-000000-4488-nodesc",
        "stroke-opacity": 1,
        "stroke": "#000000",
        "stroke-width": 4.488
      }
    },
    {
      "type": "Feature",
      "geometry": {
        "type": "LineString",
        "coordinates": [
          [
            8.4910708,
            47.3765041,
            0
          ],
          [
            8.4909405,
            47.3765107,
            0
          ],
          [
            8.4905561,
            47.3762017,
            0
          ],
          [
            8.4901118,
            47.3759422,
            0
          ],
          [
            8.4896183,
            47.3757217,
            0
          ]
        ]
      },
      "properties": {
        "styleUrl": "#line-000000-4488-nodesc",
        "stroke-opacity": 1,
        "stroke": "#000000",
        "stroke-width": 4.488
      }
    },
    {
      "type": "Feature",
      "geometry": {
        "type": "LineString",
        "coordinates": [
          [
            8.4896183,
            47.3757217,
            0
          ],
          [
            8.4893956,
            47.3758924,
            0
          ],
          [
            8.489173,
            47.3757889,
            0
          ],
          [
            8.4892213,
            47.375758,
            0
          ],
          [
            8.489114,
            47.3755691,
            0
          ]
        ]
      },
      "properties": {
        "styleUrl": "#line-000000-4488-nodesc",
        "stroke-opacity": 1,
        "stroke": "#000000",
        "stroke-width": 4.488
      }
    },
    {
      "type": "Feature",
      "geometry": {
        "type": "LineString",
        "coordinates": [
          [
            8.489114,
            47.3755691,
            0
          ],
          [
            8.4886611,
            47.3755483,
            0
          ],
          [
            8.4884761,
            47.3756609,
            0
          ],
          [
            8.4883419,
            47.3757136,
            0
          ],
          [
            8.4879289,
            47.3756772,
            0
          ],
          [
            8.4874729,
            47.375581,
            0
          ]
        ]
      },
      "properties": {
        "styleUrl": "#line-000000-4875-nodesc",
        "stroke-opacity": 1,
        "stroke": "#000000",
        "stroke-width": 4.875
      }
    },
    {
      "type": "Feature",
      "geometry": {
        "type": "LineString",
        "coordinates": [
          [
            8.4874729,
            47.375581,
            0
          ],
          [
            8.48754,
            47.3753358,
            0
          ],
          [
            8.487548,
            47.3752686,
            0
          ],
          [
            8.4871189,
            47.375205,
            0
          ]
        ]
      },
      "properties": {
        "styleUrl": "#line-000000-4681-nodesc",
        "stroke-opacity": 1,
        "stroke": "#000000",
        "stroke-width": 4.681
      }
    },
    {
      "type": "Feature",
      "geometry": {
        "type": "LineString",
        "coordinates": [
          [
            8.4871189,
            47.375205,
            0
          ],
          [
            8.4869831,
            47.3750906,
            0
          ],
          [
            8.4871145,
            47.3748871,
            0
          ],
          [
            8.4871467,
            47.3747146,
            0
          ],
          [
            8.4868248,
            47.3746092,
            0
          ],
          [
            8.4865352,
            47.3744221,
            0
          ],
          [
            8.4863474,
            47.3741678,
            0
          ],
          [
            8.4861891,
            47.3738463,
            0
          ],
          [
            8.4859048,
            47.3735866,
            0
          ],
          [
            8.4854194,
            47.373127,
            0
          ],
          [
            8.4854971,
            47.3728872,
            0
          ]
        ]
      },
      "properties": {
        "styleUrl": "#line-000000-4488-nodesc",
        "stroke-opacity": 1,
        "stroke": "#000000",
        "stroke-width": 4.488
      }
    },
    {
      "type": "Feature",
      "geometry": {
        "type": "LineString",
        "coordinates": [
          [
            8.4854971,
            47.3728872,
            0
          ],
          [
            8.4856712,
            47.3728195,
            0
          ],
          [
            8.4859394,
            47.3727251,
            0
          ],
          [
            8.4863095,
            47.3725834,
            0
          ]
        ]
      },
      "properties": {
        "styleUrl": "#line-000000-4294-nodesc",
        "stroke-opacity": 1,
        "stroke": "#000000",
        "stroke-width": 4.294
      }
    },
    {
      "type": "Feature",
      "geometry": {
        "type": "LineString",
        "coordinates": [
          [
            8.4863095,
            47.3725834,
            0
          ],
          [
            8.4869801,
            47.3722746,
            0
          ],
          [
            8.4873234,
            47.372122,
            0
          ],
          [
            8.487935,
            47.3718023,
            0
          ],
          [
            8.4884285,
            47.3714245,
            0
          ],
          [
            8.4894424,
            47.3705889,
            0
          ],
          [
            8.4902524,
            47.369924,
            0
          ],
          [
            8.4904562,
            47.3697787,
            0
          ],
          [
            8.4904562,
            47.3697096,
            0
          ]
        ]
      },
      "properties": {
        "styleUrl": "#line-000000-4488-nodesc",
        "stroke-opacity": 1,
        "stroke": "#000000",
        "stroke-width": 4.488
      }
    },
    {
      "type": "Feature",
      "geometry": {
        "type": "LineString",
        "coordinates": [
          [
            8.4904562,
            47.3697096,
            0
          ],
          [
            8.4902201,
            47.3696095,
            0
          ],
          [
            8.4902523,
            47.3695605,
            0
          ],
          [
            8.4903194,
            47.3695005,
            0
          ]
        ]
      },
      "properties": {
        "styleUrl": "#line-000000-4875-nodesc",
        "stroke-opacity": 1,
        "stroke": "#000000",
        "stroke-width": 4.875
      }
    },
    {
      "type": "Feature",
      "geometry": {
        "type": "LineString",
        "coordinates": [
          [
            8.4903194,
            47.3695005,
            0
          ],
          [
            8.4903784,
            47.3693461,
            0
          ]
        ]
      },
      "properties": {
        "styleUrl": "#line-000000-4488-nodesc",
        "stroke-opacity": 1,
        "stroke": "#000000",
        "stroke-width": 4.488
      }
    },
    {
      "type": "Feature",
      "geometry": {
        "type": "LineString",
        "coordinates": [
          [
            8.4903784,
            47.3693461,
            0
          ],
          [
            8.4901316,
            47.3691281,
            0
          ]
        ]
      },
      "properties": {
        "styleUrl": "#line-000000-4681-nodesc",
        "stroke-opacity": 1,
        "stroke": "#000000",
        "stroke-width": 4.681
      }
    },
    {
      "type": "Feature",
      "geometry": {
        "type": "LineString",
        "coordinates": [
          [
            8.4901316,
            47.3691281,
            0
          ],
          [
            8.490223,
            47.3690526,
            0
          ]
        ]
      },
      "properties": {
        "styleUrl": "#line-000000-4488-nodesc",
        "stroke-opacity": 1,
        "stroke": "#000000",
        "stroke-width": 4.488
      }
    },
    {
      "type": "Feature",
      "geometry": {
        "type": "LineString",
        "coordinates": [
          [
            8.490223,
            47.3690526,
            0
          ],
          [
            8.4903681,
            47.368979,
            0
          ]
        ]
      },
      "properties": {
        "styleUrl": "#line-000000-4681-nodesc",
        "stroke-opacity": 1,
        "stroke": "#000000",
        "stroke-width": 4.681
      }
    },
    {
      "type": "Feature",
      "geometry": {
        "type": "LineString",
        "coordinates": [
          [
            8.4903681,
            47.368979,
            0
          ],
          [
            8.4901026,
            47.3687169,
            0
          ],
          [
            8.4901509,
            47.3686879,
            0
          ]
        ]
      },
      "properties": {
        "styleUrl": "#line-000000-4681-nodesc",
        "stroke-opacity": 1,
        "stroke": "#000000",
        "stroke-width": 4.681
      }
    },
    {
      "type": "Feature",
      "geometry": {
        "type": "LineString",
        "coordinates": [
          [
            8.4901509,
            47.3686879,
            0
          ],
          [
            8.4906766,
            47.3684444,
            0
          ],
          [
            8.4914866,
            47.3681356,
            0
          ],
          [
            8.4917468,
            47.3680266,
            0
          ],
          [
            8.4919104,
            47.3678958,
            0
          ],
          [
            8.4922162,
            47.3675452,
            0
          ],
          [
            8.4920552,
            47.3673872,
            0
          ]
        ]
      },
      "properties": {
        "styleUrl": "#line-000000-4875-nodesc",
        "stroke-opacity": 1,
        "stroke": "#000000",
        "stroke-width": 4.875
      }
    },
    {
      "type": "Feature",
      "geometry": {
        "type": "LineString",
        "coordinates": [
          [
            8.4920552,
            47.3673872,
            0
          ],
          [
            8.492133,
            47.3673599,
            0
          ],
          [
            8.4921464,
            47.3673963,
            0
          ],
          [
            8.4922269,
            47.3673726,
            0
          ],
          [
            8.4922054,
            47.3673218,
            0
          ],
          [
            8.4924388,
            47.3672237,
            0
          ],
          [
            8.4925085,
            47.3670475,
            0
          ],
          [
            8.4927982,
            47.3670874,
            0
          ]
        ]
      },
      "properties": {
        "styleUrl": "#line-000000-4681-nodesc",
        "stroke-opacity": 1,
        "stroke": "#000000",
        "stroke-width": 4.681
      }
    },
    {
      "type": "Feature",
      "geometry": {
        "type": "LineString",
        "coordinates": [
          [
            8.4927982,
            47.3670874,
            0
          ],
          [
            8.4929125,
            47.3669832,
            0
          ],
          [
            8.4932398,
            47.3670123,
            0
          ],
          [
            8.4935643,
            47.3671558,
            0
          ],
          [
            8.4938486,
            47.3672902,
            0
          ],
          [
            8.494149,
            47.3674119,
            0
          ],
          [
            8.4945433,
            47.3675427,
            0
          ],
          [
            8.4949725,
            47.3676372,
            0
          ],
          [
            8.4951576,
            47.3675137,
            0
          ],
          [
            8.4954097,
            47.3672575,
            0
          ],
          [
            8.4951468,
            47.3670613,
            0
          ],
          [
            8.4949349,
            47.3667452,
            0
          ],
          [
            8.4946721,
            47.3663237,
            0
          ],
          [
            8.4944602,
            47.3658332,
            0
          ]
        ]
      },
      "properties": {
        "styleUrl": "#line-000000-4488-nodesc",
        "stroke-opacity": 1,
        "stroke": "#000000",
        "stroke-width": 4.488
      }
    },
    {
      "type": "Feature",
      "geometry": {
        "type": "LineString",
        "coordinates": [
          [
            8.4944602,
            47.3658332,
            0
          ],
          [
            8.4943498,
            47.3655031,
            0
          ],
          [
            8.494315,
            47.3651542,
            0
          ],
          [
            8.4943793,
            47.3650834,
            0
          ],
          [
            8.4954147,
            47.3650416,
            0
          ],
          [
            8.4961871,
            47.3650362,
            0
          ],
          [
            8.4966565,
            47.3652124,
            0
          ]
        ]
      },
      "properties": {
        "styleUrl": "#line-000000-4488-nodesc",
        "stroke-opacity": 1,
        "stroke": "#000000",
        "stroke-width": 4.488
      }
    },
    {
      "type": "Feature",
      "geometry": {
        "type": "LineString",
        "coordinates": [
          [
            8.4966565,
            47.3652124,
            0
          ],
          [
            8.4966874,
            47.365226,
            0
          ]
        ]
      },
      "properties": {
        "styleUrl": "#line-000000-4294-nodesc",
        "stroke-opacity": 1,
        "stroke": "#000000",
        "stroke-width": 4.294
      }
    },
    {
      "type": "Feature",
      "geometry": {
        "type": "LineString",
        "coordinates": [
          [
            8.4966874,
            47.365226,
            0
          ],
          [
            8.4969543,
            47.3650861,
            0
          ],
          [
            8.4970307,
            47.3650725,
            0
          ],
          [
            8.4973794,
            47.3650398,
            0
          ],
          [
            8.4977415,
            47.3650398,
            0
          ],
          [
            8.4981089,
            47.3650452,
            0
          ],
          [
            8.4983088,
            47.3650743,
            0
          ]
        ]
      },
      "properties": {
        "styleUrl": "#line-000000-4488-nodesc",
        "stroke-opacity": 1,
        "stroke": "#000000",
        "stroke-width": 4.488
      }
    },
    {
      "type": "Feature",
      "geometry": {
        "type": "LineString",
        "coordinates": [
          [
            8.4983088,
            47.3650743,
            0
          ],
          [
            8.4983299,
            47.3650212,
            0
          ],
          [
            8.4985271,
            47.3650012,
            0
          ],
          [
            8.4992298,
            47.3650103,
            0
          ],
          [
            8.499954,
            47.3650021,
            0
          ],
          [
            8.4999554,
            47.364864,
            0
          ]
        ]
      },
      "properties": {
        "styleUrl": "#line-000000-4488-nodesc",
        "stroke-opacity": 1,
        "stroke": "#000000",
        "stroke-width": 4.488
      }
    },
    {
      "type": "Feature",
      "geometry": {
        "type": "LineString",
        "coordinates": [
          [
            8.4999554,
            47.364864,
            0
          ],
          [
            8.4996085,
            47.3648651,
            0
          ],
          [
            8.4996071,
            47.3646289,
            0
          ]
        ]
      },
      "properties": {
        "styleUrl": "#line-000000-4100-nodesc",
        "stroke-opacity": 1,
        "stroke": "#000000",
        "stroke-width": 4.1
      }
    },
    {
      "type": "Feature",
      "geometry": {
        "type": "LineString",
        "coordinates": [
          [
            8.4996071,
            47.3646289,
            0
          ],
          [
            8.4992745,
            47.3646289,
            0
          ],
          [
            8.4991176,
            47.3645989,
            0
          ]
        ]
      },
      "properties": {
        "styleUrl": "#line-000000-4488-nodesc",
        "stroke-opacity": 1,
        "stroke": "#000000",
        "stroke-width": 4.488
      }
    },
    {
      "type": "Feature",
      "geometry": {
        "type": "LineString",
        "coordinates": [
          [
            8.4990258,
            47.3645307,
            0
          ],
          [
            8.4989453,
            47.3644762,
            0
          ],
          [
            8.4987898,
            47.3644326,
            0
          ],
          [
            8.4986959,
            47.364369,
            0
          ],
          [
            8.4988166,
            47.3642309,
            0
          ],
          [
            8.4988568,
            47.3641583,
            0
          ],
          [
            8.4987549,
            47.3640257,
            0
          ],
          [
            8.4989614,
            47.3638876,
            0
          ],
          [
            8.4992055,
            47.3637277,
            0
          ],
          [
            8.4993718,
            47.3636151,
            0
          ],
          [
            8.4996105,
            47.3634316,
            0
          ],
          [
            8.499581,
            47.363388,
            0
          ],
          [
            8.4996105,
            47.3633843,
            0
          ],
          [
            8.4996776,
            47.3633534,
            0
          ],
          [
            8.4995756,
            47.3632808,
            0
          ]
        ]
      },
      "properties": {
        "styleUrl": "#line-000000-4681-nodesc",
        "stroke-opacity": 1,
        "stroke": "#000000",
        "stroke-width": 4.681
      }
    },
    {
      "type": "Feature",
      "geometry": {
        "type": "LineString",
        "coordinates": [
          [
            8.4995756,
            47.3632808,
            0
          ],
          [
            8.4993906,
            47.3631518,
            0
          ],
          [
            8.4994925,
            47.3630918,
            0
          ]
        ]
      },
      "properties": {
        "styleUrl": "#line-000000-4488-nodesc",
        "stroke-opacity": 1,
        "stroke": "#000000",
        "stroke-width": 4.488
      }
    },
    {
      "type": "Feature",
      "geometry": {
        "type": "LineString",
        "coordinates": [
          [
            8.4994925,
            47.3630918,
            0
          ],
          [
            8.4997688,
            47.3629283,
            0
          ]
        ]
      },
      "properties": {
        "styleUrl": "#line-000000-4294-nodesc",
        "stroke-opacity": 1,
        "stroke": "#000000",
        "stroke-width": 4.294
      }
    },
    {
      "type": "Feature",
      "geometry": {
        "type": "LineString",
        "coordinates": [
          [
            8.4997688,
            47.3629283,
            0
          ],
          [
            8.4998438,
            47.3628949,
            0
          ]
        ]
      },
      "properties": {
        "styleUrl": "#line-000000-4488-nodesc",
        "stroke-opacity": 1,
        "stroke": "#000000",
        "stroke-width": 4.488
      }
    },
    {
      "type": "Feature",
      "geometry": {
        "type": "LineString",
        "coordinates": [
          [
            8.4998438,
            47.3628949,
            0
          ],
          [
            8.5001734,
            47.3626803,
            0
          ],
          [
            8.5003477,
            47.3625713,
            0
          ],
          [
            8.5001948,
            47.3624586,
            0
          ],
          [
            8.5002565,
            47.3624132,
            0
          ],
          [
            8.5002726,
            47.3623896,
            0
          ],
          [
            8.5002029,
            47.3622588,
            0
          ],
          [
            8.5000634,
            47.3621752,
            0
          ],
          [
            8.5001761,
            47.3620862,
            0
          ],
          [
            8.5000768,
            47.3620916,
            0
          ],
          [
            8.5000044,
            47.3619554,
            0
          ],
          [
            8.5002351,
            47.3617773,
            0
          ],
          [
            8.5006642,
            47.3614775,
            0
          ],
          [
            8.5014179,
            47.360967,
            0
          ],
          [
            8.5015869,
            47.3608507,
            0
          ],
          [
            8.5016566,
            47.3608925,
            0
          ]
        ]
      },
      "properties": {
        "styleUrl": "#line-000000-4100-nodesc",
        "stroke-opacity": 1,
        "stroke": "#000000",
        "stroke-width": 4.1
      }
    },
    {
      "type": "Feature",
      "geometry": {
        "type": "LineString",
        "coordinates": [
          [
            8.5016566,
            47.3608925,
            0
          ],
          [
            8.5017747,
            47.3608338,
            0
          ]
        ]
      },
      "properties": {
        "styleUrl": "#line-000000-4875-nodesc",
        "stroke-opacity": 1,
        "stroke": "#000000",
        "stroke-width": 4.875
      }
    },
    {
      "type": "Feature",
      "geometry": {
        "type": "LineString",
        "coordinates": [
          [
            8.5017747,
            47.3608338,
            0
          ],
          [
            8.5018712,
            47.3607956,
            0
          ],
          [
            8.5022387,
            47.3605449,
            0
          ],
          [
            8.502405,
            47.3604286,
            0
          ],
          [
            8.5027081,
            47.3601379,
            0
          ],
          [
            8.5030809,
            47.3597437,
            0
          ],
          [
            8.5029495,
            47.3596928,
            0
          ]
        ]
      },
      "properties": {
        "styleUrl": "#line-000000-4488-nodesc",
        "stroke-opacity": 1,
        "stroke": "#000000",
        "stroke-width": 4.488
      }
    },
    {
      "type": "Feature",
      "geometry": {
        "type": "LineString",
        "coordinates": [
          [
            8.5029495,
            47.3596928,
            0
          ],
          [
            8.5030068,
            47.3596353,
            0
          ]
        ]
      },
      "properties": {
        "styleUrl": "#line-000000-4681-nodesc",
        "stroke-opacity": 1,
        "stroke": "#000000",
        "stroke-width": 4.681
      }
    },
    {
      "type": "Feature",
      "geometry": {
        "type": "LineString",
        "coordinates": [
          [
            8.5030068,
            47.3596353,
            0
          ],
          [
            8.5029183,
            47.3595953,
            0
          ],
          [
            8.5033019,
            47.3592937,
            0
          ],
          [
            8.5036479,
            47.3589957,
            0
          ],
          [
            8.5039858,
            47.3586832,
            0
          ],
          [
            8.5042728,
            47.3583707,
            0
          ],
          [
            8.5045786,
            47.3580036,
            0
          ],
          [
            8.5046323,
            47.3580273,
            0
          ]
        ]
      },
      "properties": {
        "styleUrl": "#line-000000-4681-nodesc",
        "stroke-opacity": 1,
        "stroke": "#000000",
        "stroke-width": 4.681
      }
    },
    {
      "type": "Feature",
      "geometry": {
        "type": "LineString",
        "coordinates": [
          [
            8.5046323,
            47.3580273,
            0
          ],
          [
            8.5046546,
            47.3579951,
            0
          ]
        ]
      },
      "properties": {
        "styleUrl": "#line-000000-4488-nodesc",
        "stroke-opacity": 1,
        "stroke": "#000000",
        "stroke-width": 4.488
      }
    },
    {
      "type": "Feature",
      "geometry": {
        "type": "LineString",
        "coordinates": [
          [
            8.5046546,
            47.3579951,
            0
          ],
          [
            8.5050596,
            47.3575297,
            0
          ],
          [
            8.5055424,
            47.356941,
            0
          ],
          [
            8.5057704,
            47.3566884,
            0
          ],
          [
            8.5052044,
            47.3564849,
            0
          ],
          [
            8.5047431,
            47.3563341,
            0
          ],
          [
            8.5042147,
            47.3560688,
            0
          ],
          [
            8.5039116,
            47.3559198,
            0
          ]
        ]
      },
      "properties": {
        "styleUrl": "#line-000000-4488-nodesc",
        "stroke-opacity": 1,
        "stroke": "#000000",
        "stroke-width": 4.488
      }
    },
    {
      "type": "Feature",
      "geometry": {
        "type": "LineString",
        "coordinates": [
          [
            8.5039116,
            47.3559198,
            0
          ],
          [
            8.5039166,
            47.3558522,
            0
          ]
        ]
      },
      "properties": {
        "styleUrl": "#line-000000-4681-nodesc",
        "stroke-opacity": 1,
        "stroke": "#000000",
        "stroke-width": 4.681
      }
    },
    {
      "type": "Feature",
      "geometry": {
        "type": "LineString",
        "coordinates": [
          [
            8.5039166,
            47.3558522,
            0
          ],
          [
            8.5040883,
            47.3556487,
            0
          ]
        ]
      },
      "properties": {
        "styleUrl": "#line-000000-4294-nodesc",
        "stroke-opacity": 1,
        "stroke": "#000000",
        "stroke-width": 4.294
      }
    },
    {
      "type": "Feature",
      "geometry": {
        "type": "LineString",
        "coordinates": [
          [
            8.5040883,
            47.3556487,
            0
          ],
          [
            8.5042686,
            47.3555908,
            0
          ]
        ]
      },
      "properties": {
        "styleUrl": "#line-000000-4681-nodesc",
        "stroke-opacity": 1,
        "stroke": "#000000",
        "stroke-width": 4.681
      }
    },
    {
      "type": "Feature",
      "geometry": {
        "type": "LineString",
        "coordinates": [
          [
            8.5042686,
            47.3555908,
            0
          ],
          [
            8.5042042,
            47.3555835,
            0
          ],
          [
            8.5045073,
            47.355271,
            0
          ],
          [
            8.5049552,
            47.3547786,
            0
          ],
          [
            8.5051564,
            47.3545642,
            0
          ],
          [
            8.505269,
            47.3544551,
            0
          ],
          [
            8.5058189,
            47.3546641,
            0
          ],
          [
            8.5060227,
            47.3547422,
            0
          ]
        ]
      },
      "properties": {
        "styleUrl": "#line-000000-4488-nodesc",
        "stroke-opacity": 1,
        "stroke": "#000000",
        "stroke-width": 4.488
      }
    },
    {
      "type": "Feature",
      "geometry": {
        "type": "LineString",
        "coordinates": [
          [
            8.5060227,
            47.3547422,
            0
          ],
          [
            8.5061367,
            47.3547331,
            0
          ]
        ]
      },
      "properties": {
        "styleUrl": "#line-000000-4875-nodesc",
        "stroke-opacity": 1,
        "stroke": "#000000",
        "stroke-width": 4.875
      }
    },
    {
      "type": "Feature",
      "geometry": {
        "type": "LineString",
        "coordinates": [
          [
            8.5061367,
            47.3547331,
            0
          ],
          [
            8.5063298,
            47.354238,
            0
          ],
          [
            8.5066115,
            47.3536401,
            0
          ],
          [
            8.5066598,
            47.3535347,
            0
          ],
          [
            8.5072177,
            47.3536565,
            0
          ],
          [
            8.5078077,
            47.3537764,
            0
          ],
          [
            8.5082637,
            47.3538927,
            0
          ],
          [
            8.508422,
            47.3539236,
            0
          ],
          [
            8.5086178,
            47.3539854,
            0
          ],
          [
            8.5087465,
            47.3540217,
            0
          ],
          [
            8.5087412,
            47.3540944,
            0
          ]
        ]
      },
      "properties": {
        "styleUrl": "#line-000000-4488-nodesc",
        "stroke-opacity": 1,
        "stroke": "#000000",
        "stroke-width": 4.488
      }
    },
    {
      "type": "Feature",
      "geometry": {
        "type": "LineString",
        "coordinates": [
          [
            8.5087412,
            47.3540944,
            0
          ],
          [
            8.5090101,
            47.3541497,
            0
          ],
          [
            8.5094151,
            47.3542224,
            0
          ],
          [
            8.5096726,
            47.3544023,
            0
          ],
          [
            8.5099917,
            47.3545313,
            0
          ],
          [
            8.5104853,
            47.3546221,
            0
          ],
          [
            8.5106167,
            47.3547566,
            0
          ],
          [
            8.5109412,
            47.3547602,
            0
          ],
          [
            8.5110807,
            47.3549946,
            0
          ],
          [
            8.5111907,
            47.3549165,
            0
          ]
        ]
      },
      "properties": {
        "styleUrl": "#line-000000-4488-nodesc",
        "stroke-opacity": 1,
        "stroke": "#000000",
        "stroke-width": 4.488
      }
    },
    {
      "type": "Feature",
      "geometry": {
        "type": "LineString",
        "coordinates": [
          [
            8.5111907,
            47.3549165,
            0
          ],
          [
            8.5119578,
            47.3551327,
            0
          ],
          [
            8.5125586,
            47.355309,
            0
          ],
          [
            8.5131916,
            47.3554907,
            0
          ],
          [
            8.5131138,
            47.3552581,
            0
          ]
        ]
      },
      "properties": {
        "styleUrl": "#line-000000-4294-nodesc",
        "stroke-opacity": 1,
        "stroke": "#000000",
        "stroke-width": 4.294
      }
    },
    {
      "type": "Feature",
      "geometry": {
        "type": "LineString",
        "coordinates": [
          [
            8.5131138,
            47.3552581,
            0
          ],
          [
            8.5134141,
            47.3551901,
            0
          ]
        ]
      },
      "properties": {
        "styleUrl": "#line-000000-4681-nodesc",
        "stroke-opacity": 1,
        "stroke": "#000000",
        "stroke-width": 4.681
      }
    },
    {
      "type": "Feature",
      "geometry": {
        "type": "LineString",
        "coordinates": [
          [
            8.5134141,
            47.3551901,
            0
          ],
          [
            8.513563,
            47.3554794,
            0
          ],
          [
            8.5136005,
            47.3555448,
            0
          ],
          [
            8.5136515,
            47.3555866,
            0
          ],
          [
            8.5137346,
            47.3556302,
            0
          ],
          [
            8.5138365,
            47.3556502,
            0
          ],
          [
            8.5139277,
            47.3556356,
            0
          ],
          [
            8.5140592,
            47.3555738,
            0
          ],
          [
            8.5141048,
            47.3555629,
            0
          ],
          [
            8.514035,
            47.3557665,
            0
          ],
          [
            8.5139438,
            47.3559264,
            0
          ],
          [
            8.5138741,
            47.3562025,
            0
          ]
        ]
      },
      "properties": {
        "styleUrl": "#line-000000-4294-nodesc",
        "stroke-opacity": 1,
        "stroke": "#000000",
        "stroke-width": 4.294
      }
    },
    {
      "type": "Feature",
      "geometry": {
        "type": "LineString",
        "coordinates": [
          [
            8.5138741,
            47.3562025,
            0
          ],
          [
            8.5140247,
            47.3562652,
            0
          ]
        ]
      },
      "properties": {
        "styleUrl": "#line-000000-5263-nodesc",
        "stroke-opacity": 1,
        "stroke": "#000000",
        "stroke-width": 5.263
      }
    },
    {
      "type": "Feature",
      "geometry": {
        "type": "LineString",
        "coordinates": [
          [
            8.5140247,
            47.3562652,
            0
          ],
          [
            8.5140762,
            47.3561283,
            0
          ],
          [
            8.5141687,
            47.3559393,
            0
          ],
          [
            8.5142344,
            47.3557958,
            0
          ],
          [
            8.514441,
            47.3553742,
            0
          ],
          [
            8.5145188,
            47.3552107,
            0
          ],
          [
            8.514626,
            47.354969,
            0
          ],
          [
            8.5147146,
            47.3548036,
            0
          ],
          [
            8.5149855,
            47.3546655,
            0
          ],
          [
            8.5152859,
            47.3545111,
            0
          ],
          [
            8.5155434,
            47.3544002,
            0
          ],
          [
            8.5160047,
            47.3549345,
            0
          ],
          [
            8.516171,
            47.3550726,
            0
          ],
          [
            8.5162085,
            47.3551016,
            0
          ],
          [
            8.5163641,
            47.3550871,
            0
          ],
          [
            8.5164955,
            47.3551652,
            0
          ],
          [
            8.5166092,
            47.3552654,
            0
          ]
        ]
      },
      "properties": {
        "styleUrl": "#line-000000-4875-nodesc",
        "stroke-opacity": 1,
        "stroke": "#000000",
        "stroke-width": 4.875
      }
    },
    {
      "type": "Feature",
      "geometry": {
        "type": "LineString",
        "coordinates": [
          [
            8.5166092,
            47.3552654,
            0
          ],
          [
            8.5166823,
            47.3553442,
            0
          ],
          [
            8.5168741,
            47.3555668,
            0
          ],
          [
            8.5169921,
            47.3557303,
            0
          ],
          [
            8.5171517,
            47.3559447,
            0
          ],
          [
            8.5173743,
            47.3560837,
            0
          ],
          [
            8.5174709,
            47.3561264,
            0
          ],
          [
            8.5176519,
            47.3563717,
            0
          ],
          [
            8.5178376,
            47.3565802,
            0
          ]
        ]
      },
      "properties": {
        "styleUrl": "#line-000000-4681-nodesc",
        "stroke-opacity": 1,
        "stroke": "#000000",
        "stroke-width": 4.681
      }
    },
    {
      "type": "Feature",
      "geometry": {
        "type": "LineString",
        "coordinates": [
          [
            8.5178376,
            47.3565802,
            0
          ],
          [
            8.517901,
            47.3566345,
            0
          ]
        ]
      },
      "properties": {
        "styleUrl": "#line-000000-4488-nodesc",
        "stroke-opacity": 1,
        "stroke": "#000000",
        "stroke-width": 4.488
      }
    },
    {
      "type": "Feature",
      "geometry": {
        "type": "LineString",
        "coordinates": [
          [
            8.517901,
            47.3566345,
            0
          ],
          [
            8.5180766,
            47.3567498,
            0
          ],
          [
            8.5181973,
            47.3567915,
            0
          ],
          [
            8.5184012,
            47.3568533,
            0
          ]
        ]
      },
      "properties": {
        "styleUrl": "#line-000000-4294-nodesc",
        "stroke-opacity": 1,
        "stroke": "#000000",
        "stroke-width": 4.294
      }
    },
    {
      "type": "Feature",
      "geometry": {
        "type": "LineString",
        "coordinates": [
          [
            8.5184012,
            47.3568533,
            0
          ],
          [
            8.5184897,
            47.356874,
            0
          ]
        ]
      },
      "properties": {
        "styleUrl": "#line-000000-4488-nodesc",
        "stroke-opacity": 1,
        "stroke": "#000000",
        "stroke-width": 4.488
      }
    },
    {
      "type": "Feature",
      "geometry": {
        "type": "LineString",
        "coordinates": [
          [
            8.5190604,
            47.3569476,
            0
          ],
          [
            8.5194628,
            47.3569213,
            0
          ],
          [
            8.519314,
            47.3566969,
            0
          ],
          [
            8.5198611,
            47.3562853,
            0
          ]
        ]
      },
      "properties": {
        "styleUrl": "#line-000000-4294-nodesc",
        "stroke-opacity": 1,
        "stroke": "#000000",
        "stroke-width": 4.294
      }
    },
    {
      "type": "Feature",
      "geometry": {
        "type": "LineString",
        "coordinates": [
          [
            8.5198611,
            47.3562853,
            0
          ],
          [
            8.5198826,
            47.3561999,
            0
          ],
          [
            8.5199336,
            47.3562217,
            0
          ],
          [
            8.5200033,
            47.3561436,
            0
          ],
          [
            8.5202098,
            47.3561945,
            0
          ],
          [
            8.5209099,
            47.356378,
            0
          ]
        ]
      },
      "properties": {
        "styleUrl": "#line-000000-4100-nodesc",
        "stroke-opacity": 1,
        "stroke": "#000000",
        "stroke-width": 4.1
      }
    },
    {
      "type": "Feature",
      "geometry": {
        "type": "LineString",
        "coordinates": [
          [
            8.5209099,
            47.356378,
            0
          ],
          [
            8.5209563,
            47.3563013,
            0
          ]
        ]
      },
      "properties": {
        "styleUrl": "#line-000000-4681-nodesc",
        "stroke-opacity": 1,
        "stroke": "#000000",
        "stroke-width": 4.681
      }
    },
    {
      "type": "Feature",
      "geometry": {
        "type": "LineString",
        "coordinates": [
          [
            8.5209563,
            47.3563013,
            0
          ],
          [
            8.5214901,
            47.3564448,
            0
          ]
        ]
      },
      "properties": {
        "styleUrl": "#line-000000-4294-nodesc",
        "stroke-opacity": 1,
        "stroke": "#000000",
        "stroke-width": 4.294
      }
    },
    {
      "type": "Feature",
      "geometry": {
        "type": "LineString",
        "coordinates": [
          [
            8.5214901,
            47.3564448,
            0
          ],
          [
            8.5219193,
            47.3566883,
            0
          ],
          [
            8.5221338,
            47.3567465,
            0
          ]
        ]
      },
      "properties": {
        "styleUrl": "#line-000000-4100-nodesc",
        "stroke-opacity": 1,
        "stroke": "#000000",
        "stroke-width": 4.1
      }
    },
    {
      "type": "Feature",
      "geometry": {
        "type": "LineString",
        "coordinates": [
          [
            8.5221338,
            47.3567465,
            0
          ],
          [
            8.5224487,
            47.3562531,
            0
          ],
          [
            8.5227732,
            47.3557098,
            0
          ],
          [
            8.5232212,
            47.354983,
            0
          ]
        ]
      },
      "properties": {
        "styleUrl": "#line-000000-4294-nodesc",
        "stroke-opacity": 1,
        "stroke": "#000000",
        "stroke-width": 4.294
      }
    },
    {
      "type": "Feature",
      "geometry": {
        "type": "LineString",
        "coordinates": [
          [
            8.5232212,
            47.354983,
            0
          ],
          [
            8.5233042,
            47.3550082,
            0
          ]
        ]
      },
      "properties": {
        "name": "צורת הפתח",
        "styleUrl": "#line-1A237E-4294-nodesc",
        "stroke-opacity": 1,
        "stroke": "#1a237e",
        "stroke-width": 4.294
      }
    },
    {
      "type": "Feature",
      "geometry": {
        "type": "LineString",
        "coordinates": [
          [
            8.5233042,
            47.3550082,
            0
          ],
          [
            8.523386,
            47.3547974,
            0
          ],
          [
            8.5235979,
            47.3546938,
            0
          ],
          [
            8.5237507,
            47.3544848,
            0
          ]
        ]
      },
      "properties": {
        "styleUrl": "#line-000000-4488-nodesc",
        "stroke-opacity": 1,
        "stroke": "#000000",
        "stroke-width": 4.488
      }
    },
    {
      "type": "Feature",
      "geometry": {
        "type": "LineString",
        "coordinates": [
          [
            8.5237507,
            47.3544848,
            0
          ],
          [
            8.5238576,
            47.3542952,
            0
          ],
          [
            8.52393,
            47.3542298,
            0
          ],
          [
            8.5239139,
            47.3541662,
            0
          ]
        ]
      },
      "properties": {
        "styleUrl": "#line-000000-4294-nodesc",
        "stroke-opacity": 1,
        "stroke": "#000000",
        "stroke-width": 4.294
      }
    },
    {
      "type": "Feature",
      "geometry": {
        "type": "LineString",
        "coordinates": [
          [
            8.5239139,
            47.3541662,
            0
          ],
          [
            8.5241017,
            47.353959,
            0
          ],
          [
            8.5243753,
            47.3538009,
            0
          ]
        ]
      },
      "properties": {
        "styleUrl": "#line-000000-4875-nodesc",
        "stroke-opacity": 1,
        "stroke": "#000000",
        "stroke-width": 4.875
      }
    },
    {
      "type": "Feature",
      "geometry": {
        "type": "LineString",
        "coordinates": [
          [
            8.5243753,
            47.3538009,
            0
          ],
          [
            8.5245406,
            47.3537618,
            0
          ]
        ]
      },
      "properties": {
        "styleUrl": "#line-000000-4488-nodesc",
        "stroke-opacity": 1,
        "stroke": "#000000",
        "stroke-width": 4.488
      }
    },
    {
      "type": "Feature",
      "geometry": {
        "type": "LineString",
        "coordinates": [
          [
            8.5246292,
            47.3535347,
            0
          ],
          [
            8.5246936,
            47.3531041,
            0
          ]
        ]
      },
      "properties": {
        "styleUrl": "#line-000000-4294-nodesc",
        "stroke-opacity": 1,
        "stroke": "#000000",
        "stroke-width": 4.294
      }
    },
    {
      "type": "Feature",
      "geometry": {
        "type": "LineString",
        "coordinates": [
          [
            8.5245406,
            47.3537618,
            0
          ],
          [
            8.5246032,
            47.353694,
            0
          ],
          [
            8.5246292,
            47.3535347,
            0
          ]
        ]
      },
      "properties": {
        "styleUrl": "#line-000000-4488-nodesc",
        "stroke-opacity": 1,
        "stroke": "#000000",
        "stroke-width": 4.488
      }
    },
    {
      "type": "Feature",
      "geometry": {
        "type": "LineString",
        "coordinates": [
          [
            8.5246936,
            47.3531041,
            0
          ],
          [
            8.5248013,
            47.3530328,
            0
          ],
          [
            8.524914,
            47.3531128,
            0
          ],
          [
            8.5250374,
            47.3532654,
            0
          ]
        ]
      },
      "properties": {
        "styleUrl": "#line-000000-4294-nodesc",
        "stroke-opacity": 1,
        "stroke": "#000000",
        "stroke-width": 4.294
      }
    },
    {
      "type": "Feature",
      "geometry": {
        "type": "LineString",
        "coordinates": [
          [
            8.5250374,
            47.3532654,
            0
          ],
          [
            8.5251125,
            47.3534126,
            0
          ],
          [
            8.5251232,
            47.3534653,
            0
          ],
          [
            8.5252627,
            47.3534653,
            0
          ]
        ]
      },
      "properties": {
        "styleUrl": "#line-000000-4100-nodesc",
        "stroke-opacity": 1,
        "stroke": "#000000",
        "stroke-width": 4.1
      }
    },
    {
      "type": "Feature",
      "geometry": {
        "type": "Polygon",
        "coordinates": [
          [
            [
              8.5283012,
              47.3692834,
              0
            ],
            [
              8.5287357,
              47.3690618,
              0
            ],
            [
              8.5299212,
              47.3698611,
              0
            ],
            [
              8.5306991,
              47.370624,
              0
            ],
            [
              8.5309351,
              47.3709619,
              0
            ],
            [
              8.5305543,
              47.3710927,
              0
            ],
            [
              8.5302539,
              47.3706858,
              0
            ],
            [
              8.529299,
              47.3698357,
              0
            ],
            [
              8.5283012,
              47.3692834,
              0
            ]
          ]
        ]
      },
      "properties": {
        "styleUrl": "#poly-FFFFFF-2982-145-nodesc",
        "fill-opacity": 0.5686274509803921,
        "fill": "#ffffff",
        "stroke-opacity": 1,
        "stroke": "#ffffff",
        "stroke-width": 2.982
      }
    },
    {
      "type": "Feature",
      "geometry": {
        "type": "LineString",
        "coordinates": [
          [
            8.5316176,
            47.3718549,
            0
          ],
          [
            8.531682,
            47.3718187,
            0
          ]
        ]
      },
      "properties": {
        "styleUrl": "#line-000000-3888-nodesc",
        "stroke-opacity": 1,
        "stroke": "#000000",
        "stroke-width": 3.888
      }
    },
    {
      "type": "Feature",
      "geometry": {
        "type": "LineString",
        "coordinates": [
          [
            8.5344418,
            47.3741008,
            0
          ],
          [
            8.5344077,
            47.3741384,
            0
          ]
        ]
      },
      "properties": {
        "styleUrl": "#line-000000-4466-nodesc",
        "stroke-opacity": 1,
        "stroke": "#000000",
        "stroke-width": 4.466
      }
    },
    {
      "type": "Feature",
      "geometry": {
        "type": "LineString",
        "coordinates": [
          [
            8.5039238,
            47.3816327,
            0
          ],
          [
            8.5037958,
            47.3815479,
            0
          ],
          [
            8.5034284,
            47.381537,
            0
          ],
          [
            8.503128,
            47.3815861,
            0
          ],
          [
            8.501921,
            47.3821509,
            0
          ],
          [
            8.5010895,
            47.3825105,
            0
          ],
          [
            8.5007783,
            47.3826558,
            0
          ],
          [
            8.5006657,
            47.3825504,
            0
          ],
          [
            8.5004618,
            47.3826594,
            0
          ],
          [
            8.5002063,
            47.3825524,
            0
          ]
        ]
      },
      "properties": {
        "styleUrl": "#line-000000-4466-nodesc",
        "stroke-opacity": 1,
        "stroke": "#000000",
        "stroke-width": 4.466
      }
    },
    {
      "type": "Feature",
      "geometry": {
        "type": "LineString",
        "coordinates": [
          [
            8.5331196,
            47.3520884,
            0
          ],
          [
            8.5330359,
            47.3511808,
            0
          ],
          [
            8.533117,
            47.3506057,
            0
          ],
          [
            8.5333288,
            47.3493806,
            0
          ],
          [
            8.5330149,
            47.3490369,
            0
          ],
          [
            8.5330903,
            47.3487753,
            0
          ],
          [
            8.5330822,
            47.348529,
            0
          ],
          [
            8.5330645,
            47.3482561,
            0
          ]
        ]
      },
      "properties": {
        "styleUrl": "#line-000000-4841-nodesc",
        "stroke-opacity": 1,
        "stroke": "#000000",
        "stroke-width": 4.841
      }
    },
    {
      "type": "Feature",
      "geometry": {
        "type": "LineString",
        "coordinates": [
          [
            8.5190774,
            47.3569439,
            0
          ],
          [
            8.518781,
            47.3568912,
            0
          ],
          [
            8.5185181,
            47.3568557,
            0
          ],
          [
            8.5184897,
            47.356874,
            0
          ]
        ]
      },
      "properties": {
        "styleUrl": "#line-000000-4488-nodesc",
        "stroke-opacity": 1,
        "stroke": "#000000",
        "stroke-width": 4.488
      }
    },
    {
      "type": "Feature",
      "geometry": {
        "type": "LineString",
        "coordinates": [
          [
            8.5210774,
            47.3806878,
            0
          ],
          [
            8.5210729,
            47.380477,
            0
          ]
        ]
      },
      "properties": {
        "styleUrl": "#line-000000-4488-nodesc",
        "stroke-opacity": 1,
        "stroke": "#000000",
        "stroke-width": 4.488
      }
    },
    {
      "type": "Feature",
      "geometry": {
        "type": "LineString",
        "coordinates": [
          [
            8.5367335,
            47.375328,
            0
          ],
          [
            8.5366598,
            47.3754188,
            0
          ]
        ]
      },
      "properties": {
        "styleUrl": "#line-000000-4294-nodesc",
        "stroke-opacity": 1,
        "stroke": "#000000",
        "stroke-width": 4.294
      }
    },
    {
      "type": "Feature",
      "geometry": {
        "type": "LineString",
        "coordinates": [
          [
            8.5381425,
            47.3749823,
            0
          ],
          [
            8.5380004,
            47.3750147,
            0
          ]
        ]
      },
      "properties": {
        "styleUrl": "#line-000000-4294-nodesc",
        "stroke-opacity": 1,
        "stroke": "#000000",
        "stroke-width": 4.294
      }
    },
    {
      "type": "Feature",
      "geometry": {
        "type": "LineString",
        "coordinates": [
          [
            8.5271729,
            47.3340372,
            0
          ],
          [
            8.5271676,
            47.3339931,
            0
          ]
        ]
      },
      "properties": {
        "styleUrl": "#line-000000-4875-nodesc",
        "stroke-opacity": 1,
        "stroke": "#000000",
        "stroke-width": 4.875
      }
    },
    {
      "type": "Feature",
      "geometry": {
        "type": "LineString",
        "coordinates": [
          [
            8.5312964,
            47.3296716,
            0
          ],
          [
            8.531342,
            47.3296679,
            0
          ],
          [
            8.53146,
            47.3297043,
            0
          ],
          [
            8.5315673,
            47.3297079,
            0
          ],
          [
            8.5318624,
            47.3297098,
            0
          ],
          [
            8.5323425,
            47.3297843,
            0
          ],
          [
            8.5326778,
            47.329857,
            0
          ],
          [
            8.5326804,
            47.3300461,
            0
          ],
          [
            8.5326644,
            47.3311241,
            0
          ],
          [
            8.5326295,
            47.3315604,
            0
          ],
          [
            8.5325678,
            47.331784,
            0
          ],
          [
            8.5324391,
            47.3320876,
            0
          ],
          [
            8.5323371,
            47.3323403,
            0
          ],
          [
            8.5322298,
            47.3324766,
            0
          ],
          [
            8.5321172,
            47.3325948,
            0
          ],
          [
            8.5321172,
            47.3326711,
            0
          ],
          [
            8.5321467,
            47.3327166,
            0
          ],
          [
            8.5321252,
            47.3327711,
            0
          ],
          [
            8.5321038,
            47.3328293,
            0
          ],
          [
            8.5321065,
            47.332942,
            0
          ],
          [
            8.532034,
            47.3329711,
            0
          ],
          [
            8.532077,
            47.3330074,
            0
          ],
          [
            8.532085,
            47.3331528,
            0
          ],
          [
            8.5321038,
            47.3333219,
            0
          ],
          [
            8.532093,
            47.3334346,
            0
          ],
          [
            8.5321494,
            47.3335364,
            0
          ],
          [
            8.5322298,
            47.3336564,
            0
          ]
        ]
      },
      "properties": {
        "styleUrl": "#line-000000-4488-nodesc",
        "stroke-opacity": 1,
        "stroke": "#000000",
        "stroke-width": 4.488
      }
    },
    {
      "type": "Feature",
      "geometry": {
        "type": "LineString",
        "coordinates": [
          [
            8.5369241,
            47.3370254,
            0
          ],
          [
            8.5367498,
            47.3372906,
            0
          ]
        ]
      },
      "properties": {
        "styleUrl": "#line-000000-4681-nodesc",
        "stroke-opacity": 1,
        "stroke": "#000000",
        "stroke-width": 4.681
      }
    },
    {
      "type": "Feature",
      "geometry": {
        "type": "LineString",
        "coordinates": [
          [
            8.5411145,
            47.3757577,
            0
          ],
          [
            8.5408718,
            47.3757468,
            0
          ]
        ]
      },
      "properties": {
        "styleUrl": "#line-000000-4488-nodesc",
        "stroke-opacity": 1,
        "stroke": "#000000",
        "stroke-width": 4.488
      }
    },
    {
      "type": "Feature",
      "geometry": {
        "type": "LineString",
        "coordinates": [
          [
            8.5383301,
            47.3658057,
            0
          ],
          [
            8.5382727,
            47.3659275,
            0
          ],
          [
            8.5379393,
            47.3663437,
            0
          ],
          [
            8.5369859,
            47.3660214,
            0
          ],
          [
            8.5372974,
            47.3656441,
            0
          ]
        ]
      },
      "properties": {
        "styleUrl": "#line-000000-4887-nodesc",
        "stroke-opacity": 1,
        "stroke": "#000000",
        "stroke-width": 4.887
      }
    },
    {
      "type": "Feature",
      "geometry": {
        "type": "Polygon",
        "coordinates": [
          [
            [
              8.5283472,
              47.3686903,
              0
            ],
            [
              8.5279665,
              47.3688925,
              0
            ],
            [
              8.5245864,
              47.3667848,
              0
            ],
            [
              8.5250505,
              47.3664911,
              0
            ],
            [
              8.5263435,
              47.3673592,
              0
            ],
            [
              8.5283472,
              47.3686903,
              0
            ]
          ]
        ]
      },
      "properties": {
        "name": "תל המתלקט",
        "styleUrl": "#poly-FFFFFF-3029-140-nodesc",
        "fill-opacity": 0.5490196078431373,
        "fill": "#ffffff",
        "stroke-opacity": 1,
        "stroke": "#ffffff",
        "stroke-width": 3.029
      }
    },
    {
      "type": "Feature",
      "geometry": {
        "type": "Polygon",
        "coordinates": [
          [
            [
              8.5231149,
              47.3636159,
              0
            ],
            [
              8.522567,
              47.3630296,
              0
            ],
            [
              8.5225816,
              47.36284,
              0
            ],
            [
              8.5226255,
              47.362375,
              0
            ],
            [
              8.5227145,
              47.3619176,
              0
            ],
            [
              8.5228519,
              47.3613855,
              0
            ],
            [
              8.5229724,
              47.3608701,
              0
            ],
            [
              8.5231465,
              47.3602731,
              0
            ],
            [
              8.5235148,
              47.3603944,
              0
            ],
            [
              8.5234962,
              47.3605516,
              0
            ],
            [
              8.5233447,
              47.3610658,
              0
            ],
            [
              8.5232045,
              47.3616525,
              0
            ],
            [
              8.5230682,
              47.3622869,
              0
            ],
            [
              8.5230136,
              47.3628526,
              0
            ],
            [
              8.5231149,
              47.3636159,
              0
            ]
          ]
        ]
      },
      "properties": {
        "name": "תל המתלקט",
        "styleUrl": "#poly-FFFFFF-2889-140-nodesc",
        "fill-opacity": 0.5490196078431373,
        "fill": "#ffffff",
        "stroke-opacity": 1,
        "stroke": "#ffffff",
        "stroke-width": 2.889
      }
    },
    {
      "type": "Feature",
      "geometry": {
        "type": "Polygon",
        "coordinates": [
          [
            [
              8.5243784,
              47.3665988,
              0
            ],
            [
              8.5240602,
              47.3662471,
              0
            ],
            [
              8.5235973,
              47.3657967,
              0
            ],
            [
              8.5232672,
              47.3653576,
              0
            ],
            [
              8.5228246,
              47.3647382,
              0
            ],
            [
              8.5226619,
              47.3641805,
              0
            ],
            [
              8.5225453,
              47.3633684,
              0
            ],
            [
              8.5231417,
              47.3640569,
              0
            ],
            [
              8.5234261,
              47.3645406,
              0
            ],
            [
              8.5238282,
              47.3652024,
              0
            ],
            [
              8.524215,
              47.3656838,
              0
            ],
            [
              8.524821,
              47.3663147,
              0
            ],
            [
              8.5243784,
              47.3665988,
              0
            ]
          ]
        ]
      },
      "properties": {
        "name": "תל המתלקט",
        "styleUrl": "#poly-FFFFFF-2936-148-nodesc",
        "fill-opacity": 0.5803921568627451,
        "fill": "#ffffff",
        "stroke-opacity": 1,
        "stroke": "#ffffff",
        "stroke-width": 2.936
      }
    },
    {
      "type": "Feature",
      "geometry": {
        "type": "Polygon",
        "coordinates": [
          [
            [
              8.5316807,
              47.3732984,
              0
            ],
            [
              8.5313052,
              47.3724846,
              0
            ],
            [
              8.5307366,
              47.3713221,
              0
            ],
            [
              8.5311658,
              47.3712349,
              0
            ],
            [
              8.5317773,
              47.3723466,
              0
            ],
            [
              8.5322708,
              47.3731604,
              0
            ],
            [
              8.5316807,
              47.3732984,
              0
            ]
          ]
        ]
      },
      "properties": {
        "name": "תל המתלקט",
        "styleUrl": "#poly-FFFFFF-2783-122-nodesc",
        "fill-opacity": 0.47843137254901963,
        "fill": "#ffffff",
        "stroke-opacity": 1,
        "stroke": "#ffffff",
        "stroke-width": 2.783
      }
    },
    {
      "type": "Feature",
      "geometry": {
        "type": "Polygon",
        "coordinates": [
          [
            [
              8.5333807,
              47.3752663,
              0
            ],
            [
              8.5326646,
              47.3745361,
              0
            ],
            [
              8.5320986,
              47.3737223,
              0
            ],
            [
              8.5320235,
              47.3734462,
              0
            ],
            [
              8.5325922,
              47.373359,
              0
            ],
            [
              8.5329999,
              47.3741292,
              0
            ],
            [
              8.5339118,
              47.3750301,
              0
            ],
            [
              8.5333807,
              47.3752663,
              0
            ]
          ]
        ]
      },
      "properties": {
        "name": "תל המתלקט",
        "styleUrl": "#poly-FFFFFF-2485-140-nodesc",
        "fill-opacity": 0.5490196078431373,
        "fill": "#ffffff",
        "stroke-opacity": 1,
        "stroke": "#ffffff",
        "stroke-width": 2.485
      }
    },
    {
      "type": "Feature",
      "geometry": {
        "type": "Polygon",
        "coordinates": [
          [
            [
              8.5347916,
              47.3763339,
              0
            ],
            [
              8.533547,
              47.375324,
              0
            ],
            [
              8.5339869,
              47.3751351,
              0
            ],
            [
              8.5346414,
              47.3756728,
              0
            ],
            [
              8.5347594,
              47.3757599,
              0
            ],
            [
              8.5350692,
              47.3756283,
              0
            ],
            [
              8.5353002,
              47.3758201,
              0
            ],
            [
              8.5353864,
              47.3758358,
              0
            ],
            [
              8.535604,
              47.3760186,
              0
            ],
            [
              8.5354997,
              47.3760651,
              0
            ],
            [
              8.5349632,
              47.3763339,
              0
            ],
            [
              8.5347916,
              47.3763339,
              0
            ]
          ]
        ]
      },
      "properties": {
        "name": "תל המתלקט",
        "styleUrl": "#poly-FFFFFF-2684-133-nodesc",
        "fill-opacity": 0.5215686274509804,
        "fill": "#ffffff",
        "stroke-opacity": 1,
        "stroke": "#ffffff",
        "stroke-width": 2.684
      }
    },
    {
      "type": "Feature",
      "geometry": {
        "type": "Polygon",
        "coordinates": [
          [
            [
              8.523299,
              47.3550212,
              0
            ],
            [
              8.5233417,
              47.3549037,
              0
            ],
            [
              8.523386,
              47.3547974,
              0
            ],
            [
              8.5235979,
              47.3546938,
              0
            ],
            [
              8.523681,
              47.3545775,
              0
            ],
            [
              8.5238066,
              47.3543915,
              0
            ],
            [
              8.5238388,
              47.3543279,
              0
            ],
            [
              8.5238831,
              47.354277,
              0
            ],
            [
              8.523936,
              47.3542234,
              0
            ],
            [
              8.5239139,
              47.3541662,
              0
            ],
            [
              8.5241017,
              47.353959,
              0
            ],
            [
              8.5242613,
              47.3538681,
              0
            ],
            [
              8.5243753,
              47.3538009,
              0
            ],
            [
              8.5245406,
              47.3537618,
              0
            ],
            [
              8.5246032,
              47.353694,
              0
            ],
            [
              8.5246185,
              47.3536256,
              0
            ],
            [
              8.5246476,
              47.3534416,
              0
            ],
            [
              8.5246714,
              47.3532367,
              0
            ],
            [
              8.5246936,
              47.3531041,
              0
            ],
            [
              8.5248013,
              47.3530328,
              0
            ],
            [
              8.524914,
              47.3531128,
              0
            ],
            [
              8.5250374,
              47.3532654,
              0
            ],
            [
              8.5251098,
              47.3534071,
              0
            ],
            [
              8.5251232,
              47.3534653,
              0
            ],
            [
              8.5250789,
              47.3535716,
              0
            ],
            [
              8.524875,
              47.354911,
              0
            ],
            [
              8.524639,
              47.3565463,
              0
            ],
            [
              8.5244136,
              47.3576874,
              0
            ],
            [
              8.5235875,
              47.3601657,
              0
            ],
            [
              8.5232657,
              47.3600421,
              0
            ],
            [
              8.5242151,
              47.3565609,
              0
            ],
            [
              8.5232603,
              47.3562956,
              0
            ],
            [
              8.5226916,
              47.356063,
              0
            ],
            [
              8.523397,
              47.3552076,
              0
            ],
            [
              8.5232599,
              47.3551145,
              0
            ],
            [
              8.523299,
              47.3550212,
              0
            ]
          ]
        ]
      },
      "properties": {
        "name": "תל המתלקט",
        "styleUrl": "#poly-FFFFFF-2386-156-nodesc",
        "fill-opacity": 0.611764705882353,
        "fill": "#ffffff",
        "stroke-opacity": 1,
        "stroke": "#ffffff",
        "stroke-width": 2.386
      }
    },
    {
      "type": "Feature",
      "geometry": {
        "type": "Polygon",
        "coordinates": [
          [
            [
              8.535801,
              47.3690973,
              0
            ],
            [
              8.5353128,
              47.3689084,
              0
            ],
            [
              8.5362086,
              47.3688176,
              0
            ],
            [
              8.5368524,
              47.3687667,
              0
            ],
            [
              8.5371957,
              47.3686468,
              0
            ],
            [
              8.5372654,
              47.3686686,
              0
            ],
            [
              8.5374103,
              47.3687631,
              0
            ],
            [
              8.5372118,
              47.3688866,
              0
            ],
            [
              8.5370884,
              47.3689302,
              0
            ],
            [
              8.5365144,
              47.3690356,
              0
            ],
            [
              8.535801,
              47.3690973,
              0
            ]
          ]
        ]
      },
      "properties": {
        "name": "תל המתלקט",
        "styleUrl": "#poly-FFFFFF-2684-112-nodesc",
        "fill-opacity": 0.4392156862745098,
        "fill": "#ffffff",
        "stroke-opacity": 1,
        "stroke": "#ffffff",
        "stroke-width": 2.684
      }
    },
    {
      "type": "Feature",
      "geometry": {
        "type": "Polygon",
        "coordinates": [
          [
            [
              8.5375837,
              47.3686325,
              0
            ],
            [
              8.5373799,
              47.3685163,
              0
            ],
            [
              8.5381363,
              47.3676552,
              0
            ],
            [
              8.5384689,
              47.3676915,
              0
            ],
            [
              8.5375837,
              47.3686325,
              0
            ]
          ]
        ]
      },
      "properties": {
        "name": "תל המתלקט",
        "styleUrl": "#poly-FFFFFF-3082-135-nodesc",
        "fill-opacity": 0.5294117647058824,
        "fill": "#ffffff",
        "stroke-opacity": 1,
        "stroke": "#ffffff",
        "stroke-width": 3.082
      }
    },
    {
      "type": "Feature",
      "geometry": {
        "type": "Polygon",
        "coordinates": [
          [
            [
              8.5344273,
              47.370111,
              0
            ],
            [
              8.5346097,
              47.3699112,
              0
            ],
            [
              8.5346472,
              47.3698494,
              0
            ],
            [
              8.5351998,
              47.3689302,
              0
            ],
            [
              8.5353017,
              47.3689629,
              0
            ],
            [
              8.5356075,
              47.3690937,
              0
            ],
            [
              8.5354412,
              47.3691155,
              0
            ],
            [
              8.5351944,
              47.3695297,
              0
            ],
            [
              8.5347867,
              47.3700892,
              0
            ],
            [
              8.5346097,
              47.3702164,
              0
            ],
            [
              8.5344273,
              47.370111,
              0
            ]
          ]
        ]
      },
      "properties": {
        "name": "תל המתלקט",
        "styleUrl": "#poly-FFFFFF-3181-120-nodesc",
        "fill-opacity": 0.47058823529411764,
        "fill": "#ffffff",
        "stroke-opacity": 1,
        "stroke": "#ffffff",
        "stroke-width": 3.181
      }
    },
    {
      "type": "Feature",
      "geometry": {
        "type": "Polygon",
        "coordinates": [
          [
            [
              8.5333271,
              47.3719492,
              0
            ],
            [
              8.5327746,
              47.3714369,
              0
            ],
            [
              8.5323025,
              47.370961,
              0
            ],
            [
              8.5325171,
              47.3707212,
              0
            ],
            [
              8.5326566,
              47.3706122,
              0
            ],
            [
              8.5329194,
              47.3705541,
              0
            ],
            [
              8.5335417,
              47.370387,
              0
            ],
            [
              8.5338314,
              47.3703034,
              0
            ],
            [
              8.5342284,
              47.3701508,
              0
            ],
            [
              8.5344644,
              47.3703143,
              0
            ],
            [
              8.5343356,
              47.3703797,
              0
            ],
            [
              8.5338904,
              47.3705032,
              0
            ],
            [
              8.5332038,
              47.3706994,
              0
            ],
            [
              8.5325225,
              47.3709138,
              0
            ],
            [
              8.5325976,
              47.3710228,
              0
            ],
            [
              8.5331608,
              47.3716113,
              0
            ],
            [
              8.5335095,
              47.3718802,
              0
            ],
            [
              8.5333271,
              47.3719492,
              0
            ]
          ]
        ]
      },
      "properties": {
        "name": "תל המתלקט",
        "styleUrl": "#poly-FFFFFF-2585-135-nodesc",
        "fill-opacity": 0.5294117647058824,
        "fill": "#ffffff",
        "stroke-opacity": 1,
        "stroke": "#ffffff",
        "stroke-width": 2.585
      }
    },
    {
      "type": "Feature",
      "geometry": {
        "type": "Polygon",
        "coordinates": [
          [
            [
              8.5337402,
              47.3727085,
              0
            ],
            [
              8.5335712,
              47.3726976,
              0
            ],
            [
              8.5335685,
              47.3723488,
              0
            ],
            [
              8.5333861,
              47.3719892,
              0
            ],
            [
              8.5335417,
              47.3719201,
              0
            ],
            [
              8.5337509,
              47.3723379,
              0
            ],
            [
              8.5337402,
              47.3727085,
              0
            ]
          ]
        ]
      },
      "properties": {
        "name": "תל המתלקט",
        "styleUrl": "#poly-FFFFFF-2088-153-nodesc",
        "fill-opacity": 0.6,
        "fill": "#ffffff",
        "stroke-opacity": 1,
        "stroke": "#ffffff",
        "stroke-width": 2.088
      }
    },
    {
      "type": "Feature",
      "geometry": {
        "type": "Polygon",
        "coordinates": [
          [
            [
              8.5338765,
              47.3738835,
              0
            ],
            [
              8.5335761,
              47.3737364,
              0
            ],
            [
              8.5335466,
              47.3736093,
              0
            ],
            [
              8.5335788,
              47.3730298,
              0
            ],
            [
              8.533729,
              47.3729844,
              0
            ],
            [
              8.5337209,
              47.373691,
              0
            ],
            [
              8.5339355,
              47.3737963,
              0
            ],
            [
              8.5338765,
              47.3738835,
              0
            ]
          ]
        ]
      },
      "properties": {
        "name": "תל המתלקט",
        "styleUrl": "#poly-FFFFFF-2287-143-nodesc",
        "fill-opacity": 0.5607843137254902,
        "fill": "#ffffff",
        "stroke-opacity": 1,
        "stroke": "#ffffff",
        "stroke-width": 2.287
      }
    },
    {
      "type": "Feature",
      "geometry": {
        "type": "Polygon",
        "coordinates": [
          [
            [
              8.5339336,
              47.3739085,
              0
            ],
            [
              8.5340248,
              47.3738141,
              0
            ],
            [
              8.534513,
              47.3740139,
              0
            ],
            [
              8.534918,
              47.3741937,
              0
            ],
            [
              8.5352077,
              47.3743717,
              0
            ],
            [
              8.5350414,
              47.3744553,
              0
            ],
            [
              8.5339336,
              47.3739085,
              0
            ]
          ]
        ]
      },
      "properties": {
        "name": "תל המתלקט",
        "styleUrl": "#poly-FFFFFF-2585-150-nodesc",
        "fill-opacity": 0.5882352941176471,
        "fill": "#ffffff",
        "stroke-opacity": 1,
        "stroke": "#ffffff",
        "stroke-width": 2.585
      }
    },
    {
      "type": "Feature",
      "geometry": {
        "type": "Polygon",
        "coordinates": [
          [
            [
              8.5360026,
              47.375909,
              0
            ],
            [
              8.5357263,
              47.3759671,
              0
            ],
            [
              8.5356512,
              47.3758908,
              0
            ],
            [
              8.535721,
              47.37584,
              0
            ],
            [
              8.5354957,
              47.3752805,
              0
            ],
            [
              8.5352516,
              47.3746938,
              0
            ],
            [
              8.5350424,
              47.3745032,
              0
            ],
            [
              8.5352489,
              47.374405,
              0
            ],
            [
              8.5354366,
              47.3746048,
              0
            ],
            [
              8.5355198,
              47.3746811,
              0
            ],
            [
              8.5354796,
              47.3747029,
              0
            ],
            [
              8.5356405,
              47.375088,
              0
            ],
            [
              8.5359195,
              47.3756547,
              0
            ],
            [
              8.5358873,
              47.3756547,
              0
            ],
            [
              8.5360026,
              47.375909,
              0
            ]
          ]
        ]
      },
      "properties": {
        "name": "תל המתלקט",
        "styleUrl": "#poly-FFFFFF-2386-145-nodesc",
        "fill-opacity": 0.5686274509803921,
        "fill": "#ffffff",
        "stroke-opacity": 1,
        "stroke": "#ffffff",
        "stroke-width": 2.386
      }
    },
    {
      "type": "Feature",
      "geometry": {
        "type": "LineString",
        "coordinates": [
          [
            8.52315,
            47.3481754,
            0
          ],
          [
            8.5238873,
            47.3475888,
            0
          ],
          [
            8.5244184,
            47.3471926,
            0
          ],
          [
            8.5251909,
            47.3465783,
            0
          ],
          [
            8.5247939,
            47.3462694,
            0
          ],
          [
            8.5246866,
            47.3462112,
            0
          ],
          [
            8.5248207,
            47.3459386,
            0
          ],
          [
            8.5252874,
            47.3454152,
            0
          ],
          [
            8.5254162,
            47.3450517,
            0
          ],
          [
            8.5253947,
            47.3448409,
            0
          ],
          [
            8.5255717,
            47.3445137,
            0
          ],
          [
            8.5256093,
            47.3443102,
            0
          ],
          [
            8.5258185,
            47.3441103,
            0
          ],
          [
            8.5254859,
            47.3439467,
            0
          ],
          [
            8.5245096,
            47.3434742,
            0
          ],
          [
            8.5240509,
            47.343646,
            0
          ]
        ]
      },
      "properties": {
        "name": "קו 265",
        "styleUrl": "#line-000000-4488-nodesc",
        "stroke-opacity": 1,
        "stroke": "#000000",
        "stroke-width": 4.488
      }
    },
    {
      "type": "Feature",
      "geometry": {
        "type": "LineString",
        "coordinates": [
          [
            8.5240509,
            47.343646,
            0
          ],
          [
            8.524058,
            47.3436109,
            0
          ],
          [
            8.5241358,
            47.3435091,
            0
          ],
          [
            8.5242592,
            47.3434237,
            0
          ],
          [
            8.5241716,
            47.3433997,
            0
          ]
        ]
      },
      "properties": {
        "styleUrl": "#line-000000-4488-nodesc",
        "stroke-opacity": 1,
        "stroke": "#000000",
        "stroke-width": 4.488
      }
    }
  ]
}